query_id,split,film,role,group,distortion,length_s,true_offset_s,failed,v1-shipped_accepted,v1-shipped_correct,v1-shipped_offset_err_s,v1-tuned_accepted,v1-tuned_correct,v1-tuned_offset_err_s,v2-tuned_accepted,v2-tuned_correct,v2-tuned_offset_err_s
big-buck-bunny-000-original,val,big-buck-bunny,library,blender,original,10.0,82.553,False,True,True,0.197,True,True,0.197,True,True,0.053
big-buck-bunny-000-compression,val,big-buck-bunny,library,blender,compression,10.0,82.553,False,True,True,0.197,True,True,0.197,True,True,0.053
big-buck-bunny-000-downscale,val,big-buck-bunny,library,blender,downscale,10.0,82.553,False,True,True,0.197,True,True,0.197,True,True,0.053
big-buck-bunny-000-crop,val,big-buck-bunny,library,blender,crop,10.0,82.553,False,True,True,29.197,True,True,29.197,False,True,0.28
big-buck-bunny-000-letterbox,val,big-buck-bunny,library,blender,letterbox,10.0,82.553,False,True,True,0.303,True,True,0.303,True,True,0.22
big-buck-bunny-000-mirror,val,big-buck-bunny,library,blender,mirror,10.0,82.553,False,True,True,0.197,True,True,0.197,True,True,0.053
big-buck-bunny-000-color,val,big-buck-bunny,library,blender,color,10.0,82.553,False,True,True,0.197,True,True,0.197,True,True,0.053
big-buck-bunny-000-overlay,val,big-buck-bunny,library,blender,overlay,10.0,82.553,False,True,True,0.197,False,True,0.197,True,True,0.053
big-buck-bunny-000-speed,val,big-buck-bunny,library,blender,speed,10.0,82.553,False,True,True,1.697,True,True,1.697,True,True,1.28
big-buck-bunny-000-screen_recording,val,big-buck-bunny,library,blender,screen_recording,10.0,82.553,False,True,True,0.197,True,True,0.197,True,True,0.053
big-buck-bunny-001-original,test,big-buck-bunny,library,blender,original,10.0,111.028,False,True,True,0.222,True,True,0.222,True,True,0.028
big-buck-bunny-001-compression,test,big-buck-bunny,library,blender,compression,10.0,111.028,False,True,True,0.222,True,True,0.222,True,True,0.139
big-buck-bunny-001-downscale,test,big-buck-bunny,library,blender,downscale,10.0,111.028,False,True,True,0.222,True,True,0.222,True,True,0.028
big-buck-bunny-001-crop,test,big-buck-bunny,library,blender,crop,10.0,111.028,False,True,True,0.222,True,True,0.222,False,True,0.139
big-buck-bunny-001-letterbox,test,big-buck-bunny,library,blender,letterbox,10.0,111.028,False,True,True,0.278,True,True,0.278,True,True,0.139
big-buck-bunny-001-mirror,test,big-buck-bunny,library,blender,mirror,10.0,111.028,False,True,True,0.222,True,True,0.222,True,True,0.028
big-buck-bunny-001-color,test,big-buck-bunny,library,blender,color,10.0,111.028,False,True,True,0.222,True,True,0.222,True,True,0.139
big-buck-bunny-001-overlay,test,big-buck-bunny,library,blender,overlay,10.0,111.028,False,True,True,0.222,False,True,0.222,True,True,0.028
big-buck-bunny-001-speed,test,big-buck-bunny,library,blender,speed,10.0,111.028,False,True,True,1.722,True,True,1.722,True,True,1.305
big-buck-bunny-001-screen_recording,test,big-buck-bunny,library,blender,screen_recording,10.0,111.028,False,True,True,0.222,True,True,0.222,True,True,0.028
big-buck-bunny-002-original,val,big-buck-bunny,library,blender,original,3.0,183.656,False,True,True,0.406,True,True,0.406,False,True,0.011
big-buck-bunny-002-compression,val,big-buck-bunny,library,blender,compression,3.0,183.656,False,True,True,0.094,True,True,0.094,False,True,0.011
big-buck-bunny-002-downscale,val,big-buck-bunny,library,blender,downscale,3.0,183.656,False,True,True,0.406,True,True,0.406,False,True,0.011
big-buck-bunny-002-crop,val,big-buck-bunny,library,blender,crop,3.0,183.656,False,True,True,4.406,True,True,4.406,True,True,4.156
big-buck-bunny-002-letterbox,val,big-buck-bunny,library,blender,letterbox,3.0,183.656,False,True,True,0.094,True,True,0.094,False,True,0.156
big-buck-bunny-002-mirror,val,big-buck-bunny,library,blender,mirror,3.0,183.656,False,True,True,0.094,True,True,0.094,False,True,0.323
big-buck-bunny-002-color,val,big-buck-bunny,library,blender,color,3.0,183.656,False,True,True,0.094,True,True,0.094,False,True,0.011
big-buck-bunny-002-overlay,val,big-buck-bunny,library,blender,overlay,3.0,183.656,False,False,True,0.094,False,True,0.094,False,True,0.011
big-buck-bunny-002-speed,val,big-buck-bunny,library,blender,speed,3.0,183.656,False,True,True,0.594,True,True,0.594,False,True,0.344
big-buck-bunny-002-screen_recording,val,big-buck-bunny,library,blender,screen_recording,3.0,183.656,False,True,True,19.406,True,True,19.406,True,True,19.989
big-buck-bunny-003-original,test,big-buck-bunny,library,blender,original,3.0,221.412,False,False,True,0.338,False,True,0.338,True,True,0.088
big-buck-bunny-003-compression,test,big-buck-bunny,library,blender,compression,3.0,221.412,False,False,True,0.338,False,True,0.338,True,True,0.079
big-buck-bunny-003-downscale,test,big-buck-bunny,library,blender,downscale,3.0,221.412,False,False,True,0.162,False,True,0.162,True,True,0.079
big-buck-bunny-003-crop,test,big-buck-bunny,library,blender,crop,3.0,221.412,False,True,True,0.162,True,True,0.162,True,True,0.088
big-buck-bunny-003-letterbox,test,big-buck-bunny,library,blender,letterbox,3.0,221.412,False,True,True,0.338,False,True,0.338,True,True,0.245
big-buck-bunny-003-mirror,test,big-buck-bunny,library,blender,mirror,3.0,221.412,False,False,True,0.338,False,True,0.338,True,True,0.088
big-buck-bunny-003-color,test,big-buck-bunny,library,blender,color,3.0,221.412,False,False,True,0.338,False,True,0.338,True,True,0.088
big-buck-bunny-003-overlay,test,big-buck-bunny,library,blender,overlay,3.0,221.412,False,False,True,0.162,False,True,0.162,True,True,0.088
big-buck-bunny-003-speed,test,big-buck-bunny,library,blender,speed,3.0,221.412,False,True,True,0.838,True,True,0.838,True,True,0.255
big-buck-bunny-003-screen_recording,test,big-buck-bunny,library,blender,screen_recording,3.0,221.412,False,False,True,0.162,False,True,0.162,True,True,0.088
big-buck-bunny-004-original,test,big-buck-bunny,library,blender,original,3.0,249.298,False,True,True,0.048,True,True,0.048,True,True,0.035
big-buck-bunny-004-compression,test,big-buck-bunny,library,blender,compression,3.0,249.298,False,True,True,0.048,True,True,0.048,True,True,0.035
big-buck-bunny-004-downscale,test,big-buck-bunny,library,blender,downscale,3.0,249.298,False,True,True,0.048,True,True,0.048,True,True,0.035
big-buck-bunny-004-crop,test,big-buck-bunny,library,blender,crop,3.0,249.298,False,True,True,0.048,False,True,0.048,False,True,0.298
big-buck-bunny-004-letterbox,test,big-buck-bunny,library,blender,letterbox,3.0,249.298,False,True,True,0.048,False,True,0.048,True,True,0.131
big-buck-bunny-004-mirror,test,big-buck-bunny,library,blender,mirror,3.0,249.298,False,True,True,0.048,True,True,0.048,True,True,0.035
big-buck-bunny-004-color,test,big-buck-bunny,library,blender,color,3.0,249.298,False,True,True,0.048,True,True,0.048,True,True,0.035
big-buck-bunny-004-overlay,test,big-buck-bunny,library,blender,overlay,3.0,249.298,False,False,True,0.048,False,True,0.048,True,True,0.131
big-buck-bunny-004-speed,test,big-buck-bunny,library,blender,speed,3.0,249.298,False,False,True,0.452,False,True,0.452,True,True,0.202
big-buck-bunny-004-screen_recording,test,big-buck-bunny,library,blender,screen_recording,3.0,249.298,False,True,True,0.048,True,True,0.048,True,True,0.035
big-buck-bunny-005-original,test,big-buck-bunny,library,blender,original,10.0,310.52,False,True,True,0.23,True,True,0.23,True,True,0.02
big-buck-bunny-005-compression,test,big-buck-bunny,library,blender,compression,10.0,310.52,False,False,True,0.23,False,True,0.23,True,True,0.02
big-buck-bunny-005-downscale,test,big-buck-bunny,library,blender,downscale,10.0,310.52,False,False,True,0.23,False,True,0.23,True,True,0.02
big-buck-bunny-005-crop,test,big-buck-bunny,library,blender,crop,10.0,310.52,False,True,True,0.23,True,True,0.23,False,True,0.02
big-buck-bunny-005-letterbox,test,big-buck-bunny,library,blender,letterbox,10.0,310.52,False,False,True,0.23,False,True,0.23,True,True,0.147
big-buck-bunny-005-mirror,test,big-buck-bunny,library,blender,mirror,10.0,310.52,False,True,True,0.23,True,True,0.23,True,True,0.02
big-buck-bunny-005-color,test,big-buck-bunny,library,blender,color,10.0,310.52,False,False,True,0.23,False,True,0.23,True,True,0.02
big-buck-bunny-005-overlay,test,big-buck-bunny,library,blender,overlay,10.0,310.52,False,False,True,0.23,False,True,0.23,True,True,0.02
big-buck-bunny-005-speed,test,big-buck-bunny,library,blender,speed,10.0,310.52,False,True,True,0.73,True,True,0.73,True,True,1.147
big-buck-bunny-005-screen_recording,test,big-buck-bunny,library,blender,screen_recording,10.0,310.52,False,True,True,0.23,False,True,0.23,True,True,0.02
big-buck-bunny-006-original,val,big-buck-bunny,library,blender,original,3.0,351.495,False,False,True,0.255,False,True,0.255,True,True,0.005
big-buck-bunny-006-compression,val,big-buck-bunny,library,blender,compression,3.0,351.495,False,False,True,0.745,False,True,0.745,True,True,0.338
big-buck-bunny-006-downscale,val,big-buck-bunny,library,blender,downscale,3.0,351.495,False,False,True,0.745,False,True,0.745,True,True,0.005
big-buck-bunny-006-crop,val,big-buck-bunny,library,blender,crop,3.0,351.495,False,True,True,0.755,True,True,0.755,True,True,1.162
big-buck-bunny-006-letterbox,val,big-buck-bunny,library,blender,letterbox,3.0,351.495,False,True,True,0.255,False,True,0.255,True,True,1.495
big-buck-bunny-006-mirror,val,big-buck-bunny,library,blender,mirror,3.0,351.495,False,False,True,0.255,False,True,0.255,True,True,0.005
big-buck-bunny-006-color,val,big-buck-bunny,library,blender,color,3.0,351.495,False,False,True,9.255,False,True,9.255,True,True,9.338
big-buck-bunny-006-overlay,val,big-buck-bunny,library,blender,overlay,3.0,351.495,False,False,True,0.255,False,True,0.255,True,True,0.162
big-buck-bunny-006-speed,val,big-buck-bunny,library,blender,speed,3.0,351.495,False,True,True,0.755,True,True,0.755,True,True,0.338
big-buck-bunny-006-screen_recording,val,big-buck-bunny,library,blender,screen_recording,3.0,351.495,False,False,True,0.255,False,True,0.255,True,True,0.005
big-buck-bunny-007-original,val,big-buck-bunny,library,blender,original,3.0,396.903,False,True,True,0.347,True,True,0.347,True,True,0.097
big-buck-bunny-007-compression,val,big-buck-bunny,library,blender,compression,3.0,396.903,False,False,True,0.347,False,True,0.347,True,True,0.07
big-buck-bunny-007-downscale,val,big-buck-bunny,library,blender,downscale,3.0,396.903,False,False,True,0.347,False,True,0.347,True,True,0.07
big-buck-bunny-007-crop,val,big-buck-bunny,library,blender,crop,3.0,396.903,False,True,True,0.347,False,True,0.347,True,True,0.097
big-buck-bunny-007-letterbox,val,big-buck-bunny,library,blender,letterbox,3.0,396.903,False,True,True,0.347,False,True,0.347,True,True,0.097
big-buck-bunny-007-mirror,val,big-buck-bunny,library,blender,mirror,3.0,396.903,False,True,True,0.347,True,True,0.347,True,True,0.264
big-buck-bunny-007-color,val,big-buck-bunny,library,blender,color,3.0,396.903,False,True,True,0.347,True,True,0.347,True,True,0.07
big-buck-bunny-007-overlay,val,big-buck-bunny,library,blender,overlay,3.0,396.903,False,False,True,0.347,False,True,0.347,True,True,0.07
big-buck-bunny-007-speed,val,big-buck-bunny,library,blender,speed,3.0,396.903,False,True,True,0.347,True,True,0.347,True,True,0.43
big-buck-bunny-007-screen_recording,val,big-buck-bunny,library,blender,screen_recording,3.0,396.903,False,True,True,0.347,False,True,0.347,True,True,0.097
big-buck-bunny-008-original,val,big-buck-bunny,library,blender,original,3.0,474.283,False,True,True,0.033,True,True,0.033,True,True,0.05
big-buck-bunny-008-compression,val,big-buck-bunny,library,blender,compression,3.0,474.283,False,True,True,0.033,True,True,0.033,True,True,0.05
big-buck-bunny-008-downscale,val,big-buck-bunny,library,blender,downscale,3.0,474.283,False,True,True,0.033,True,True,0.033,True,True,0.283
big-buck-bunny-008-crop,val,big-buck-bunny,library,blender,crop,3.0,474.283,False,True,True,0.033,True,True,0.033,True,True,0.384
big-buck-bunny-008-letterbox,val,big-buck-bunny,library,blender,letterbox,3.0,474.283,False,True,True,0.033,True,True,0.033,True,True,0.116
big-buck-bunny-008-mirror,val,big-buck-bunny,library,blender,mirror,3.0,474.283,False,True,True,0.033,True,True,0.033,True,True,0.283
big-buck-bunny-008-color,val,big-buck-bunny,library,blender,color,3.0,474.283,False,True,True,0.033,True,True,0.033,True,True,0.05
big-buck-bunny-008-overlay,val,big-buck-bunny,library,blender,overlay,3.0,474.283,False,False,True,0.033,False,True,0.033,True,True,0.05
big-buck-bunny-008-speed,val,big-buck-bunny,library,blender,speed,3.0,474.283,False,True,True,0.467,True,True,0.467,True,True,0.217
big-buck-bunny-008-screen_recording,val,big-buck-bunny,library,blender,screen_recording,3.0,474.283,False,True,True,0.033,True,True,0.033,True,True,0.283
big-buck-bunny-009-original,test,big-buck-bunny,library,blender,original,3.0,523.938,False,True,True,1.312,True,True,1.312,True,True,0.895
big-buck-bunny-009-compression,test,big-buck-bunny,library,blender,compression,3.0,523.938,False,True,True,0.312,False,True,0.312,True,True,0.729
big-buck-bunny-009-downscale,test,big-buck-bunny,library,blender,downscale,3.0,523.938,False,True,True,0.812,True,True,0.812,True,True,0.729
big-buck-bunny-009-crop,test,big-buck-bunny,library,blender,crop,3.0,523.938,False,False,True,1.812,False,True,1.812,False,True,1.229
big-buck-bunny-009-letterbox,test,big-buck-bunny,library,blender,letterbox,3.0,523.938,False,True,True,1.312,False,True,1.312,False,True,0.729
big-buck-bunny-009-mirror,test,big-buck-bunny,library,blender,mirror,3.0,523.938,False,True,True,0.312,True,True,0.312,False,True,1.062
big-buck-bunny-009-color,test,big-buck-bunny,library,blender,color,3.0,523.938,False,True,True,0.812,True,True,0.812,True,True,0.895
big-buck-bunny-009-overlay,test,big-buck-bunny,library,blender,overlay,3.0,523.938,False,False,True,0.312,False,True,0.312,False,True,1.395
big-buck-bunny-009-speed,test,big-buck-bunny,library,blender,speed,3.0,523.938,False,True,True,0.312,True,True,0.312,True,True,0.395
big-buck-bunny-009-screen_recording,test,big-buck-bunny,library,blender,screen_recording,3.0,523.938,False,False,True,0.312,False,True,0.312,False,True,1.395
big-buck-bunny-010-original,val,big-buck-bunny,library,blender,original,10.0,538.964,False,True,True,0.286,True,True,0.286,True,True,0.036
big-buck-bunny-010-compression,val,big-buck-bunny,library,blender,compression,10.0,538.964,False,True,True,0.286,True,True,0.286,True,True,0.036
big-buck-bunny-010-downscale,val,big-buck-bunny,library,blender,downscale,10.0,538.964,False,True,True,0.286,True,True,0.286,True,True,0.036
big-buck-bunny-010-crop,val,big-buck-bunny,library,blender,crop,10.0,538.964,False,False,True,1.786,False,True,1.786,True,True,1.203
big-buck-bunny-010-letterbox,val,big-buck-bunny,library,blender,letterbox,10.0,538.964,False,False,False,94.286,False,False,94.286,False,False,94.369
big-buck-bunny-010-mirror,val,big-buck-bunny,library,blender,mirror,10.0,538.964,False,True,True,55.786,False,True,55.786,False,True,56.203
big-buck-bunny-010-color,val,big-buck-bunny,library,blender,color,10.0,538.964,False,True,True,0.286,True,True,0.286,True,True,0.036
big-buck-bunny-010-overlay,val,big-buck-bunny,library,blender,overlay,10.0,538.964,False,True,True,0.286,True,True,0.286,True,True,0.036
big-buck-bunny-010-speed,val,big-buck-bunny,library,blender,speed,10.0,538.964,False,True,True,1.286,True,True,1.286,True,True,1.036
big-buck-bunny-010-screen_recording,val,big-buck-bunny,library,blender,screen_recording,10.0,538.964,False,True,True,51.286,False,True,51.286,False,True,51.203
sintel-000-original,test,sintel,library,blender,original,5.0,108.752,False,True,True,0.002,True,True,0.002,True,True,0.085
sintel-000-compression,test,sintel,library,blender,compression,5.0,108.752,False,False,False,73.498,False,False,73.498,False,True,0.085
sintel-000-downscale,test,sintel,library,blender,downscale,5.0,108.752,False,False,True,0.002,False,True,0.002,False,True,0.081
sintel-000-crop,test,sintel,library,blender,crop,5.0,108.752,False,False,True,0.002,False,True,0.002,False,True,0.081
sintel-000-letterbox,test,sintel,library,blender,letterbox,5.0,108.752,False,False,True,0.002,False,True,0.002,False,True,0.581
sintel-000-mirror,test,sintel,library,blender,mirror,5.0,108.752,False,True,True,0.002,True,True,0.002,True,True,0.085
sintel-000-color,test,sintel,library,blender,color,5.0,108.752,False,False,False,73.498,False,False,73.498,False,False,73.581
sintel-000-overlay,test,sintel,library,blender,overlay,5.0,108.752,False,False,True,0.002,False,True,0.002,True,True,0.081
sintel-000-speed,test,sintel,library,blender,speed,5.0,108.752,False,True,True,0.002,True,True,0.002,True,True,0.581
sintel-000-screen_recording,test,sintel,library,blender,screen_recording,5.0,108.752,False,False,True,0.498,False,True,0.498,False,True,0.248
sintel-001-original,val,sintel,library,blender,original,5.0,149.892,False,False,True,0.358,False,True,0.358,True,True,0.225
sintel-001-compression,val,sintel,library,blender,compression,5.0,149.892,False,False,True,0.142,False,True,0.142,False,True,0.225
sintel-001-downscale,val,sintel,library,blender,downscale,5.0,149.892,False,False,True,0.142,False,True,0.142,True,True,0.225
sintel-001-crop,val,sintel,library,blender,crop,5.0,149.892,False,False,True,0.358,False,True,0.358,True,True,0.059
sintel-001-letterbox,val,sintel,library,blender,letterbox,5.0,149.892,False,False,True,0.642,False,True,0.642,False,True,0.559
sintel-001-mirror,val,sintel,library,blender,mirror,5.0,149.892,False,False,True,0.358,False,True,0.358,True,True,0.059
sintel-001-color,val,sintel,library,blender,color,5.0,149.892,False,False,True,0.142,False,True,0.142,False,True,0.059
sintel-001-overlay,val,sintel,library,blender,overlay,5.0,149.892,False,False,True,0.142,False,True,0.142,True,True,0.059
sintel-001-speed,val,sintel,library,blender,speed,5.0,149.892,False,False,True,0.358,False,True,0.358,True,True,0.441
sintel-001-screen_recording,val,sintel,library,blender,screen_recording,5.0,149.892,False,False,True,0.142,False,True,0.142,False,True,0.225
sintel-002-original,test,sintel,library,blender,original,3.0,171.179,False,False,True,0.071,False,True,0.071,True,True,0.012
sintel-002-compression,test,sintel,library,blender,compression,3.0,171.179,False,True,True,0.071,True,True,0.071,True,True,0.179
sintel-002-downscale,test,sintel,library,blender,downscale,3.0,171.179,False,False,True,0.071,False,True,0.071,True,True,0.012
sintel-002-crop,test,sintel,library,blender,crop,3.0,171.179,False,True,True,0.429,False,True,0.429,False,True,0.012
sintel-002-letterbox,test,sintel,library,blender,letterbox,3.0,171.179,False,True,True,0.429,True,True,0.429,True,True,0.512
sintel-002-mirror,test,sintel,library,blender,mirror,3.0,171.179,False,False,True,0.071,False,True,0.071,True,True,0.012
sintel-002-color,test,sintel,library,blender,color,3.0,171.179,False,True,True,0.071,True,True,0.071,True,True,0.012
sintel-002-overlay,test,sintel,library,blender,overlay,3.0,171.179,False,False,True,0.071,False,True,0.071,True,True,0.012
sintel-002-speed,test,sintel,library,blender,speed,3.0,171.179,False,False,True,0.071,False,True,0.071,True,True,0.154
sintel-002-screen_recording,test,sintel,library,blender,screen_recording,3.0,171.179,False,False,True,0.071,False,True,0.071,True,True,0.154
sintel-003-original,test,sintel,library,blender,original,10.0,254.202,False,False,True,0.048,False,True,0.048,True,True,0.035
sintel-003-compression,test,sintel,library,blender,compression,10.0,254.202,False,False,True,0.048,False,True,0.048,True,True,0.035
sintel-003-downscale,test,sintel,library,blender,downscale,10.0,254.202,False,False,True,0.048,False,True,0.048,False,True,0.035
sintel-003-crop,test,sintel,library,blender,crop,10.0,254.202,False,False,True,0.048,False,True,0.048,False,True,0.131
sintel-003-letterbox,test,sintel,library,blender,letterbox,10.0,254.202,False,False,False,263.048,False,False,263.048,False,True,0.035
sintel-003-mirror,test,sintel,library,blender,mirror,10.0,254.202,False,False,True,0.048,False,True,0.048,True,True,0.035
sintel-003-color,test,sintel,library,blender,color,10.0,254.202,False,False,True,0.048,False,True,0.048,True,True,0.035
sintel-003-overlay,test,sintel,library,blender,overlay,10.0,254.202,False,False,True,0.048,False,True,0.048,True,True,0.035
sintel-003-speed,test,sintel,library,blender,speed,10.0,254.202,False,False,True,0.548,False,True,0.548,False,True,0.798
sintel-003-screen_recording,test,sintel,library,blender,screen_recording,10.0,254.202,False,False,True,0.048,False,True,0.048,True,True,0.035
sintel-004-original,test,sintel,library,blender,original,10.0,279.965,False,False,True,0.215,False,True,0.215,True,True,0.132
sintel-004-compression,test,sintel,library,blender,compression,10.0,279.965,False,False,True,0.215,False,True,0.215,False,True,0.132
sintel-004-downscale,test,sintel,library,blender,downscale,10.0,279.965,False,False,True,0.215,False,True,0.215,True,True,0.035
sintel-004-crop,test,sintel,library,blender,crop,10.0,279.965,False,False,True,0.285,False,True,0.285,False,True,0.298
sintel-004-letterbox,test,sintel,library,blender,letterbox,10.0,279.965,False,False,True,0.215,False,True,0.215,False,True,0.132
sintel-004-mirror,test,sintel,library,blender,mirror,10.0,279.965,False,False,True,0.215,False,True,0.215,True,True,0.132
sintel-004-color,test,sintel,library,blender,color,10.0,279.965,False,False,True,0.215,False,True,0.215,True,True,0.035
sintel-004-overlay,test,sintel,library,blender,overlay,10.0,279.965,False,False,True,0.285,False,True,0.285,True,True,0.132
sintel-004-speed,test,sintel,library,blender,speed,10.0,279.965,False,True,True,1.285,True,True,1.285,True,True,0.868
sintel-004-screen_recording,test,sintel,library,blender,screen_recording,10.0,279.965,False,False,True,0.285,False,True,0.285,False,True,0.035
sintel-005-original,val,sintel,library,blender,original,3.0,354.946,False,False,True,0.196,False,True,0.196,True,True,0.054
sintel-005-compression,val,sintel,library,blender,compression,3.0,354.946,False,False,False,4359.804,False,False,4359.804,False,True,0.779
sintel-005-downscale,val,sintel,library,blender,downscale,3.0,354.946,False,False,True,0.304,False,True,0.304,False,True,0.446
sintel-005-crop,val,sintel,library,blender,crop,3.0,354.946,False,False,True,0.196,False,True,0.196,True,True,0.113
sintel-005-letterbox,val,sintel,library,blender,letterbox,3.0,354.946,False,False,True,0.196,False,True,0.196,True,True,0.113
sintel-005-mirror,val,sintel,library,blender,mirror,3.0,354.946,False,False,True,0.196,False,True,0.196,True,True,0.054
sintel-005-color,val,sintel,library,blender,color,3.0,354.946,False,False,True,0.196,False,True,0.196,True,True,0.113
sintel-005-overlay,val,sintel,library,blender,overlay,3.0,354.946,False,False,True,0.196,False,True,0.196,True,True,0.113
sintel-005-speed,val,sintel,library,blender,speed,3.0,354.946,False,False,True,0.304,False,True,0.304,True,True,0.221
sintel-005-screen_recording,val,sintel,library,blender,screen_recording,3.0,354.946,False,False,True,0.696,False,True,0.696,False,True,1.113
sintel-006-original,val,sintel,library,blender,original,5.0,381.776,False,False,True,0.026,False,True,0.026,True,True,0.057
sintel-006-compression,val,sintel,library,blender,compression,5.0,381.776,False,False,True,0.026,False,True,0.026,True,True,0.057
sintel-006-downscale,val,sintel,library,blender,downscale,5.0,381.776,False,False,True,0.026,False,True,0.026,True,True,0.057
sintel-006-crop,val,sintel,library,blender,crop,5.0,381.776,False,False,True,0.026,False,True,0.026,True,True,0.057
sintel-006-letterbox,val,sintel,library,blender,letterbox,5.0,381.776,False,False,True,0.026,False,True,0.026,True,True,0.109
sintel-006-mirror,val,sintel,library,blender,mirror,5.0,381.776,False,False,True,0.026,False,True,0.026,True,True,0.057
sintel-006-color,val,sintel,library,blender,color,5.0,381.776,False,False,True,0.026,False,True,0.026,True,True,0.057
sintel-006-overlay,val,sintel,library,blender,overlay,5.0,381.776,False,False,True,0.026,False,True,0.026,True,True,0.057
sintel-006-speed,val,sintel,library,blender,speed,5.0,381.776,False,False,True,0.974,False,True,0.974,True,True,0.391
sintel-006-screen_recording,val,sintel,library,blender,screen_recording,5.0,381.776,False,False,True,0.026,False,True,0.026,False,True,0.057
sintel-007-original,val,sintel,library,blender,original,3.0,457.196,False,True,True,0.054,True,True,0.054,True,True,0.137
sintel-007-compression,val,sintel,library,blender,compression,3.0,457.196,False,False,True,0.054,False,True,0.054,False,True,0.137
sintel-007-downscale,val,sintel,library,blender,downscale,3.0,457.196,False,True,True,0.054,False,True,0.054,True,True,0.137
sintel-007-crop,val,sintel,library,blender,crop,3.0,457.196,False,False,True,7.946,False,True,7.946,False,True,7.863
sintel-007-letterbox,val,sintel,library,blender,letterbox,3.0,457.196,False,False,True,0.054,False,True,0.054,False,True,0.696
sintel-007-mirror,val,sintel,library,blender,mirror,3.0,457.196,False,True,True,0.054,True,True,0.054,True,True,0.137
sintel-007-color,val,sintel,library,blender,color,3.0,457.196,False,True,True,0.054,True,True,0.054,True,True,0.029
sintel-007-overlay,val,sintel,library,blender,overlay,3.0,457.196,False,True,True,0.054,False,True,0.054,True,True,0.137
sintel-007-speed,val,sintel,library,blender,speed,3.0,457.196,False,True,True,0.554,True,True,0.554,True,True,0.471
sintel-007-screen_recording,val,sintel,library,blender,screen_recording,3.0,457.196,False,False,True,12.946,False,True,12.946,False,True,0.137
sintel-008-original,test,sintel,library,blender,original,5.0,509.359,False,True,True,0.109,True,True,0.109,True,True,0.026
sintel-008-compression,test,sintel,library,blender,compression,5.0,509.359,False,True,True,0.391,True,True,0.391,True,True,0.308
sintel-008-downscale,test,sintel,library,blender,downscale,5.0,509.359,False,False,True,0.391,False,True,0.391,False,True,0.141
sintel-008-crop,test,sintel,library,blender,crop,5.0,509.359,False,False,True,0.109,False,True,0.109,True,True,0.141
sintel-008-letterbox,test,sintel,library,blender,letterbox,5.0,509.359,False,True,True,6.891,True,True,6.891,False,True,6.474
sintel-008-mirror,test,sintel,library,blender,mirror,5.0,509.359,False,True,True,0.109,True,True,0.109,True,True,0.026
sintel-008-color,test,sintel,library,blender,color,5.0,509.359,False,True,True,0.391,False,True,0.391,False,True,0.308
sintel-008-overlay,test,sintel,library,blender,overlay,5.0,509.359,False,False,True,0.109,False,True,0.109,True,True,0.026
sintel-008-speed,test,sintel,library,blender,speed,5.0,509.359,False,True,True,0.391,True,True,0.391,True,True,0.474
sintel-008-screen_recording,test,sintel,library,blender,screen_recording,5.0,509.359,False,True,True,0.891,False,True,0.891,False,True,0.026
sintel-009-original,val,sintel,library,blender,original,10.0,523.692,False,True,True,0.058,True,True,0.058,True,True,0.025
sintel-009-compression,val,sintel,library,blender,compression,10.0,523.692,False,False,True,0.058,False,True,0.058,False,True,0.025
sintel-009-downscale,val,sintel,library,blender,downscale,10.0,523.692,False,True,True,0.058,False,True,0.058,True,True,0.025
sintel-009-crop,val,sintel,library,blender,crop,10.0,523.692,False,True,True,0.058,True,True,0.058,True,True,0.025
sintel-009-letterbox,val,sintel,library,blender,letterbox,10.0,523.692,False,True,True,0.058,False,True,0.058,True,True,0.025
sintel-009-mirror,val,sintel,library,blender,mirror,10.0,523.692,False,True,True,0.058,True,True,0.058,True,True,0.025
sintel-009-color,val,sintel,library,blender,color,10.0,523.692,False,False,True,0.058,False,True,0.058,True,True,0.025
sintel-009-overlay,val,sintel,library,blender,overlay,10.0,523.692,False,False,True,0.058,False,True,0.058,False,True,0.025
sintel-009-speed,val,sintel,library,blender,speed,10.0,523.692,False,True,True,0.558,True,True,0.558,True,True,0.975
sintel-009-screen_recording,val,sintel,library,blender,screen_recording,10.0,523.692,False,True,True,0.058,False,True,0.058,True,True,0.141
sintel-010-original,test,sintel,library,blender,original,3.0,602.317,False,False,True,0.067,False,True,0.067,True,True,0.016
sintel-010-compression,test,sintel,library,blender,compression,3.0,602.317,False,False,True,0.067,False,True,0.067,False,True,0.016
sintel-010-downscale,test,sintel,library,blender,downscale,3.0,602.317,False,False,True,0.067,False,True,0.067,False,True,0.016
sintel-010-crop,test,sintel,library,blender,crop,3.0,602.317,False,False,True,0.067,False,True,0.067,True,True,0.016
sintel-010-letterbox,test,sintel,library,blender,letterbox,3.0,602.317,False,False,True,0.067,False,True,0.067,False,True,0.016
sintel-010-mirror,test,sintel,library,blender,mirror,3.0,602.317,False,False,True,0.067,False,True,0.067,True,True,0.016
sintel-010-color,test,sintel,library,blender,color,3.0,602.317,False,False,False,4250.933,False,False,4250.933,False,False,263.817
sintel-010-overlay,test,sintel,library,blender,overlay,3.0,602.317,False,False,True,0.067,False,True,0.067,False,True,0.016
sintel-010-speed,test,sintel,library,blender,speed,3.0,602.317,False,False,True,0.433,False,True,0.433,True,True,0.35
sintel-010-screen_recording,test,sintel,library,blender,screen_recording,3.0,602.317,False,False,True,0.067,False,True,0.067,False,True,0.016
sintel-011-original,val,sintel,library,blender,original,5.0,634.257,False,False,True,0.007,False,True,0.007,True,True,0.076
sintel-011-compression,val,sintel,library,blender,compression,5.0,634.257,False,False,True,0.507,False,True,0.507,False,True,0.424
sintel-011-downscale,val,sintel,library,blender,downscale,5.0,634.257,False,False,True,0.007,False,True,0.007,True,True,0.09
sintel-011-crop,val,sintel,library,blender,crop,5.0,634.257,False,True,True,0.007,False,True,0.007,True,True,0.09
sintel-011-letterbox,val,sintel,library,blender,letterbox,5.0,634.257,False,True,True,0.007,False,True,0.007,True,True,0.09
sintel-011-mirror,val,sintel,library,blender,mirror,5.0,634.257,False,False,True,0.007,False,True,0.007,True,True,0.076
sintel-011-color,val,sintel,library,blender,color,5.0,634.257,False,False,True,0.007,False,True,0.007,True,True,0.076
sintel-011-overlay,val,sintel,library,blender,overlay,5.0,634.257,False,False,True,0.007,False,True,0.007,True,True,0.076
sintel-011-speed,val,sintel,library,blender,speed,5.0,634.257,False,True,True,0.993,True,True,0.993,True,True,0.576
sintel-011-screen_recording,val,sintel,library,blender,screen_recording,5.0,634.257,False,True,True,0.493,False,True,0.493,True,True,0.09
sintel-012-original,test,sintel,library,blender,original,10.0,688.259,False,False,True,0.009,False,True,0.009,True,True,0.074
sintel-012-compression,test,sintel,library,blender,compression,10.0,688.259,False,True,True,18.991,True,True,18.991,False,True,19.074
sintel-012-downscale,test,sintel,library,blender,downscale,10.0,688.259,False,False,True,0.009,False,True,0.009,False,True,0.426
sintel-012-crop,test,sintel,library,blender,crop,10.0,688.259,False,True,True,3.509,True,True,3.509,False,True,2.926
sintel-012-letterbox,test,sintel,library,blender,letterbox,10.0,688.259,False,False,True,4.009,False,True,4.009,False,True,5.259
sintel-012-mirror,test,sintel,library,blender,mirror,10.0,688.259,False,True,True,0.009,True,True,0.009,True,True,0.259
sintel-012-color,test,sintel,library,blender,color,10.0,688.259,False,False,True,0.009,False,True,0.009,True,True,0.074
sintel-012-overlay,test,sintel,library,blender,overlay,10.0,688.259,False,True,True,0.009,False,True,0.009,True,True,0.259
sintel-012-speed,test,sintel,library,blender,speed,10.0,688.259,False,True,True,0.991,True,True,0.991,True,True,0.741
sintel-012-screen_recording,test,sintel,library,blender,screen_recording,10.0,688.259,False,False,True,17.491,False,True,17.491,False,True,17.741
sintel-013-original,val,sintel,library,blender,original,5.0,745.961,False,False,True,0.289,False,True,0.289,False,True,0.039
sintel-013-compression,val,sintel,library,blender,compression,5.0,745.961,False,False,True,0.211,False,True,0.211,False,True,0.128
sintel-013-downscale,val,sintel,library,blender,downscale,5.0,745.961,False,False,True,0.211,False,True,0.211,False,True,0.294
sintel-013-crop,val,sintel,library,blender,crop,5.0,745.961,False,False,True,0.289,False,True,0.289,False,True,0.039
sintel-013-letterbox,val,sintel,library,blender,letterbox,5.0,745.961,False,False,True,0.289,False,True,0.289,False,True,0.206
sintel-013-mirror,val,sintel,library,blender,mirror,5.0,745.961,False,False,False,144.711,False,False,144.711,False,False,144.294
sintel-013-color,val,sintel,library,blender,color,5.0,745.961,False,False,True,0.289,False,True,0.289,False,True,0.039
sintel-013-overlay,val,sintel,library,blender,overlay,5.0,745.961,False,False,True,0.289,False,True,0.289,False,True,0.128
sintel-013-speed,val,sintel,library,blender,speed,5.0,745.961,False,False,True,0.789,False,True,0.789,False,True,0.706
sintel-013-screen_recording,val,sintel,library,blender,screen_recording,5.0,745.961,False,False,True,0.211,False,True,0.211,False,True,0.128
sintel-014-original,val,sintel,library,blender,original,5.0,778.05,False,False,True,0.2,False,True,0.2,True,True,0.05
sintel-014-compression,val,sintel,library,blender,compression,5.0,778.05,False,False,True,0.2,False,True,0.2,True,True,0.05
sintel-014-downscale,val,sintel,library,blender,downscale,5.0,778.05,False,False,True,0.2,False,True,0.2,True,True,0.117
sintel-014-crop,val,sintel,library,blender,crop,5.0,778.05,False,False,True,0.2,False,True,0.2,False,True,0.617
sintel-014-letterbox,val,sintel,library,blender,letterbox,5.0,778.05,False,False,False,189.8,False,False,189.8,False,False,188.05
sintel-014-mirror,val,sintel,library,blender,mirror,5.0,778.05,False,False,False,192.8,False,False,192.8,False,False,175.217
sintel-014-color,val,sintel,library,blender,color,5.0,778.05,False,False,True,0.2,False,True,0.2,True,True,0.217
sintel-014-overlay,val,sintel,library,blender,overlay,5.0,778.05,False,False,True,0.2,False,True,0.2,True,True,0.117
sintel-014-speed,val,sintel,library,blender,speed,5.0,778.05,False,False,True,0.2,False,True,0.2,True,True,0.617
sintel-014-screen_recording,val,sintel,library,blender,screen_recording,5.0,778.05,False,False,True,0.7,False,True,0.7,False,True,0.45
tears-of-steel-000-original,test,tears-of-steel,library,blender,original,10.0,81.27,False,False,True,0.02,False,True,0.02,True,True,0.063
tears-of-steel-000-compression,test,tears-of-steel,library,blender,compression,10.0,81.27,False,False,True,0.02,False,True,0.02,True,True,0.103
tears-of-steel-000-downscale,test,tears-of-steel,library,blender,downscale,10.0,81.27,False,False,True,0.02,False,True,0.02,True,True,0.103
tears-of-steel-000-crop,test,tears-of-steel,library,blender,crop,10.0,81.27,False,False,True,0.48,False,True,0.48,True,True,0.27
tears-of-steel-000-letterbox,test,tears-of-steel,library,blender,letterbox,10.0,81.27,False,False,True,0.02,False,True,0.02,False,True,0.103
tears-of-steel-000-mirror,test,tears-of-steel,library,blender,mirror,10.0,81.27,False,True,True,0.02,True,True,0.02,True,True,0.103
tears-of-steel-000-color,test,tears-of-steel,library,blender,color,10.0,81.27,False,True,True,0.02,True,True,0.02,True,True,0.063
tears-of-steel-000-overlay,test,tears-of-steel,library,blender,overlay,10.0,81.27,False,False,True,0.02,False,True,0.02,True,True,0.063
tears-of-steel-000-speed,test,tears-of-steel,library,blender,speed,10.0,81.27,False,True,True,0.98,True,True,0.98,True,True,1.23
tears-of-steel-000-screen_recording,test,tears-of-steel,library,blender,screen_recording,10.0,81.27,False,False,True,0.48,False,True,0.48,True,True,0.27
tears-of-steel-001-original,val,tears-of-steel,library,blender,original,5.0,126.89,False,True,True,0.14,True,True,0.14,True,True,0.057
tears-of-steel-001-compression,val,tears-of-steel,library,blender,compression,5.0,126.89,False,True,True,0.14,True,True,0.14,True,True,0.057
tears-of-steel-001-downscale,val,tears-of-steel,library,blender,downscale,5.0,126.89,False,True,True,0.14,True,True,0.14,True,True,0.057
tears-of-steel-001-crop,val,tears-of-steel,library,blender,crop,5.0,126.89,False,True,True,0.14,True,True,0.14,True,True,0.057
tears-of-steel-001-letterbox,val,tears-of-steel,library,blender,letterbox,5.0,126.89,False,False,True,8.36,False,True,8.36,False,True,7.777
tears-of-steel-001-mirror,val,tears-of-steel,library,blender,mirror,5.0,126.89,False,True,True,0.14,True,True,0.14,True,True,0.057
tears-of-steel-001-color,val,tears-of-steel,library,blender,color,5.0,126.89,False,True,True,0.14,True,True,0.14,True,True,0.057
tears-of-steel-001-overlay,val,tears-of-steel,library,blender,overlay,5.0,126.89,False,False,True,0.14,False,True,0.14,True,True,0.057
tears-of-steel-001-speed,val,tears-of-steel,library,blender,speed,5.0,126.89,False,True,True,0.36,True,True,0.36,True,True,0.277
tears-of-steel-001-screen_recording,val,tears-of-steel,library,blender,screen_recording,5.0,126.89,False,False,True,0.14,False,True,0.14,True,True,0.057
tears-of-steel-002-original,val,tears-of-steel,library,blender,original,5.0,197.534,False,True,True,0.216,True,True,0.216,True,True,0.034
tears-of-steel-002-compression,val,tears-of-steel,library,blender,compression,5.0,197.534,False,True,True,0.216,True,True,0.216,True,True,0.133
tears-of-steel-002-downscale,val,tears-of-steel,library,blender,downscale,5.0,197.534,False,True,True,0.216,True,True,0.216,True,True,0.034
tears-of-steel-002-crop,val,tears-of-steel,library,blender,crop,5.0,197.534,False,True,True,0.216,True,True,0.216,False,True,0.633
tears-of-steel-002-letterbox,val,tears-of-steel,library,blender,letterbox,5.0,197.534,False,False,True,52.784,False,True,52.784,False,True,53.034
tears-of-steel-002-mirror,val,tears-of-steel,library,blender,mirror,5.0,197.534,False,True,True,0.216,True,True,0.216,True,True,0.034
tears-of-steel-002-color,val,tears-of-steel,library,blender,color,5.0,197.534,False,True,True,0.216,True,True,0.216,True,True,0.133
tears-of-steel-002-overlay,val,tears-of-steel,library,blender,overlay,5.0,197.534,False,True,True,0.216,False,True,0.216,True,True,0.034
tears-of-steel-002-speed,val,tears-of-steel,library,blender,speed,5.0,197.534,False,True,True,0.716,True,True,0.716,True,True,0.633
tears-of-steel-002-screen_recording,val,tears-of-steel,library,blender,screen_recording,5.0,197.534,False,True,True,0.216,False,True,0.216,True,True,0.133
tears-of-steel-003-original,test,tears-of-steel,library,blender,original,5.0,243.36,False,True,True,0.11,True,True,0.11,True,True,0.027
tears-of-steel-003-compression,test,tears-of-steel,library,blender,compression,5.0,243.36,False,True,True,0.11,True,True,0.11,True,True,0.027
tears-of-steel-003-downscale,test,tears-of-steel,library,blender,downscale,5.0,243.36,False,True,True,2.11,True,True,2.11,True,True,0.193
tears-of-steel-003-crop,test,tears-of-steel,library,blender,crop,5.0,243.36,False,True,True,0.11,True,True,0.11,True,True,3.86
tears-of-steel-003-letterbox,test,tears-of-steel,library,blender,letterbox,5.0,243.36,False,False,True,4.11,False,True,4.11,False,True,4.36
tears-of-steel-003-mirror,test,tears-of-steel,library,blender,mirror,5.0,243.36,False,True,True,0.11,True,True,0.11,True,True,0.027
tears-of-steel-003-color,test,tears-of-steel,library,blender,color,5.0,243.36,False,True,True,0.11,True,True,0.11,True,True,0.027
tears-of-steel-003-overlay,test,tears-of-steel,library,blender,overlay,5.0,243.36,False,True,True,0.11,True,True,0.11,True,True,0.027
tears-of-steel-003-speed,test,tears-of-steel,library,blender,speed,5.0,243.36,False,True,True,0.39,True,True,0.39,True,True,0.64
tears-of-steel-003-screen_recording,test,tears-of-steel,library,blender,screen_recording,5.0,243.36,False,True,True,0.11,True,True,0.11,True,True,0.193
tears-of-steel-004-original,test,tears-of-steel,library,blender,original,10.0,265.85,False,False,True,0.4,False,True,0.4,True,True,0.017
tears-of-steel-004-compression,test,tears-of-steel,library,blender,compression,10.0,265.85,False,False,True,0.1,False,True,0.1,True,True,0.017
tears-of-steel-004-downscale,test,tears-of-steel,library,blender,downscale,10.0,265.85,False,False,True,0.1,False,True,0.1,True,True,0.017
tears-of-steel-004-crop,test,tears-of-steel,library,blender,crop,10.0,265.85,False,True,True,0.4,False,True,0.4,False,True,0.15
tears-of-steel-004-letterbox,test,tears-of-steel,library,blender,letterbox,10.0,265.85,False,False,True,0.1,False,True,0.1,False,True,0.183
tears-of-steel-004-mirror,test,tears-of-steel,library,blender,mirror,10.0,265.85,False,False,True,0.1,False,True,0.1,True,True,0.017
tears-of-steel-004-color,test,tears-of-steel,library,blender,color,10.0,265.85,False,False,True,0.1,False,True,0.1,True,True,0.017
tears-of-steel-004-overlay,test,tears-of-steel,library,blender,overlay,10.0,265.85,False,False,True,0.1,False,True,0.1,True,True,0.017
tears-of-steel-004-speed,test,tears-of-steel,library,blender,speed,10.0,265.85,False,False,True,1.4,False,True,1.4,True,True,0.817
tears-of-steel-004-screen_recording,test,tears-of-steel,library,blender,screen_recording,10.0,265.85,False,True,True,0.1,False,True,0.1,True,True,0.017
tears-of-steel-005-original,val,tears-of-steel,library,blender,original,3.0,356.922,False,False,True,0.172,False,True,0.172,True,True,0.089
tears-of-steel-005-compression,val,tears-of-steel,library,blender,compression,3.0,356.922,False,False,True,1.828,False,True,1.828,True,True,0.089
tears-of-steel-005-downscale,val,tears-of-steel,library,blender,downscale,3.0,356.922,False,False,True,0.328,False,True,0.328,True,True,0.089
tears-of-steel-005-crop,val,tears-of-steel,library,blender,crop,3.0,356.922,False,True,True,0.172,True,True,0.172,True,True,0.089
tears-of-steel-005-letterbox,val,tears-of-steel,library,blender,letterbox,3.0,356.922,False,False,True,1.828,False,True,1.828,True,True,0.089
tears-of-steel-005-mirror,val,tears-of-steel,library,blender,mirror,3.0,356.922,False,False,True,1.328,False,True,1.328,True,True,0.089
tears-of-steel-005-color,val,tears-of-steel,library,blender,color,3.0,356.922,False,False,True,0.172,False,True,0.172,True,True,0.255
tears-of-steel-005-overlay,val,tears-of-steel,library,blender,overlay,3.0,356.922,False,False,True,0.328,False,True,0.328,True,True,0.089
tears-of-steel-005-speed,val,tears-of-steel,library,blender,speed,3.0,356.922,False,False,True,0.328,False,True,0.328,True,True,0.245
tears-of-steel-005-screen_recording,val,tears-of-steel,library,blender,screen_recording,3.0,356.922,False,False,True,0.828,False,True,0.828,True,True,0.089
tears-of-steel-006-original,test,tears-of-steel,library,blender,original,5.0,389.061,False,True,True,0.189,True,True,0.189,True,True,0.061
tears-of-steel-006-compression,test,tears-of-steel,library,blender,compression,5.0,389.061,False,True,True,0.189,True,True,0.189,True,True,0.228
tears-of-steel-006-downscale,test,tears-of-steel,library,blender,downscale,5.0,389.061,False,True,True,0.189,True,True,0.189,True,True,0.061
tears-of-steel-006-crop,test,tears-of-steel,library,blender,crop,5.0,389.061,False,True,True,0.189,False,True,0.189,True,True,0.061
tears-of-steel-006-letterbox,test,tears-of-steel,library,blender,letterbox,5.0,389.061,False,False,True,3.311,False,True,3.311,False,True,3.394
tears-of-steel-006-mirror,test,tears-of-steel,library,blender,mirror,5.0,389.061,False,True,True,0.189,True,True,0.189,True,True,0.061
tears-of-steel-006-color,test,tears-of-steel,library,blender,color,5.0,389.061,False,True,True,0.189,True,True,0.189,True,True,0.061
tears-of-steel-006-overlay,test,tears-of-steel,library,blender,overlay,5.0,389.061,False,False,True,0.189,False,True,0.189,True,True,0.061
tears-of-steel-006-speed,test,tears-of-steel,library,blender,speed,5.0,389.061,False,True,True,0.689,True,True,0.689,True,True,0.606
tears-of-steel-006-screen_recording,test,tears-of-steel,library,blender,screen_recording,5.0,389.061,False,True,True,0.189,False,True,0.189,True,True,0.228
tears-of-steel-007-original,test,tears-of-steel,library,blender,original,3.0,421.438,False,False,True,0.312,False,True,0.312,True,True,0.062
tears-of-steel-007-compression,test,tears-of-steel,library,blender,compression,3.0,421.438,False,True,True,0.312,False,True,0.312,True,True,0.271
tears-of-steel-007-downscale,test,tears-of-steel,library,blender,downscale,3.0,421.438,False,True,True,0.312,True,True,0.312,True,True,0.271
tears-of-steel-007-crop,test,tears-of-steel,library,blender,crop,3.0,421.438,False,False,True,116.188,False,True,116.188,False,True,116.438
tears-of-steel-007-letterbox,test,tears-of-steel,library,blender,letterbox,3.0,421.438,False,False,True,1.688,False,True,1.688,False,True,1.938
tears-of-steel-007-mirror,test,tears-of-steel,library,blender,mirror,3.0,421.438,False,False,True,0.312,False,True,0.312,True,True,0.105
tears-of-steel-007-color,test,tears-of-steel,library,blender,color,3.0,421.438,False,False,True,0.312,False,True,0.312,True,True,0.062
tears-of-steel-007-overlay,test,tears-of-steel,library,blender,overlay,3.0,421.438,False,True,True,0.312,True,True,0.312,True,True,0.062
tears-of-steel-007-speed,test,tears-of-steel,library,blender,speed,3.0,421.438,False,False,True,0.312,False,True,0.312,True,True,0.395
tears-of-steel-007-screen_recording,test,tears-of-steel,library,blender,screen_recording,3.0,421.438,False,False,True,0.188,False,True,0.188,False,True,118.562
tears-of-steel-008-original,val,tears-of-steel,library,blender,original,5.0,513.591,False,False,True,0.159,False,True,0.159,True,True,0.091
tears-of-steel-008-compression,val,tears-of-steel,library,blender,compression,5.0,513.591,False,False,True,0.159,False,True,0.159,True,True,0.091
tears-of-steel-008-downscale,val,tears-of-steel,library,blender,downscale,5.0,513.591,False,False,True,0.159,False,True,0.159,True,True,0.091
tears-of-steel-008-crop,val,tears-of-steel,library,blender,crop,5.0,513.591,False,False,True,0.159,False,True,0.159,True,True,0.076
tears-of-steel-008-letterbox,val,tears-of-steel,library,blender,letterbox,5.0,513.591,False,False,True,0.159,False,True,0.159,True,True,0.242
tears-of-steel-008-mirror,val,tears-of-steel,library,blender,mirror,5.0,513.591,False,False,True,0.159,False,True,0.159,True,True,0.076
tears-of-steel-008-color,val,tears-of-steel,library,blender,color,5.0,513.591,False,False,True,0.159,False,True,0.159,True,True,0.076
tears-of-steel-008-overlay,val,tears-of-steel,library,blender,overlay,5.0,513.591,False,False,True,0.159,False,True,0.159,True,True,0.076
tears-of-steel-008-speed,val,tears-of-steel,library,blender,speed,5.0,513.591,False,False,True,0.659,False,True,0.659,True,True,0.409
tears-of-steel-008-screen_recording,val,tears-of-steel,library,blender,screen_recording,5.0,513.591,False,True,True,0.659,True,True,0.659,True,True,0.091
tears-of-steel-009-original,val,tears-of-steel,library,blender,original,10.0,555.55,False,True,True,0.2,True,True,0.2,True,True,0.05
tears-of-steel-009-compression,val,tears-of-steel,library,blender,compression,10.0,555.55,False,True,True,0.2,True,True,0.2,True,True,0.05
tears-of-steel-009-downscale,val,tears-of-steel,library,blender,downscale,10.0,555.55,False,False,True,0.2,False,True,0.2,True,True,0.05
tears-of-steel-009-crop,val,tears-of-steel,library,blender,crop,10.0,555.55,False,True,True,0.2,True,True,0.2,True,True,0.217
tears-of-steel-009-letterbox,val,tears-of-steel,library,blender,letterbox,10.0,555.55,False,True,True,0.3,False,True,0.3,False,True,0.383
tears-of-steel-009-mirror,val,tears-of-steel,library,blender,mirror,10.0,555.55,False,True,True,0.2,True,True,0.2,True,True,0.05
tears-of-steel-009-color,val,tears-of-steel,library,blender,color,10.0,555.55,False,True,True,0.2,True,True,0.2,True,True,0.05
tears-of-steel-009-overlay,val,tears-of-steel,library,blender,overlay,10.0,555.55,False,True,True,0.2,True,True,0.2,True,True,0.05
tears-of-steel-009-speed,val,tears-of-steel,library,blender,speed,10.0,555.55,False,True,True,0.2,True,True,0.2,True,True,1.117
tears-of-steel-009-screen_recording,val,tears-of-steel,library,blender,screen_recording,10.0,555.55,False,False,True,0.2,False,True,0.2,True,True,0.05
tears-of-steel-010-original,val,tears-of-steel,library,blender,original,3.0,606.942,False,False,True,0.308,False,True,0.308,True,True,0.058
tears-of-steel-010-compression,val,tears-of-steel,library,blender,compression,3.0,606.942,False,False,True,0.308,False,True,0.308,True,True,0.058
tears-of-steel-010-downscale,val,tears-of-steel,library,blender,downscale,3.0,606.942,False,False,True,0.308,False,True,0.308,True,True,0.058
tears-of-steel-010-crop,val,tears-of-steel,library,blender,crop,3.0,606.942,False,False,True,1.192,False,True,1.192,True,True,1.775
tears-of-steel-010-letterbox,val,tears-of-steel,library,blender,letterbox,3.0,606.942,False,False,True,1.192,False,True,1.192,False,True,1.109
tears-of-steel-010-mirror,val,tears-of-steel,library,blender,mirror,3.0,606.942,False,False,True,0.308,False,True,0.308,True,True,0.391
tears-of-steel-010-color,val,tears-of-steel,library,blender,color,3.0,606.942,False,False,True,0.308,False,True,0.308,True,True,0.058
tears-of-steel-010-overlay,val,tears-of-steel,library,blender,overlay,3.0,606.942,False,False,True,0.308,False,True,0.308,True,True,0.058
tears-of-steel-010-speed,val,tears-of-steel,library,blender,speed,3.0,606.942,False,True,True,0.308,True,True,0.308,True,True,0.058
tears-of-steel-010-screen_recording,val,tears-of-steel,library,blender,screen_recording,3.0,606.942,False,False,True,1.692,False,True,1.692,True,True,1.775
tears-of-steel-011-original,test,tears-of-steel,library,blender,original,10.0,656.458,False,True,True,0.292,True,True,0.292,True,True,0.125
tears-of-steel-011-compression,test,tears-of-steel,library,blender,compression,10.0,656.458,False,True,True,0.792,True,True,0.792,True,True,0.209
tears-of-steel-011-downscale,test,tears-of-steel,library,blender,downscale,10.0,656.458,False,True,True,0.292,True,True,0.292,True,True,0.125
tears-of-steel-011-crop,test,tears-of-steel,library,blender,crop,10.0,656.458,False,True,True,1.708,False,True,1.708,False,True,1.625
tears-of-steel-011-letterbox,test,tears-of-steel,library,blender,letterbox,10.0,656.458,False,False,False,176.792,False,False,176.792,False,False,176.542
tears-of-steel-011-mirror,test,tears-of-steel,library,blender,mirror,10.0,656.458,False,False,True,29.292,False,True,29.292,False,True,28.209
tears-of-steel-011-color,test,tears-of-steel,library,blender,color,10.0,656.458,False,False,True,0.292,False,True,0.292,False,True,0.375
tears-of-steel-011-overlay,test,tears-of-steel,library,blender,overlay,10.0,656.458,False,True,True,0.708,True,True,0.708,True,True,0.125
tears-of-steel-011-speed,test,tears-of-steel,library,blender,speed,10.0,656.458,False,True,True,0.292,True,True,0.292,True,True,0.375
tears-of-steel-011-screen_recording,test,tears-of-steel,library,blender,screen_recording,10.0,656.458,False,False,False,26.208,False,False,26.208,False,False,23.958
elephants-dream-000-original,test,elephants-dream,library,blender,original,10.0,70.132,False,True,True,0.118,True,True,0.118,True,True,0.035
elephants-dream-000-compression,test,elephants-dream,library,blender,compression,10.0,70.132,False,False,True,0.118,False,True,0.118,False,True,0.201
elephants-dream-000-downscale,test,elephants-dream,library,blender,downscale,10.0,70.132,False,True,True,0.118,True,True,0.118,True,True,0.035
elephants-dream-000-crop,test,elephants-dream,library,blender,crop,10.0,70.132,False,False,True,115.618,False,True,115.618,False,True,115.035
elephants-dream-000-letterbox,test,elephants-dream,library,blender,letterbox,10.0,70.132,False,True,True,0.118,False,True,0.118,True,True,0.132
elephants-dream-000-mirror,test,elephants-dream,library,blender,mirror,10.0,70.132,False,True,True,0.118,True,True,0.118,True,True,0.035
elephants-dream-000-color,test,elephants-dream,library,blender,color,10.0,70.132,False,True,True,0.118,True,True,0.118,True,True,0.035
elephants-dream-000-overlay,test,elephants-dream,library,blender,overlay,10.0,70.132,False,False,True,0.118,False,True,0.118,True,True,0.035
elephants-dream-000-speed,test,elephants-dream,library,blender,speed,10.0,70.132,False,True,True,1.618,True,True,1.618,True,True,1.535
elephants-dream-000-screen_recording,test,elephants-dream,library,blender,screen_recording,10.0,70.132,False,False,True,0.118,False,True,0.118,True,True,0.035
elephants-dream-001-original,val,elephants-dream,library,blender,original,5.0,120.24,False,True,True,0.51,True,True,0.51,True,True,0.093
elephants-dream-001-compression,val,elephants-dream,library,blender,compression,5.0,120.24,False,True,True,0.01,True,True,0.01,True,True,0.26
elephants-dream-001-downscale,val,elephants-dream,library,blender,downscale,5.0,120.24,False,True,True,0.51,True,True,0.51,True,True,0.26
elephants-dream-001-crop,val,elephants-dream,library,blender,crop,5.0,120.24,False,True,True,1.01,True,True,1.01,False,True,31.073
elephants-dream-001-letterbox,val,elephants-dream,library,blender,letterbox,5.0,120.24,False,True,True,0.01,True,True,0.01,True,True,0.26
elephants-dream-001-mirror,val,elephants-dream,library,blender,mirror,5.0,120.24,False,True,True,0.51,True,True,0.51,True,True,0.093
elephants-dream-001-color,val,elephants-dream,library,blender,color,5.0,120.24,False,True,True,0.51,True,True,0.51,True,True,0.26
elephants-dream-001-overlay,val,elephants-dream,library,blender,overlay,5.0,120.24,False,False,True,0.51,False,True,0.51,True,True,0.073
elephants-dream-001-speed,val,elephants-dream,library,blender,speed,5.0,120.24,False,False,True,1.01,False,True,1.01,True,True,0.593
elephants-dream-001-screen_recording,val,elephants-dream,library,blender,screen_recording,5.0,120.24,False,True,True,1.01,True,True,1.01,True,True,1.593
elephants-dream-002-original,test,elephants-dream,library,blender,original,3.0,194.523,False,False,True,0.227,False,True,0.227,True,True,0.023
elephants-dream-002-compression,test,elephants-dream,library,blender,compression,3.0,194.523,False,False,True,3.227,False,True,3.227,True,True,0.144
elephants-dream-002-downscale,test,elephants-dream,library,blender,downscale,3.0,194.523,False,False,True,0.727,False,True,0.727,True,True,0.644
elephants-dream-002-crop,test,elephants-dream,library,blender,crop,3.0,194.523,False,False,True,3.727,False,True,3.727,True,True,3.81
elephants-dream-002-letterbox,test,elephants-dream,library,blender,letterbox,3.0,194.523,False,True,True,0.727,True,True,0.727,True,True,1.144
elephants-dream-002-mirror,test,elephants-dream,library,blender,mirror,3.0,194.523,False,False,True,1.227,False,True,1.227,True,True,0.477
elephants-dream-002-color,test,elephants-dream,library,blender,color,3.0,194.523,False,False,True,0.227,False,True,0.227,True,True,0.144
elephants-dream-002-overlay,test,elephants-dream,library,blender,overlay,3.0,194.523,False,False,True,0.227,False,True,0.227,True,True,0.144
elephants-dream-002-speed,test,elephants-dream,library,blender,speed,3.0,194.523,False,False,True,0.227,False,True,0.227,True,True,0.477
elephants-dream-002-screen_recording,test,elephants-dream,library,blender,screen_recording,3.0,194.523,False,True,True,2.227,True,True,2.227,True,True,0.31
elephants-dream-003-original,val,elephants-dream,library,blender,original,3.0,236.701,False,True,True,0.049,True,True,0.049,True,True,0.034
elephants-dream-003-compression,val,elephants-dream,library,blender,compression,3.0,236.701,False,False,True,0.049,False,True,0.049,True,True,0.034
elephants-dream-003-downscale,val,elephants-dream,library,blender,downscale,3.0,236.701,False,True,True,0.049,False,True,0.049,True,True,0.034
elephants-dream-003-crop,val,elephants-dream,library,blender,crop,3.0,236.701,False,True,True,0.049,True,True,0.049,True,True,0.201
elephants-dream-003-letterbox,val,elephants-dream,library,blender,letterbox,3.0,236.701,False,True,True,0.049,False,True,0.049,True,True,0.132
elephants-dream-003-mirror,val,elephants-dream,library,blender,mirror,3.0,236.701,False,True,True,0.049,True,True,0.049,True,True,0.034
elephants-dream-003-color,val,elephants-dream,library,blender,color,3.0,236.701,False,True,True,0.049,True,True,0.049,True,True,0.034
elephants-dream-003-overlay,val,elephants-dream,library,blender,overlay,3.0,236.701,False,False,True,0.049,False,True,0.049,True,True,0.034
elephants-dream-003-speed,val,elephants-dream,library,blender,speed,3.0,236.701,False,True,True,0.049,True,True,0.049,True,True,0.299
elephants-dream-003-screen_recording,val,elephants-dream,library,blender,screen_recording,3.0,236.701,False,True,True,0.049,False,True,0.049,True,True,0.132
elephants-dream-004-original,test,elephants-dream,library,blender,original,10.0,252.474,False,True,True,0.224,True,True,0.224,True,True,0.141
elephants-dream-004-compression,test,elephants-dream,library,blender,compression,10.0,252.474,False,False,True,0.276,False,True,0.276,False,True,0.141
elephants-dream-004-downscale,test,elephants-dream,library,blender,downscale,10.0,252.474,False,False,True,0.224,False,True,0.224,True,True,0.141
elephants-dream-004-crop,test,elephants-dream,library,blender,crop,10.0,252.474,False,False,True,0.276,False,True,0.276,False,True,0.141
elephants-dream-004-letterbox,test,elephants-dream,library,blender,letterbox,10.0,252.474,False,False,True,0.224,False,True,0.224,False,True,0.141
elephants-dream-004-mirror,test,elephants-dream,library,blender,mirror,10.0,252.474,False,True,True,0.224,True,True,0.224,True,True,0.026
elephants-dream-004-color,test,elephants-dream,library,blender,color,10.0,252.474,False,True,True,0.276,False,True,0.276,True,True,0.141
elephants-dream-004-overlay,test,elephants-dream,library,blender,overlay,10.0,252.474,False,False,True,0.224,False,True,0.224,False,True,0.141
elephants-dream-004-speed,test,elephants-dream,library,blender,speed,10.0,252.474,False,True,True,1.276,True,True,1.276,True,True,1.859
elephants-dream-004-screen_recording,test,elephants-dream,library,blender,screen_recording,10.0,252.474,False,False,True,0.224,False,True,0.224,True,True,0.141
elephants-dream-005-original,val,elephants-dream,library,blender,original,3.0,346.0,False,False,True,0.25,False,True,0.25,True,True,0.167
elephants-dream-005-compression,val,elephants-dream,library,blender,compression,3.0,346.0,False,True,True,0.25,False,True,0.25,True,True,0.0
elephants-dream-005-downscale,val,elephants-dream,library,blender,downscale,3.0,346.0,False,False,True,0.25,False,True,0.25,True,True,0.0
elephants-dream-005-crop,val,elephants-dream,library,blender,crop,3.0,346.0,False,True,True,0.25,True,True,0.25,True,True,0.333
elephants-dream-005-letterbox,val,elephants-dream,library,blender,letterbox,3.0,346.0,False,True,True,0.75,True,True,0.75,True,True,0.167
elephants-dream-005-mirror,val,elephants-dream,library,blender,mirror,3.0,346.0,False,False,True,0.25,False,True,0.25,True,True,0.0
elephants-dream-005-color,val,elephants-dream,library,blender,color,3.0,346.0,False,False,True,0.75,False,True,0.75,True,True,0.167
elephants-dream-005-overlay,val,elephants-dream,library,blender,overlay,3.0,346.0,False,False,True,0.25,False,True,0.25,True,True,0.0
elephants-dream-005-speed,val,elephants-dream,library,blender,speed,3.0,346.0,False,False,True,0.25,False,True,0.25,True,True,0.333
elephants-dream-005-screen_recording,val,elephants-dream,library,blender,screen_recording,3.0,346.0,False,True,True,0.25,True,True,0.25,True,True,0.167
elephants-dream-006-original,val,elephants-dream,library,blender,original,3.0,371.306,False,False,True,0.056,False,True,0.056,True,True,0.027
elephants-dream-006-compression,val,elephants-dream,library,blender,compression,3.0,371.306,False,True,True,0.056,False,True,0.056,True,True,0.194
elephants-dream-006-downscale,val,elephants-dream,library,blender,downscale,3.0,371.306,False,False,True,0.056,False,True,0.056,True,True,0.139
elephants-dream-006-crop,val,elephants-dream,library,blender,crop,3.0,371.306,False,True,True,0.056,True,True,0.056,False,True,0.027
elephants-dream-006-letterbox,val,elephants-dream,library,blender,letterbox,3.0,371.306,False,True,True,0.056,True,True,0.056,True,True,0.306
elephants-dream-006-mirror,val,elephants-dream,library,blender,mirror,3.0,371.306,False,False,True,0.056,False,True,0.056,True,True,0.027
elephants-dream-006-color,val,elephants-dream,library,blender,color,3.0,371.306,False,False,True,0.056,False,True,0.056,False,True,0.306
elephants-dream-006-overlay,val,elephants-dream,library,blender,overlay,3.0,371.306,False,False,True,0.056,False,True,0.056,True,True,0.139
elephants-dream-006-speed,val,elephants-dream,library,blender,speed,3.0,371.306,False,False,True,0.444,False,True,0.444,True,True,0.194
elephants-dream-006-screen_recording,val,elephants-dream,library,blender,screen_recording,3.0,371.306,False,True,True,0.056,True,True,0.056,True,True,0.139
elephants-dream-007-original,test,elephants-dream,library,blender,original,10.0,431.29,False,False,True,0.04,False,True,0.04,True,True,0.043
elephants-dream-007-compression,test,elephants-dream,library,blender,compression,10.0,431.29,False,True,True,0.04,True,True,0.04,True,True,0.043
elephants-dream-007-downscale,test,elephants-dream,library,blender,downscale,10.0,431.29,False,False,True,0.04,False,True,0.04,True,True,0.043
elephants-dream-007-crop,test,elephants-dream,library,blender,crop,10.0,431.29,False,True,True,0.04,True,True,0.04,True,True,0.123
elephants-dream-007-letterbox,test,elephants-dream,library,blender,letterbox,10.0,431.29,False,True,True,0.04,False,True,0.04,False,True,0.21
elephants-dream-007-mirror,test,elephants-dream,library,blender,mirror,10.0,431.29,False,False,True,0.04,False,True,0.04,True,True,0.043
elephants-dream-007-color,test,elephants-dream,library,blender,color,10.0,431.29,False,True,True,0.04,True,True,0.04,True,True,0.043
elephants-dream-007-overlay,test,elephants-dream,library,blender,overlay,10.0,431.29,False,False,True,0.04,False,True,0.04,True,True,0.043
elephants-dream-007-speed,test,elephants-dream,library,blender,speed,10.0,431.29,False,True,True,0.96,True,True,0.96,True,True,1.043
elephants-dream-007-screen_recording,test,elephants-dream,library,blender,screen_recording,10.0,431.29,False,True,True,0.04,True,True,0.04,True,True,0.043
elephants-dream-008-original,test,elephants-dream,library,blender,original,5.0,460.245,False,True,True,0.005,True,True,0.005,True,True,0.078
elephants-dream-008-compression,test,elephants-dream,library,blender,compression,5.0,460.245,False,False,True,0.005,False,True,0.005,True,True,0.078
elephants-dream-008-downscale,test,elephants-dream,library,blender,downscale,5.0,460.245,False,True,True,0.005,True,True,0.005,True,True,0.078
elephants-dream-008-crop,test,elephants-dream,library,blender,crop,5.0,460.245,False,False,True,0.005,False,True,0.005,False,True,0.088
elephants-dream-008-letterbox,test,elephants-dream,library,blender,letterbox,5.0,460.245,False,False,True,0.005,False,True,0.005,True,True,0.078
elephants-dream-008-mirror,test,elephants-dream,library,blender,mirror,5.0,460.245,False,True,True,0.005,True,True,0.005,True,True,0.078
elephants-dream-008-color,test,elephants-dream,library,blender,color,5.0,460.245,False,True,True,0.005,True,True,0.005,True,True,0.078
elephants-dream-008-overlay,test,elephants-dream,library,blender,overlay,5.0,460.245,False,False,True,0.005,False,True,0.005,True,True,0.078
elephants-dream-008-speed,test,elephants-dream,library,blender,speed,5.0,460.245,False,True,True,0.005,True,True,0.005,True,True,0.422
elephants-dream-008-screen_recording,test,elephants-dream,library,blender,screen_recording,5.0,460.245,False,False,True,0.005,False,True,0.005,True,True,0.088
elephants-dream-009-original,val,elephants-dream,library,blender,original,3.0,540.501,False,False,True,0.749,False,True,0.749,True,True,0.001
elephants-dream-009-compression,val,elephants-dream,library,blender,compression,3.0,540.501,False,True,True,3.751,False,True,3.751,True,True,4.001
elephants-dream-009-downscale,val,elephants-dream,library,blender,downscale,3.0,540.501,False,False,True,0.249,False,True,0.249,True,True,0.166
elephants-dream-009-crop,val,elephants-dream,library,blender,crop,3.0,540.501,False,False,True,0.749,False,True,0.749,True,True,0.168
elephants-dream-009-letterbox,val,elephants-dream,library,blender,letterbox,3.0,540.501,False,False,True,0.749,False,True,0.749,True,True,0.332
elephants-dream-009-mirror,val,elephants-dream,library,blender,mirror,3.0,540.501,False,False,True,0.249,False,True,0.249,True,True,0.501
elephants-dream-009-color,val,elephants-dream,library,blender,color,3.0,540.501,False,False,True,0.749,False,True,0.749,True,True,0.166
elephants-dream-009-overlay,val,elephants-dream,library,blender,overlay,3.0,540.501,False,False,True,0.749,False,True,0.749,True,True,0.666
elephants-dream-009-speed,val,elephants-dream,library,blender,speed,3.0,540.501,False,False,True,0.249,False,True,0.249,True,True,0.166
elephants-dream-009-screen_recording,val,elephants-dream,library,blender,screen_recording,3.0,540.501,False,False,True,0.249,False,True,0.249,True,True,1.334
elephants-dream-010-original,val,elephants-dream,library,blender,original,3.0,571.451,False,False,True,3.201,False,True,3.201,False,True,0.618
elephants-dream-010-compression,val,elephants-dream,library,blender,compression,3.0,571.451,False,False,True,0.201,False,True,0.201,False,True,0.618
elephants-dream-010-downscale,val,elephants-dream,library,blender,downscale,3.0,571.451,False,False,True,1.701,False,True,1.701,False,True,0.618
elephants-dream-010-crop,val,elephants-dream,library,blender,crop,3.0,571.451,False,False,True,3.201,False,True,3.201,False,True,3.451
elephants-dream-010-letterbox,val,elephants-dream,library,blender,letterbox,3.0,571.451,False,False,True,22.799,False,True,22.799,False,True,23.882
elephants-dream-010-mirror,val,elephants-dream,library,blender,mirror,3.0,571.451,False,False,False,32.799,False,False,32.799,False,False,33.049
elephants-dream-010-color,val,elephants-dream,library,blender,color,3.0,571.451,False,False,True,3.201,False,True,3.201,False,True,0.049
elephants-dream-010-overlay,val,elephants-dream,library,blender,overlay,3.0,571.451,False,False,True,0.201,False,True,0.201,False,True,0.618
elephants-dream-010-speed,val,elephants-dream,library,blender,speed,3.0,571.451,False,False,True,0.299,False,True,0.299,False,True,0.216
elephants-dream-010-screen_recording,val,elephants-dream,library,blender,screen_recording,3.0,571.451,False,False,True,3.201,False,True,3.201,True,True,0.591
cosmos-laundromat-000-original,val,cosmos-laundromat,library,blender,original,3.0,67.768,False,False,True,0.018,False,True,0.018,True,True,0.101
cosmos-laundromat-000-compression,val,cosmos-laundromat,library,blender,compression,3.0,67.768,False,False,True,0.518,False,True,0.518,True,True,0.268
cosmos-laundromat-000-downscale,val,cosmos-laundromat,library,blender,downscale,3.0,67.768,False,False,True,0.018,False,True,0.018,True,True,0.101
cosmos-laundromat-000-crop,val,cosmos-laundromat,library,blender,crop,3.0,67.768,False,True,True,2.018,True,True,2.018,True,True,1.768
cosmos-laundromat-000-letterbox,val,cosmos-laundromat,library,blender,letterbox,3.0,67.768,False,False,True,0.018,False,True,0.018,True,True,2.065
cosmos-laundromat-000-mirror,val,cosmos-laundromat,library,blender,mirror,3.0,67.768,False,False,True,0.018,False,True,0.018,True,True,0.101
cosmos-laundromat-000-color,val,cosmos-laundromat,library,blender,color,3.0,67.768,False,False,True,0.482,False,True,0.482,True,True,0.565
cosmos-laundromat-000-overlay,val,cosmos-laundromat,library,blender,overlay,3.0,67.768,False,False,True,0.018,False,True,0.018,True,True,0.101
cosmos-laundromat-000-speed,val,cosmos-laundromat,library,blender,speed,3.0,67.768,False,False,True,0.018,False,True,0.018,True,True,0.232
cosmos-laundromat-000-screen_recording,val,cosmos-laundromat,library,blender,screen_recording,3.0,67.768,False,True,True,0.018,True,True,0.018,True,True,0.268
cosmos-laundromat-001-original,val,cosmos-laundromat,library,blender,original,10.0,128.296,False,True,True,0.046,True,True,0.046,True,True,0.037
cosmos-laundromat-001-compression,val,cosmos-laundromat,library,blender,compression,10.0,128.296,False,True,True,0.046,True,True,0.046,True,True,0.037
cosmos-laundromat-001-downscale,val,cosmos-laundromat,library,blender,downscale,10.0,128.296,False,True,True,0.046,True,True,0.046,True,True,0.129
cosmos-laundromat-001-crop,val,cosmos-laundromat,library,blender,crop,10.0,128.296,False,True,True,0.046,True,True,0.046,True,True,0.037
cosmos-laundromat-001-letterbox,val,cosmos-laundromat,library,blender,letterbox,10.0,128.296,False,True,True,0.546,False,True,0.546,False,True,0.129
cosmos-laundromat-001-mirror,val,cosmos-laundromat,library,blender,mirror,10.0,128.296,False,True,True,0.046,True,True,0.046,True,True,0.129
cosmos-laundromat-001-color,val,cosmos-laundromat,library,blender,color,10.0,128.296,False,True,True,0.046,False,True,0.046,True,True,0.129
cosmos-laundromat-001-overlay,val,cosmos-laundromat,library,blender,overlay,10.0,128.296,False,False,True,0.046,False,True,0.046,True,True,0.129
cosmos-laundromat-001-speed,val,cosmos-laundromat,library,blender,speed,10.0,128.296,False,True,True,0.454,True,True,0.454,True,True,0.537
cosmos-laundromat-001-screen_recording,val,cosmos-laundromat,library,blender,screen_recording,10.0,128.296,False,False,True,0.046,False,True,0.046,True,True,0.129
cosmos-laundromat-002-original,test,cosmos-laundromat,library,blender,original,10.0,188.056,False,True,True,0.194,True,True,0.194,True,True,0.056
cosmos-laundromat-002-compression,test,cosmos-laundromat,library,blender,compression,10.0,188.056,False,True,True,0.194,True,True,0.194,True,True,0.056
cosmos-laundromat-002-downscale,test,cosmos-laundromat,library,blender,downscale,10.0,188.056,False,True,True,0.194,True,True,0.194,True,True,0.056
cosmos-laundromat-002-crop,test,cosmos-laundromat,library,blender,crop,10.0,188.056,False,False,True,5.806,False,True,5.806,False,True,0.556
cosmos-laundromat-002-letterbox,test,cosmos-laundromat,library,blender,letterbox,10.0,188.056,False,True,True,12.806,False,True,12.806,False,True,13.056
cosmos-laundromat-002-mirror,test,cosmos-laundromat,library,blender,mirror,10.0,188.056,False,True,True,0.194,True,True,0.194,True,True,0.056
cosmos-laundromat-002-color,test,cosmos-laundromat,library,blender,color,10.0,188.056,False,True,True,0.194,True,True,0.194,True,True,0.056
cosmos-laundromat-002-overlay,test,cosmos-laundromat,library,blender,overlay,10.0,188.056,False,False,True,0.194,False,True,0.194,True,True,0.056
cosmos-laundromat-002-speed,test,cosmos-laundromat,library,blender,speed,10.0,188.056,False,True,True,1.194,True,True,1.194,True,True,1.111
cosmos-laundromat-002-screen_recording,test,cosmos-laundromat,library,blender,screen_recording,10.0,188.056,False,True,True,0.194,True,True,0.194,True,True,0.056
cosmos-laundromat-003-original,val,cosmos-laundromat,library,blender,original,5.0,224.087,False,True,True,0.163,True,True,0.163,True,True,0.08
cosmos-laundromat-003-compression,val,cosmos-laundromat,library,blender,compression,5.0,224.087,False,True,True,0.163,True,True,0.163,True,True,0.087
cosmos-laundromat-003-downscale,val,cosmos-laundromat,library,blender,downscale,5.0,224.087,False,True,True,0.163,True,True,0.163,True,True,0.087
cosmos-laundromat-003-crop,val,cosmos-laundromat,library,blender,crop,5.0,224.087,False,True,True,0.163,True,True,0.163,False,True,0.413
cosmos-laundromat-003-letterbox,val,cosmos-laundromat,library,blender,letterbox,5.0,224.087,False,True,True,94.663,True,True,94.663,False,True,7.254
cosmos-laundromat-003-mirror,val,cosmos-laundromat,library,blender,mirror,5.0,224.087,False,True,True,0.163,True,True,0.163,True,True,0.08
cosmos-laundromat-003-color,val,cosmos-laundromat,library,blender,color,5.0,224.087,False,True,True,0.163,False,True,0.163,False,True,0.08
cosmos-laundromat-003-overlay,val,cosmos-laundromat,library,blender,overlay,5.0,224.087,False,False,True,0.163,False,True,0.163,True,True,0.087
cosmos-laundromat-003-speed,val,cosmos-laundromat,library,blender,speed,5.0,224.087,False,True,True,1.163,True,True,1.163,True,True,0.746
cosmos-laundromat-003-screen_recording,val,cosmos-laundromat,library,blender,screen_recording,5.0,224.087,False,True,True,0.163,False,True,0.163,True,True,0.08
cosmos-laundromat-004-original,test,cosmos-laundromat,library,blender,original,5.0,303.44,False,True,True,0.19,True,True,0.19,True,True,0.107
cosmos-laundromat-004-compression,test,cosmos-laundromat,library,blender,compression,5.0,303.44,False,True,True,0.19,True,True,0.19,True,True,0.107
cosmos-laundromat-004-downscale,test,cosmos-laundromat,library,blender,downscale,5.0,303.44,False,True,True,0.19,True,True,0.19,True,True,0.107
cosmos-laundromat-004-crop,test,cosmos-laundromat,library,blender,crop,5.0,303.44,False,True,True,0.19,True,True,0.19,False,True,0.107
cosmos-laundromat-004-letterbox,test,cosmos-laundromat,library,blender,letterbox,5.0,303.44,False,True,True,118.19,True,True,118.19,False,True,76.273
cosmos-laundromat-004-mirror,test,cosmos-laundromat,library,blender,mirror,5.0,303.44,False,True,True,0.19,True,True,0.19,True,True,0.06
cosmos-laundromat-004-color,test,cosmos-laundromat,library,blender,color,5.0,303.44,False,False,True,9.19,False,True,9.19,False,True,0.06
cosmos-laundromat-004-overlay,test,cosmos-laundromat,library,blender,overlay,5.0,303.44,False,True,True,0.19,False,True,0.19,True,True,0.107
cosmos-laundromat-004-speed,test,cosmos-laundromat,library,blender,speed,5.0,303.44,False,True,True,0.31,True,True,0.31,True,True,0.56
cosmos-laundromat-004-screen_recording,test,cosmos-laundromat,library,blender,screen_recording,5.0,303.44,False,True,True,0.31,True,True,0.31,True,True,0.06
cosmos-laundromat-005-original,test,cosmos-laundromat,library,blender,original,5.0,332.455,False,True,True,0.295,True,True,0.295,True,True,0.122
cosmos-laundromat-005-compression,test,cosmos-laundromat,library,blender,compression,5.0,332.455,False,True,True,0.205,True,True,0.205,True,True,0.045
cosmos-laundromat-005-downscale,test,cosmos-laundromat,library,blender,downscale,5.0,332.455,False,True,True,0.295,True,True,0.295,True,True,0.045
cosmos-laundromat-005-crop,test,cosmos-laundromat,library,blender,crop,5.0,332.455,False,True,True,0.205,True,True,0.205,False,True,0.288
cosmos-laundromat-005-letterbox,test,cosmos-laundromat,library,blender,letterbox,5.0,332.455,False,True,True,0.205,False,True,0.205,False,True,0.122
cosmos-laundromat-005-mirror,test,cosmos-laundromat,library,blender,mirror,5.0,332.455,False,True,True,0.295,True,True,0.295,True,True,0.045
cosmos-laundromat-005-color,test,cosmos-laundromat,library,blender,color,5.0,332.455,False,True,True,0.295,True,True,0.295,True,True,0.045
cosmos-laundromat-005-overlay,test,cosmos-laundromat,library,blender,overlay,5.0,332.455,False,True,True,0.295,False,True,0.295,True,True,0.122
cosmos-laundromat-005-speed,test,cosmos-laundromat,library,blender,speed,5.0,332.455,False,True,True,0.795,True,True,0.795,True,True,0.545
cosmos-laundromat-005-screen_recording,test,cosmos-laundromat,library,blender,screen_recording,5.0,332.455,False,True,True,0.205,False,True,0.205,True,True,0.122
cosmos-laundromat-006-original,test,cosmos-laundromat,library,blender,original,5.0,385.73,False,True,True,0.02,True,True,0.02,True,True,0.103
cosmos-laundromat-006-compression,test,cosmos-laundromat,library,blender,compression,5.0,385.73,False,True,True,0.02,True,True,0.02,True,True,0.103
cosmos-laundromat-006-downscale,test,cosmos-laundromat,library,blender,downscale,5.0,385.73,False,True,True,0.02,True,True,0.02,True,True,0.103
cosmos-laundromat-006-crop,test,cosmos-laundromat,library,blender,crop,5.0,385.73,False,True,True,0.02,False,True,0.02,True,True,0.23
cosmos-laundromat-006-letterbox,test,cosmos-laundromat,library,blender,letterbox,5.0,385.73,False,False,True,0.02,False,True,0.02,False,True,0.397
cosmos-laundromat-006-mirror,test,cosmos-laundromat,library,blender,mirror,5.0,385.73,False,True,True,0.02,True,True,0.02,True,True,0.103
cosmos-laundromat-006-color,test,cosmos-laundromat,library,blender,color,5.0,385.73,False,True,True,0.02,True,True,0.02,True,True,0.103
cosmos-laundromat-006-overlay,test,cosmos-laundromat,library,blender,overlay,5.0,385.73,False,False,True,0.02,False,True,0.02,True,True,0.103
cosmos-laundromat-006-speed,test,cosmos-laundromat,library,blender,speed,5.0,385.73,False,True,True,0.02,True,True,0.02,True,True,0.27
cosmos-laundromat-006-screen_recording,test,cosmos-laundromat,library,blender,screen_recording,5.0,385.73,False,False,True,0.02,False,True,0.02,False,True,0.397
cosmos-laundromat-007-original,val,cosmos-laundromat,library,blender,original,3.0,418.892,False,True,True,0.142,True,True,0.142,True,True,0.059
cosmos-laundromat-007-compression,val,cosmos-laundromat,library,blender,compression,3.0,418.892,False,False,False,2012.358,False,False,2012.358,False,False,2028.316
cosmos-laundromat-007-downscale,val,cosmos-laundromat,library,blender,downscale,3.0,418.892,False,False,True,0.142,False,True,0.142,True,True,0.059
cosmos-laundromat-007-crop,val,cosmos-laundromat,library,blender,crop,3.0,418.892,False,True,True,0.358,True,True,0.358,False,True,0.441
cosmos-laundromat-007-letterbox,val,cosmos-laundromat,library,blender,letterbox,3.0,418.892,False,True,True,0.142,True,True,0.142,False,True,0.059
cosmos-laundromat-007-mirror,val,cosmos-laundromat,library,blender,mirror,3.0,418.892,False,True,True,0.142,True,True,0.142,True,True,0.059
cosmos-laundromat-007-color,val,cosmos-laundromat,library,blender,color,3.0,418.892,False,True,True,0.142,True,True,0.142,True,True,0.225
cosmos-laundromat-007-overlay,val,cosmos-laundromat,library,blender,overlay,3.0,418.892,False,False,True,0.142,False,True,0.142,True,True,0.059
cosmos-laundromat-007-speed,val,cosmos-laundromat,library,blender,speed,3.0,418.892,False,True,True,0.358,True,True,0.358,True,True,0.275
cosmos-laundromat-007-screen_recording,val,cosmos-laundromat,library,blender,screen_recording,3.0,418.892,False,False,True,0.142,False,True,0.142,True,True,0.108
cosmos-laundromat-008-original,val,cosmos-laundromat,library,blender,original,10.0,487.759,False,True,True,0.009,True,True,0.009,True,True,0.092
cosmos-laundromat-008-compression,val,cosmos-laundromat,library,blender,compression,10.0,487.759,False,True,True,0.009,True,True,0.009,True,True,0.074
cosmos-laundromat-008-downscale,val,cosmos-laundromat,library,blender,downscale,10.0,487.759,False,False,True,0.491,False,True,0.491,True,True,0.074
cosmos-laundromat-008-crop,val,cosmos-laundromat,library,blender,crop,10.0,487.759,False,False,True,9.991,False,True,9.991,False,True,10.074
cosmos-laundromat-008-letterbox,val,cosmos-laundromat,library,blender,letterbox,10.0,487.759,False,False,True,0.009,False,True,0.009,True,True,0.092
cosmos-laundromat-008-mirror,val,cosmos-laundromat,library,blender,mirror,10.0,487.759,False,True,True,0.009,True,True,0.009,True,True,0.074
cosmos-laundromat-008-color,val,cosmos-laundromat,library,blender,color,10.0,487.759,False,True,True,0.009,True,True,0.009,True,True,0.074
cosmos-laundromat-008-overlay,val,cosmos-laundromat,library,blender,overlay,10.0,487.759,False,False,True,0.009,False,True,0.009,True,True,0.074
cosmos-laundromat-008-speed,val,cosmos-laundromat,library,blender,speed,10.0,487.759,False,True,True,1.491,True,True,1.491,True,True,0.908
cosmos-laundromat-008-screen_recording,val,cosmos-laundromat,library,blender,screen_recording,10.0,487.759,False,True,True,0.009,False,True,0.009,True,True,0.092
cosmos-laundromat-009-original,test,cosmos-laundromat,library,blender,original,5.0,529.062,False,False,True,0.188,False,True,0.188,True,True,0.062
cosmos-laundromat-009-compression,test,cosmos-laundromat,library,blender,compression,5.0,529.062,False,True,True,0.188,True,True,0.188,True,True,0.062
cosmos-laundromat-009-downscale,test,cosmos-laundromat,library,blender,downscale,5.0,529.062,False,True,True,0.312,True,True,0.312,True,True,0.105
cosmos-laundromat-009-crop,test,cosmos-laundromat,library,blender,crop,5.0,529.062,False,True,True,0.312,True,True,0.312,True,True,0.271
cosmos-laundromat-009-letterbox,test,cosmos-laundromat,library,blender,letterbox,5.0,529.062,False,True,True,4.812,True,True,4.812,True,True,3.562
cosmos-laundromat-009-mirror,test,cosmos-laundromat,library,blender,mirror,5.0,529.062,False,False,True,0.188,False,True,0.188,True,True,0.062
cosmos-laundromat-009-color,test,cosmos-laundromat,library,blender,color,5.0,529.062,False,False,True,0.188,False,True,0.188,True,True,0.062
cosmos-laundromat-009-overlay,test,cosmos-laundromat,library,blender,overlay,5.0,529.062,False,True,True,0.188,True,True,0.188,True,True,0.062
cosmos-laundromat-009-speed,test,cosmos-laundromat,library,blender,speed,5.0,529.062,False,True,True,0.188,True,True,0.188,True,True,0.605
cosmos-laundromat-009-screen_recording,test,cosmos-laundromat,library,blender,screen_recording,5.0,529.062,False,True,True,0.688,True,True,0.688,True,True,0.271
cosmos-laundromat-010-original,val,cosmos-laundromat,library,blender,original,3.0,578.176,False,False,True,0.074,False,True,0.074,True,True,0.009
cosmos-laundromat-010-compression,val,cosmos-laundromat,library,blender,compression,3.0,578.176,False,False,True,0.574,False,True,0.574,True,True,0.176
cosmos-laundromat-010-downscale,val,cosmos-laundromat,library,blender,downscale,3.0,578.176,False,True,True,0.074,True,True,0.074,True,True,0.176
cosmos-laundromat-010-crop,val,cosmos-laundromat,library,blender,crop,3.0,578.176,False,True,True,1.426,True,True,1.426,True,True,2.676
cosmos-laundromat-010-letterbox,val,cosmos-laundromat,library,blender,letterbox,3.0,578.176,False,False,True,6.426,False,True,6.426,True,True,6.176
cosmos-laundromat-010-mirror,val,cosmos-laundromat,library,blender,mirror,3.0,578.176,False,True,True,0.074,True,True,0.074,True,True,0.009
cosmos-laundromat-010-color,val,cosmos-laundromat,library,blender,color,3.0,578.176,False,False,True,0.074,False,True,0.074,True,True,0.009
cosmos-laundromat-010-overlay,val,cosmos-laundromat,library,blender,overlay,3.0,578.176,False,False,True,0.074,False,True,0.074,True,True,0.009
cosmos-laundromat-010-speed,val,cosmos-laundromat,library,blender,speed,3.0,578.176,False,False,True,0.074,False,True,0.074,True,True,0.324
cosmos-laundromat-010-screen_recording,val,cosmos-laundromat,library,blender,screen_recording,3.0,578.176,False,True,True,0.574,True,True,0.574,True,True,0.657
cosmos-laundromat-011-original,test,cosmos-laundromat,library,blender,original,3.0,634.671,False,True,True,0.421,True,True,0.421,True,True,0.671
cosmos-laundromat-011-compression,test,cosmos-laundromat,library,blender,compression,3.0,634.671,False,True,True,0.421,True,True,0.421,True,True,0.338
cosmos-laundromat-011-downscale,test,cosmos-laundromat,library,blender,downscale,3.0,634.671,False,False,True,0.079,False,True,0.079,True,True,0.004
cosmos-laundromat-011-crop,test,cosmos-laundromat,library,blender,crop,3.0,634.671,False,False,True,17.579,False,True,17.579,False,True,17.829
cosmos-laundromat-011-letterbox,test,cosmos-laundromat,library,blender,letterbox,3.0,634.671,False,False,True,80.579,False,True,80.579,False,True,81.662
cosmos-laundromat-011-mirror,test,cosmos-laundromat,library,blender,mirror,3.0,634.671,False,False,True,14.079,False,True,14.079,False,True,13.329
cosmos-laundromat-011-color,test,cosmos-laundromat,library,blender,color,3.0,634.671,False,True,True,0.421,True,True,0.421,True,True,0.004
cosmos-laundromat-011-overlay,test,cosmos-laundromat,library,blender,overlay,3.0,634.671,False,True,True,0.079,True,True,0.079,True,True,0.004
cosmos-laundromat-011-speed,test,cosmos-laundromat,library,blender,speed,3.0,634.671,False,True,True,0.079,True,True,0.079,True,True,0.171
cosmos-laundromat-011-screen_recording,test,cosmos-laundromat,library,blender,screen_recording,3.0,634.671,False,False,True,0.079,False,True,0.079,False,True,0.004
caminandes-1-000-original,val,caminandes-1,library,caminandes,original,10.0,7.665,False,True,True,0.085,True,True,0.085,True,True,0.002
caminandes-1-000-compression,val,caminandes-1,library,caminandes,compression,10.0,7.665,False,True,True,0.085,False,True,0.085,False,True,0.002
caminandes-1-000-downscale,val,caminandes-1,library,caminandes,downscale,10.0,7.665,False,True,True,0.085,False,True,0.085,False,True,0.002
caminandes-1-000-crop,val,caminandes-1,library,caminandes,crop,10.0,7.665,False,True,True,0.085,True,True,0.085,False,True,0.165
caminandes-1-000-letterbox,val,caminandes-1,library,caminandes,letterbox,10.0,7.665,False,True,True,0.085,True,True,0.085,False,True,0.165
caminandes-1-000-mirror,val,caminandes-1,library,caminandes,mirror,10.0,7.665,False,True,True,0.085,True,True,0.085,True,True,0.002
caminandes-1-000-color,val,caminandes-1,library,caminandes,color,10.0,7.665,False,True,True,0.085,True,True,0.085,True,True,0.002
caminandes-1-000-overlay,val,caminandes-1,library,caminandes,overlay,10.0,7.665,False,True,True,0.085,True,True,0.085,True,True,0.002
caminandes-1-000-speed,val,caminandes-1,library,caminandes,speed,10.0,7.665,False,True,True,1.085,True,True,1.085,False,True,1.002
caminandes-1-000-screen_recording,val,caminandes-1,library,caminandes,screen_recording,10.0,7.665,False,False,True,0.085,False,True,0.085,False,True,0.165
caminandes-1-001-original,test,caminandes-1,library,caminandes,original,10.0,29.615,False,True,True,0.135,True,True,0.135,True,True,0.052
caminandes-1-001-compression,test,caminandes-1,library,caminandes,compression,10.0,29.615,False,True,True,0.135,True,True,0.135,True,True,0.052
caminandes-1-001-downscale,test,caminandes-1,library,caminandes,downscale,10.0,29.615,False,True,True,0.135,False,True,0.135,True,True,0.052
caminandes-1-001-crop,test,caminandes-1,library,caminandes,crop,10.0,29.615,False,True,True,0.365,True,True,0.365,True,True,0.282
caminandes-1-001-letterbox,test,caminandes-1,library,caminandes,letterbox,10.0,29.615,False,True,True,0.135,True,True,0.135,False,True,0.218
caminandes-1-001-mirror,test,caminandes-1,library,caminandes,mirror,10.0,29.615,False,True,True,0.135,True,True,0.135,True,True,0.052
caminandes-1-001-color,test,caminandes-1,library,caminandes,color,10.0,29.615,False,True,True,0.135,True,True,0.135,True,True,0.218
caminandes-1-001-overlay,test,caminandes-1,library,caminandes,overlay,10.0,29.615,False,True,True,0.135,False,True,0.135,True,True,0.052
caminandes-1-001-speed,test,caminandes-1,library,caminandes,speed,10.0,29.615,False,True,True,2.135,True,True,2.135,True,True,1.552
caminandes-1-001-screen_recording,test,caminandes-1,library,caminandes,screen_recording,10.0,29.615,False,False,True,0.135,False,True,0.135,True,True,0.218
caminandes-1-002-original,test,caminandes-1,library,caminandes,original,3.0,47.206,False,False,True,0.044,False,True,0.044,False,True,0.039
caminandes-1-002-compression,test,caminandes-1,library,caminandes,compression,3.0,47.206,False,False,True,0.044,False,True,0.044,False,True,0.039
caminandes-1-002-downscale,test,caminandes-1,library,caminandes,downscale,3.0,47.206,False,False,True,0.044,False,True,0.044,False,True,0.039
caminandes-1-002-crop,test,caminandes-1,library,caminandes,crop,3.0,47.206,False,False,True,0.044,False,True,0.044,False,True,0.039
caminandes-1-002-letterbox,test,caminandes-1,library,caminandes,letterbox,3.0,47.206,False,False,True,0.044,False,True,0.044,False,True,0.039
caminandes-1-002-mirror,test,caminandes-1,library,caminandes,mirror,3.0,47.206,False,False,True,0.044,False,True,0.044,False,True,0.039
caminandes-1-002-color,test,caminandes-1,library,caminandes,color,3.0,47.206,False,False,True,0.044,False,True,0.044,False,True,0.039
caminandes-1-002-overlay,test,caminandes-1,library,caminandes,overlay,3.0,47.206,False,False,True,0.044,False,True,0.044,False,True,0.039
caminandes-1-002-speed,test,caminandes-1,library,caminandes,speed,3.0,47.206,False,False,True,1.044,False,True,1.044,False,True,0.627
caminandes-1-002-screen_recording,test,caminandes-1,library,caminandes,screen_recording,3.0,47.206,False,False,True,0.044,False,True,0.044,False,True,0.039
caminandes-1-003-original,val,caminandes-1,library,caminandes,original,3.0,67.13,False,False,True,0.12,False,True,0.12,True,True,0.463
caminandes-1-003-compression,val,caminandes-1,library,caminandes,compression,3.0,67.13,False,False,True,0.88,False,True,0.88,True,True,1.63
caminandes-1-003-downscale,val,caminandes-1,library,caminandes,downscale,3.0,67.13,False,False,True,1.38,False,True,1.38,True,True,1.797
caminandes-1-003-crop,val,caminandes-1,library,caminandes,crop,3.0,67.13,False,False,True,0.12,False,True,0.12,True,True,0.13
caminandes-1-003-letterbox,val,caminandes-1,library,caminandes,letterbox,3.0,67.13,False,True,True,0.62,False,True,0.62,True,True,1.37
caminandes-1-003-mirror,val,caminandes-1,library,caminandes,mirror,3.0,67.13,False,False,True,0.38,False,True,0.38,True,True,0.963
caminandes-1-003-color,val,caminandes-1,library,caminandes,color,3.0,67.13,False,False,True,0.38,False,True,0.38,True,True,0.203
caminandes-1-003-overlay,val,caminandes-1,library,caminandes,overlay,3.0,67.13,False,False,True,1.38,False,True,1.38,True,True,1.463
caminandes-1-003-speed,val,caminandes-1,library,caminandes,speed,3.0,67.13,False,False,True,0.12,False,True,0.12,True,True,0.203
caminandes-1-003-screen_recording,val,caminandes-1,library,caminandes,screen_recording,3.0,67.13,False,True,True,1.38,True,True,1.38,True,True,1.963
caminandes-2-000-original,val,caminandes-2,library,caminandes,original,10.0,15.382,False,True,True,0.368,True,True,0.368,True,True,0.049
caminandes-2-000-compression,val,caminandes-2,library,caminandes,compression,10.0,15.382,False,True,True,0.368,True,True,0.368,True,True,0.049
caminandes-2-000-downscale,val,caminandes-2,library,caminandes,downscale,10.0,15.382,False,True,True,0.368,False,True,0.368,True,True,0.049
caminandes-2-000-crop,val,caminandes-2,library,caminandes,crop,10.0,15.382,False,True,True,0.132,True,True,0.132,False,True,0.118
caminandes-2-000-letterbox,val,caminandes-2,library,caminandes,letterbox,10.0,15.382,False,False,True,0.368,False,True,0.368,False,True,0.118
caminandes-2-000-mirror,val,caminandes-2,library,caminandes,mirror,10.0,15.382,False,True,True,0.368,True,True,0.368,True,True,0.049
caminandes-2-000-color,val,caminandes-2,library,caminandes,color,10.0,15.382,False,True,True,0.368,True,True,0.368,True,True,0.049
caminandes-2-000-overlay,val,caminandes-2,library,caminandes,overlay,10.0,15.382,False,False,True,0.368,False,True,0.368,True,True,0.049
caminandes-2-000-speed,val,caminandes-2,library,caminandes,speed,10.0,15.382,False,True,True,1.368,True,True,1.368,True,True,1.118
caminandes-2-000-screen_recording,val,caminandes-2,library,caminandes,screen_recording,10.0,15.382,False,False,True,0.368,False,True,0.368,True,True,0.049
caminandes-2-001-original,val,caminandes-2,library,caminandes,original,10.0,57.0,False,True,True,0.25,True,True,0.25,True,True,0.0
caminandes-2-001-compression,val,caminandes-2,library,caminandes,compression,10.0,57.0,False,True,True,0.25,True,True,0.25,True,True,0.0
caminandes-2-001-downscale,val,caminandes-2,library,caminandes,downscale,10.0,57.0,False,True,True,0.25,True,True,0.25,True,True,0.0
caminandes-2-001-crop,val,caminandes-2,library,caminandes,crop,10.0,57.0,False,True,True,0.25,True,True,0.25,False,True,0.0
caminandes-2-001-letterbox,val,caminandes-2,library,caminandes,letterbox,10.0,57.0,False,True,True,0.25,False,True,0.25,True,True,0.0
caminandes-2-001-mirror,val,caminandes-2,library,caminandes,mirror,10.0,57.0,False,True,True,0.25,True,True,0.25,True,True,0.0
caminandes-2-001-color,val,caminandes-2,library,caminandes,color,10.0,57.0,False,True,True,0.25,True,True,0.25,True,True,0.0
caminandes-2-001-overlay,val,caminandes-2,library,caminandes,overlay,10.0,57.0,False,True,True,0.25,True,True,0.25,True,True,0.0
caminandes-2-001-speed,val,caminandes-2,library,caminandes,speed,10.0,57.0,False,True,True,1.25,True,True,1.25,True,True,0.833
caminandes-2-001-screen_recording,val,caminandes-2,library,caminandes,screen_recording,10.0,57.0,False,False,True,0.25,False,True,0.25,False,True,0.0
caminandes-2-002-original,test,caminandes-2,library,caminandes,original,10.0,80.379,False,False,True,0.129,False,True,0.129,True,True,0.046
caminandes-2-002-compression,test,caminandes-2,library,caminandes,compression,10.0,80.379,False,False,True,0.129,False,True,0.129,True,True,0.046
caminandes-2-002-downscale,test,caminandes-2,library,caminandes,downscale,10.0,80.379,False,False,True,0.129,False,True,0.129,True,True,0.046
caminandes-2-002-crop,test,caminandes-2,library,caminandes,crop,10.0,80.379,False,False,True,0.129,False,True,0.129,True,True,0.046
caminandes-2-002-letterbox,test,caminandes-2,library,caminandes,letterbox,10.0,80.379,False,False,True,0.129,False,True,0.129,True,True,0.121
caminandes-2-002-mirror,test,caminandes-2,library,caminandes,mirror,10.0,80.379,False,False,True,0.129,False,True,0.129,True,True,0.046
caminandes-2-002-color,test,caminandes-2,library,caminandes,color,10.0,80.379,False,False,True,0.129,False,True,0.129,True,True,0.046
caminandes-2-002-overlay,test,caminandes-2,library,caminandes,overlay,10.0,80.379,False,False,True,0.129,False,True,0.129,True,True,0.046
caminandes-2-002-speed,test,caminandes-2,library,caminandes,speed,10.0,80.379,False,False,True,1.371,False,True,1.371,True,True,0.954
caminandes-2-002-screen_recording,test,caminandes-2,library,caminandes,screen_recording,10.0,80.379,False,False,True,0.129,False,True,0.129,True,True,0.121
caminandes-2-003-original,test,caminandes-2,library,caminandes,original,3.0,111.868,False,False,True,0.118,False,True,0.118,True,True,0.035
caminandes-2-003-compression,test,caminandes-2,library,caminandes,compression,3.0,111.868,False,False,True,0.118,False,True,0.118,True,True,0.132
caminandes-2-003-downscale,test,caminandes-2,library,caminandes,downscale,3.0,111.868,False,False,True,0.118,False,True,0.118,True,True,0.132
caminandes-2-003-crop,test,caminandes-2,library,caminandes,crop,3.0,111.868,False,False,True,0.118,False,True,0.118,True,True,0.299
caminandes-2-003-letterbox,test,caminandes-2,library,caminandes,letterbox,3.0,111.868,False,False,True,0.118,False,True,0.118,True,True,0.035
caminandes-2-003-mirror,test,caminandes-2,library,caminandes,mirror,3.0,111.868,False,False,True,0.118,False,True,0.118,True,True,0.132
caminandes-2-003-color,test,caminandes-2,library,caminandes,color,3.0,111.868,False,False,True,0.382,False,True,0.382,True,True,0.201
caminandes-2-003-overlay,test,caminandes-2,library,caminandes,overlay,3.0,111.868,False,False,True,0.382,False,True,0.382,True,True,0.299
caminandes-2-003-speed,test,caminandes-2,library,caminandes,speed,3.0,111.868,False,False,True,0.382,False,True,0.382,True,True,0.299
caminandes-2-003-screen_recording,test,caminandes-2,library,caminandes,screen_recording,3.0,111.868,False,False,True,0.118,False,True,0.118,True,True,0.201
night-of-the-living-dead-000-original,val,night-of-the-living-dead,library,bw-horror,original,10.0,517.838,False,True,True,0.088,True,True,0.088,True,True,0.01
night-of-the-living-dead-000-compression,val,night-of-the-living-dead,library,bw-horror,compression,10.0,517.838,False,True,True,0.088,False,True,0.088,False,True,0.157
night-of-the-living-dead-000-downscale,val,night-of-the-living-dead,library,bw-horror,downscale,10.0,517.838,False,True,True,0.088,True,True,0.088,True,True,0.01
night-of-the-living-dead-000-crop,val,night-of-the-living-dead,library,bw-horror,crop,10.0,517.838,False,True,True,0.588,True,True,0.588,False,True,0.323
night-of-the-living-dead-000-letterbox,val,night-of-the-living-dead,library,bw-horror,letterbox,10.0,517.838,False,True,True,0.088,False,True,0.088,False,True,0.177
night-of-the-living-dead-000-mirror,val,night-of-the-living-dead,library,bw-horror,mirror,10.0,517.838,False,True,True,0.088,True,True,0.088,True,True,0.01
night-of-the-living-dead-000-color,val,night-of-the-living-dead,library,bw-horror,color,10.0,517.838,False,False,True,0.088,False,True,0.088,True,True,0.01
night-of-the-living-dead-000-overlay,val,night-of-the-living-dead,library,bw-horror,overlay,10.0,517.838,False,False,True,0.088,False,True,0.088,False,True,0.01
night-of-the-living-dead-000-speed,val,night-of-the-living-dead,library,bw-horror,speed,10.0,517.838,False,True,True,0.912,True,True,0.912,True,True,1.178
night-of-the-living-dead-000-screen_recording,val,night-of-the-living-dead,library,bw-horror,screen_recording,10.0,517.838,False,False,True,0.088,False,True,0.088,False,True,0.323
night-of-the-living-dead-001-original,val,night-of-the-living-dead,library,bw-horror,original,5.0,589.325,False,True,True,0.075,True,True,0.075,True,True,0.041
night-of-the-living-dead-001-compression,val,night-of-the-living-dead,library,bw-horror,compression,5.0,589.325,False,False,True,0.575,False,True,0.575,True,True,0.793
night-of-the-living-dead-001-downscale,val,night-of-the-living-dead,library,bw-horror,downscale,5.0,589.325,False,True,True,0.075,True,True,0.075,True,True,0.126
night-of-the-living-dead-001-crop,val,night-of-the-living-dead,library,bw-horror,crop,5.0,589.325,False,False,True,0.075,False,True,0.075,False,True,0.041
night-of-the-living-dead-001-letterbox,val,night-of-the-living-dead,library,bw-horror,letterbox,5.0,589.325,False,False,True,0.075,False,True,0.075,True,True,0.208
night-of-the-living-dead-001-mirror,val,night-of-the-living-dead,library,bw-horror,mirror,5.0,589.325,False,True,True,0.075,True,True,0.075,True,True,0.041
night-of-the-living-dead-001-color,val,night-of-the-living-dead,library,bw-horror,color,5.0,589.325,False,False,True,0.075,False,True,0.075,True,True,0.041
night-of-the-living-dead-001-overlay,val,night-of-the-living-dead,library,bw-horror,overlay,5.0,589.325,False,False,True,0.075,False,True,0.075,True,True,0.041
night-of-the-living-dead-001-speed,val,night-of-the-living-dead,library,bw-horror,speed,5.0,589.325,False,True,True,0.425,True,True,0.425,True,True,0.542
night-of-the-living-dead-001-screen_recording,val,night-of-the-living-dead,library,bw-horror,screen_recording,5.0,589.325,False,False,True,0.575,False,True,0.575,False,True,0.126
night-of-the-living-dead-002-original,test,night-of-the-living-dead,library,bw-horror,original,10.0,682.256,False,True,True,0.006,True,True,0.006,True,True,0.062
night-of-the-living-dead-002-compression,test,night-of-the-living-dead,library,bw-horror,compression,10.0,682.256,False,True,True,0.006,True,True,0.006,False,True,0.062
night-of-the-living-dead-002-downscale,test,night-of-the-living-dead,library,bw-horror,downscale,10.0,682.256,False,True,True,0.006,True,True,0.006,True,True,0.063
night-of-the-living-dead-002-crop,test,night-of-the-living-dead,library,bw-horror,crop,10.0,682.256,False,True,True,0.006,True,True,0.006,True,True,0.104
night-of-the-living-dead-002-letterbox,test,night-of-the-living-dead,library,bw-horror,letterbox,10.0,682.256,False,True,True,0.006,True,True,0.006,False,True,0.396
night-of-the-living-dead-002-mirror,test,night-of-the-living-dead,library,bw-horror,mirror,10.0,682.256,False,True,True,0.006,True,True,0.006,True,True,0.062
night-of-the-living-dead-002-color,test,night-of-the-living-dead,library,bw-horror,color,10.0,682.256,False,True,True,0.006,True,True,0.006,False,True,0.062
night-of-the-living-dead-002-overlay,test,night-of-the-living-dead,library,bw-horror,overlay,10.0,682.256,False,False,True,0.006,False,True,0.006,True,True,0.063
night-of-the-living-dead-002-speed,test,night-of-the-living-dead,library,bw-horror,speed,10.0,682.256,False,True,True,1.494,True,True,1.494,True,True,0.772
night-of-the-living-dead-002-screen_recording,test,night-of-the-living-dead,library,bw-horror,screen_recording,10.0,682.256,False,False,True,0.006,False,True,0.006,False,True,0.104
night-of-the-living-dead-003-original,test,night-of-the-living-dead,library,bw-horror,original,5.0,759.564,False,True,True,0.186,True,True,0.186,True,True,0.056
night-of-the-living-dead-003-compression,test,night-of-the-living-dead,library,bw-horror,compression,5.0,759.564,False,False,True,0.314,False,True,0.314,False,True,0.223
night-of-the-living-dead-003-downscale,test,night-of-the-living-dead,library,bw-horror,downscale,5.0,759.564,False,True,True,0.186,True,True,0.186,False,True,0.056
night-of-the-living-dead-003-crop,test,night-of-the-living-dead,library,bw-horror,crop,5.0,759.564,False,False,True,0.314,False,True,0.314,False,True,0.056
night-of-the-living-dead-003-letterbox,test,night-of-the-living-dead,library,bw-horror,letterbox,5.0,759.564,False,False,True,0.186,False,True,0.186,False,True,0.056
night-of-the-living-dead-003-mirror,test,night-of-the-living-dead,library,bw-horror,mirror,5.0,759.564,False,True,True,0.186,True,True,0.186,True,True,0.056
night-of-the-living-dead-003-color,test,night-of-the-living-dead,library,bw-horror,color,5.0,759.564,False,True,True,0.186,True,True,0.186,True,True,0.056
night-of-the-living-dead-003-overlay,test,night-of-the-living-dead,library,bw-horror,overlay,5.0,759.564,False,False,True,0.186,False,True,0.186,False,True,0.056
night-of-the-living-dead-003-speed,test,night-of-the-living-dead,library,bw-horror,speed,5.0,759.564,False,True,True,0.686,True,True,0.686,True,True,0.056
night-of-the-living-dead-003-screen_recording,test,night-of-the-living-dead,library,bw-horror,screen_recording,5.0,759.564,False,False,True,0.186,False,True,0.186,False,True,52.279
night-of-the-living-dead-004-original,test,night-of-the-living-dead,library,bw-horror,original,3.0,830.683,False,True,True,0.067,True,True,0.067,True,True,0.009
night-of-the-living-dead-004-compression,test,night-of-the-living-dead,library,bw-horror,compression,3.0,830.683,False,False,True,0.067,False,True,0.067,True,True,0.158
night-of-the-living-dead-004-downscale,test,night-of-the-living-dead,library,bw-horror,downscale,3.0,830.683,False,True,True,0.067,True,True,0.067,True,True,0.158
night-of-the-living-dead-004-crop,test,night-of-the-living-dead,library,bw-horror,crop,3.0,830.683,False,True,True,0.933,True,True,0.933,True,True,0.158
night-of-the-living-dead-004-letterbox,test,night-of-the-living-dead,library,bw-horror,letterbox,3.0,830.683,False,False,True,0.067,False,True,0.067,False,True,0.51
night-of-the-living-dead-004-mirror,test,night-of-the-living-dead,library,bw-horror,mirror,3.0,830.683,False,True,True,0.067,True,True,0.067,True,True,0.009
night-of-the-living-dead-004-color,test,night-of-the-living-dead,library,bw-horror,color,3.0,830.683,False,False,True,0.433,False,True,0.433,True,True,0.158
night-of-the-living-dead-004-overlay,test,night-of-the-living-dead,library,bw-horror,overlay,3.0,830.683,False,False,True,0.067,False,True,0.067,False,True,0.491
night-of-the-living-dead-004-speed,test,night-of-the-living-dead,library,bw-horror,speed,3.0,830.683,False,True,True,0.567,True,True,0.567,True,True,0.176
night-of-the-living-dead-004-screen_recording,test,night-of-the-living-dead,library,bw-horror,screen_recording,3.0,830.683,False,False,False,740.067,False,False,740.067,True,True,0.324
night-of-the-living-dead-005-original,val,night-of-the-living-dead,library,bw-horror,original,5.0,908.201,False,True,True,0.049,True,True,0.049,True,True,0.139
night-of-the-living-dead-005-compression,val,night-of-the-living-dead,library,bw-horror,compression,5.0,908.201,False,True,True,0.049,False,True,0.049,False,True,0.528
night-of-the-living-dead-005-downscale,val,night-of-the-living-dead,library,bw-horror,downscale,5.0,908.201,False,True,True,0.049,True,True,0.049,True,True,0.028
night-of-the-living-dead-005-crop,val,night-of-the-living-dead,library,bw-horror,crop,5.0,908.201,False,False,True,1217.049,False,True,1217.049,False,True,1216.987
night-of-the-living-dead-005-letterbox,val,night-of-the-living-dead,library,bw-horror,letterbox,5.0,908.201,False,True,True,0.549,False,True,0.549,False,True,0.306
night-of-the-living-dead-005-mirror,val,night-of-the-living-dead,library,bw-horror,mirror,5.0,908.201,False,True,True,0.049,True,True,0.049,True,True,0.028
night-of-the-living-dead-005-color,val,night-of-the-living-dead,library,bw-horror,color,5.0,908.201,False,True,True,0.049,True,True,0.049,True,True,0.139
night-of-the-living-dead-005-overlay,val,night-of-the-living-dead,library,bw-horror,overlay,5.0,908.201,False,False,True,0.049,False,True,0.049,True,True,0.139
night-of-the-living-dead-005-speed,val,night-of-the-living-dead,library,bw-horror,speed,5.0,908.201,False,True,True,0.549,True,True,0.549,True,True,0.473
night-of-the-living-dead-005-screen_recording,val,night-of-the-living-dead,library,bw-horror,screen_recording,5.0,908.201,False,False,True,0.049,False,True,0.049,False,True,0.361
night-of-the-living-dead-006-original,val,night-of-the-living-dead,library,bw-horror,original,3.0,956.297,False,True,True,0.047,True,True,0.047,True,True,0.042
night-of-the-living-dead-006-compression,val,night-of-the-living-dead,library,bw-horror,compression,3.0,956.297,False,True,True,0.047,False,True,0.047,True,True,0.208
night-of-the-living-dead-006-downscale,val,night-of-the-living-dead,library,bw-horror,downscale,3.0,956.297,False,True,True,0.047,True,True,0.047,True,True,0.042
night-of-the-living-dead-006-crop,val,night-of-the-living-dead,library,bw-horror,crop,3.0,956.297,False,False,True,206.047,False,True,206.047,False,True,142.535
night-of-the-living-dead-006-letterbox,val,night-of-the-living-dead,library,bw-horror,letterbox,3.0,956.297,False,False,True,4.547,False,True,4.547,False,True,0.459
night-of-the-living-dead-006-mirror,val,night-of-the-living-dead,library,bw-horror,mirror,3.0,956.297,False,True,True,0.047,True,True,0.047,True,True,0.042
night-of-the-living-dead-006-color,val,night-of-the-living-dead,library,bw-horror,color,3.0,956.297,False,True,True,0.047,False,True,0.047,True,True,0.208
night-of-the-living-dead-006-overlay,val,night-of-the-living-dead,library,bw-horror,overlay,3.0,956.297,False,False,True,0.453,False,True,0.453,True,True,0.042
night-of-the-living-dead-006-speed,val,night-of-the-living-dead,library,bw-horror,speed,3.0,956.297,False,True,True,0.453,True,True,0.453,True,True,0.375
night-of-the-living-dead-006-screen_recording,val,night-of-the-living-dead,library,bw-horror,screen_recording,3.0,956.297,False,False,True,361.047,False,True,361.047,False,True,360.926
night-of-the-living-dead-007-original,test,night-of-the-living-dead,library,bw-horror,original,10.0,1080.549,False,True,True,0.201,True,True,0.201,True,True,0.024
night-of-the-living-dead-007-compression,test,night-of-the-living-dead,library,bw-horror,compression,10.0,1080.549,False,False,True,0.201,False,True,0.201,False,True,0.024
night-of-the-living-dead-007-downscale,test,night-of-the-living-dead,library,bw-horror,downscale,10.0,1080.549,False,True,True,0.201,True,True,0.201,False,True,0.024
night-of-the-living-dead-007-crop,test,night-of-the-living-dead,library,bw-horror,crop,10.0,1080.549,False,False,True,0.201,False,True,0.201,False,True,0.19
night-of-the-living-dead-007-letterbox,test,night-of-the-living-dead,library,bw-horror,letterbox,10.0,1080.549,False,False,True,0.201,False,True,0.201,False,True,0.024
night-of-the-living-dead-007-mirror,test,night-of-the-living-dead,library,bw-horror,mirror,10.0,1080.549,False,True,True,0.201,True,True,0.201,True,True,0.143
night-of-the-living-dead-007-color,test,night-of-the-living-dead,library,bw-horror,color,10.0,1080.549,False,True,True,0.201,True,True,0.201,False,True,0.024
night-of-the-living-dead-007-overlay,test,night-of-the-living-dead,library,bw-horror,overlay,10.0,1080.549,False,False,True,0.201,False,True,0.201,False,True,0.19
night-of-the-living-dead-007-speed,test,night-of-the-living-dead,library,bw-horror,speed,10.0,1080.549,False,True,True,1.201,True,True,1.201,False,True,1.144
night-of-the-living-dead-007-screen_recording,test,night-of-the-living-dead,library,bw-horror,screen_recording,10.0,1080.549,False,False,True,0.201,False,True,0.201,False,True,0.024
night-of-the-living-dead-008-original,test,night-of-the-living-dead,library,bw-horror,original,5.0,1114.493,False,True,True,0.257,True,True,0.257,True,True,0.019
night-of-the-living-dead-008-compression,test,night-of-the-living-dead,library,bw-horror,compression,5.0,1114.493,False,False,True,518.243,False,True,518.243,False,True,518.455
night-of-the-living-dead-008-downscale,test,night-of-the-living-dead,library,bw-horror,downscale,5.0,1114.493,False,False,True,0.257,False,True,0.257,False,True,0.019
night-of-the-living-dead-008-crop,test,night-of-the-living-dead,library,bw-horror,crop,5.0,1114.493,False,True,True,4.243,True,True,4.243,False,True,4.485
night-of-the-living-dead-008-letterbox,test,night-of-the-living-dead,library,bw-horror,letterbox,5.0,1114.493,False,False,True,0.257,False,True,0.257,False,True,315.16
night-of-the-living-dead-008-mirror,test,night-of-the-living-dead,library,bw-horror,mirror,5.0,1114.493,False,True,True,0.257,True,True,0.257,True,True,0.186
night-of-the-living-dead-008-color,test,night-of-the-living-dead,library,bw-horror,color,5.0,1114.493,False,True,True,4.743,True,True,4.743,False,True,4.818
night-of-the-living-dead-008-overlay,test,night-of-the-living-dead,library,bw-horror,overlay,5.0,1114.493,False,False,True,5.243,False,True,5.243,False,True,6.153
night-of-the-living-dead-008-speed,test,night-of-the-living-dead,library,bw-horror,speed,5.0,1114.493,False,True,True,0.757,True,True,0.757,True,True,0.353
night-of-the-living-dead-008-screen_recording,test,night-of-the-living-dead,library,bw-horror,screen_recording,5.0,1114.493,False,False,True,1601.257,False,True,1601.257,False,False,335.523
night-of-the-living-dead-009-original,val,night-of-the-living-dead,library,bw-horror,original,5.0,1248.036,False,True,True,0.214,True,True,0.214,True,True,0.004
night-of-the-living-dead-009-compression,val,night-of-the-living-dead,library,bw-horror,compression,5.0,1248.036,False,False,True,0.286,False,True,0.286,False,True,0.205
night-of-the-living-dead-009-downscale,val,night-of-the-living-dead,library,bw-horror,downscale,5.0,1248.036,False,True,True,0.214,True,True,0.214,True,True,0.038
night-of-the-living-dead-009-crop,val,night-of-the-living-dead,library,bw-horror,crop,5.0,1248.036,False,True,True,0.286,False,True,0.286,False,True,0.038
night-of-the-living-dead-009-letterbox,val,night-of-the-living-dead,library,bw-horror,letterbox,5.0,1248.036,False,False,True,0.286,False,True,0.286,False,True,0.163
night-of-the-living-dead-009-mirror,val,night-of-the-living-dead,library,bw-horror,mirror,5.0,1248.036,False,True,True,0.286,True,True,0.286,True,True,0.004
night-of-the-living-dead-009-color,val,night-of-the-living-dead,library,bw-horror,color,5.0,1248.036,False,True,True,0.214,True,True,0.214,True,True,0.038
night-of-the-living-dead-009-overlay,val,night-of-the-living-dead,library,bw-horror,overlay,5.0,1248.036,False,False,True,0.286,False,True,0.286,True,True,0.038
night-of-the-living-dead-009-speed,val,night-of-the-living-dead,library,bw-horror,speed,5.0,1248.036,False,True,True,0.214,True,True,0.214,True,True,0.463
night-of-the-living-dead-009-screen_recording,val,night-of-the-living-dead,library,bw-horror,screen_recording,5.0,1248.036,False,False,True,0.286,False,True,0.286,False,True,0.004
night-of-the-living-dead-010-original,val,night-of-the-living-dead,library,bw-horror,original,5.0,1305.151,False,True,True,0.099,True,True,0.099,True,True,0.187
night-of-the-living-dead-010-compression,val,night-of-the-living-dead,library,bw-horror,compression,5.0,1305.151,False,False,True,0.099,False,True,0.099,False,True,0.187
night-of-the-living-dead-010-downscale,val,night-of-the-living-dead,library,bw-horror,downscale,5.0,1305.151,False,True,True,0.099,False,True,0.099,True,True,0.187
night-of-the-living-dead-010-crop,val,night-of-the-living-dead,library,bw-horror,crop,5.0,1305.151,False,True,True,0.099,False,True,0.099,False,True,0.354
night-of-the-living-dead-010-letterbox,val,night-of-the-living-dead,library,bw-horror,letterbox,5.0,1305.151,False,False,True,0.599,False,True,0.599,False,True,0.687
night-of-the-living-dead-010-mirror,val,night-of-the-living-dead,library,bw-horror,mirror,5.0,1305.151,False,True,True,0.099,True,True,0.099,True,True,0.187
night-of-the-living-dead-010-color,val,night-of-the-living-dead,library,bw-horror,color,5.0,1305.151,False,True,True,0.099,True,True,0.099,True,True,0.187
night-of-the-living-dead-010-overlay,val,night-of-the-living-dead,library,bw-horror,overlay,5.0,1305.151,False,False,True,0.099,False,True,0.099,False,True,0.187
night-of-the-living-dead-010-speed,val,night-of-the-living-dead,library,bw-horror,speed,5.0,1305.151,False,True,True,0.599,True,True,0.599,True,True,0.687
night-of-the-living-dead-010-screen_recording,val,night-of-the-living-dead,library,bw-horror,screen_recording,5.0,1305.151,False,False,True,0.099,False,True,0.099,False,True,0.02
night-of-the-living-dead-011-original,test,night-of-the-living-dead,library,bw-horror,original,3.0,1409.812,False,True,True,0.062,True,True,0.062,True,True,0.137
night-of-the-living-dead-011-compression,test,night-of-the-living-dead,library,bw-horror,compression,3.0,1409.812,False,False,True,0.062,False,True,0.062,False,True,0.029
night-of-the-living-dead-011-downscale,test,night-of-the-living-dead,library,bw-horror,downscale,3.0,1409.812,False,True,True,0.062,True,True,0.062,True,True,0.029
night-of-the-living-dead-011-crop,test,night-of-the-living-dead,library,bw-horror,crop,3.0,1409.812,False,True,True,160.562,False,True,160.562,False,True,0.638
night-of-the-living-dead-011-letterbox,test,night-of-the-living-dead,library,bw-horror,letterbox,3.0,1409.812,False,True,True,0.438,False,True,0.438,False,True,0.03
night-of-the-living-dead-011-mirror,test,night-of-the-living-dead,library,bw-horror,mirror,3.0,1409.812,False,True,True,0.062,True,True,0.062,True,True,0.029
night-of-the-living-dead-011-color,test,night-of-the-living-dead,library,bw-horror,color,3.0,1409.812,False,True,True,0.062,True,True,0.062,False,True,0.029
night-of-the-living-dead-011-overlay,test,night-of-the-living-dead,library,bw-horror,overlay,3.0,1409.812,False,False,True,0.062,False,True,0.062,True,True,0.029
night-of-the-living-dead-011-speed,test,night-of-the-living-dead,library,bw-horror,speed,3.0,1409.812,False,True,True,0.438,True,True,0.438,True,True,0.196
night-of-the-living-dead-011-screen_recording,test,night-of-the-living-dead,library,bw-horror,screen_recording,3.0,1409.812,False,False,True,0.062,False,True,0.062,False,True,0.029
night-of-the-living-dead-012-original,val,night-of-the-living-dead,library,bw-horror,original,10.0,1429.798,False,True,True,0.048,True,True,0.048,True,True,0.06
night-of-the-living-dead-012-compression,val,night-of-the-living-dead,library,bw-horror,compression,10.0,1429.798,False,True,True,0.452,False,True,0.452,False,True,0.227
night-of-the-living-dead-012-downscale,val,night-of-the-living-dead,library,bw-horror,downscale,10.0,1429.798,False,True,True,0.048,True,True,0.048,True,True,0.06
night-of-the-living-dead-012-crop,val,night-of-the-living-dead,library,bw-horror,crop,10.0,1429.798,False,True,True,0.452,True,True,0.452,False,True,0.227
night-of-the-living-dead-012-letterbox,val,night-of-the-living-dead,library,bw-horror,letterbox,10.0,1429.798,False,False,True,0.048,False,True,0.048,False,True,0.227
night-of-the-living-dead-012-mirror,val,night-of-the-living-dead,library,bw-horror,mirror,10.0,1429.798,False,True,True,0.048,True,True,0.048,True,True,0.06
night-of-the-living-dead-012-color,val,night-of-the-living-dead,library,bw-horror,color,10.0,1429.798,False,True,True,0.048,True,True,0.048,True,True,0.06
night-of-the-living-dead-012-overlay,val,night-of-the-living-dead,library,bw-horror,overlay,10.0,1429.798,False,False,True,0.048,False,True,0.048,False,True,0.107
night-of-the-living-dead-012-speed,val,night-of-the-living-dead,library,bw-horror,speed,10.0,1429.798,False,True,True,0.952,True,True,0.952,False,True,0.727
night-of-the-living-dead-012-screen_recording,val,night-of-the-living-dead,library,bw-horror,screen_recording,10.0,1429.798,False,False,True,0.048,False,True,0.048,False,True,0.107
night-of-the-living-dead-013-original,val,night-of-the-living-dead,library,bw-horror,original,3.0,1551.254,False,True,True,0.004,True,True,0.004,True,True,0.08
night-of-the-living-dead-013-compression,val,night-of-the-living-dead,library,bw-horror,compression,3.0,1551.254,False,False,True,0.496,False,True,0.496,True,True,0.414
night-of-the-living-dead-013-downscale,val,night-of-the-living-dead,library,bw-horror,downscale,3.0,1551.254,False,True,True,0.004,True,True,0.004,True,True,0.08
night-of-the-living-dead-013-crop,val,night-of-the-living-dead,library,bw-horror,crop,3.0,1551.254,False,True,True,576.496,True,True,576.496,False,True,576.436
night-of-the-living-dead-013-letterbox,val,night-of-the-living-dead,library,bw-horror,letterbox,3.0,1551.254,False,False,True,1.996,False,True,1.996,False,True,2.082
night-of-the-living-dead-013-mirror,val,night-of-the-living-dead,library,bw-horror,mirror,3.0,1551.254,False,True,True,0.004,True,True,0.004,True,True,0.253
night-of-the-living-dead-013-color,val,night-of-the-living-dead,library,bw-horror,color,3.0,1551.254,False,True,True,0.004,True,True,0.004,True,True,0.086
night-of-the-living-dead-013-overlay,val,night-of-the-living-dead,library,bw-horror,overlay,3.0,1551.254,False,False,True,0.496,False,True,0.496,True,True,0.08
night-of-the-living-dead-013-speed,val,night-of-the-living-dead,library,bw-horror,speed,3.0,1551.254,False,False,True,0.496,False,True,0.496,True,True,0.247
night-of-the-living-dead-013-screen_recording,val,night-of-the-living-dead,library,bw-horror,screen_recording,3.0,1551.254,False,False,True,0.996,False,True,0.996,True,True,0.086
night-of-the-living-dead-014-original,val,night-of-the-living-dead,library,bw-horror,original,10.0,1613.737,False,True,True,0.013,True,True,0.013,True,True,0.059
night-of-the-living-dead-014-compression,val,night-of-the-living-dead,library,bw-horror,compression,10.0,1613.737,False,False,True,0.013,False,True,0.013,False,True,0.059
night-of-the-living-dead-014-downscale,val,night-of-the-living-dead,library,bw-horror,downscale,10.0,1613.737,False,True,True,0.013,True,True,0.013,True,True,0.059
night-of-the-living-dead-014-crop,val,night-of-the-living-dead,library,bw-horror,crop,10.0,1613.737,False,True,True,0.013,True,True,0.013,True,True,0.059
night-of-the-living-dead-014-letterbox,val,night-of-the-living-dead,library,bw-horror,letterbox,10.0,1613.737,False,True,True,8.513,False,True,8.513,False,True,8.281
night-of-the-living-dead-014-mirror,val,night-of-the-living-dead,library,bw-horror,mirror,10.0,1613.737,False,True,True,0.013,True,True,0.013,True,True,0.059
night-of-the-living-dead-014-color,val,night-of-the-living-dead,library,bw-horror,color,10.0,1613.737,False,True,True,0.013,True,True,0.013,True,True,0.059
night-of-the-living-dead-014-overlay,val,night-of-the-living-dead,library,bw-horror,overlay,10.0,1613.737,False,False,True,0.013,False,True,0.013,False,True,0.059
night-of-the-living-dead-014-speed,val,night-of-the-living-dead,library,bw-horror,speed,10.0,1613.737,False,True,True,1.013,True,True,1.013,True,True,0.775
night-of-the-living-dead-014-screen_recording,val,night-of-the-living-dead,library,bw-horror,screen_recording,10.0,1613.737,False,False,True,0.013,False,True,0.013,False,True,0.059
night-of-the-living-dead-015-original,val,night-of-the-living-dead,library,bw-horror,original,3.0,1736.238,False,True,True,0.012,True,True,0.012,True,True,17.389
night-of-the-living-dead-015-compression,val,night-of-the-living-dead,library,bw-horror,compression,3.0,1736.238,False,True,True,0.012,True,True,0.012,True,True,0.041
night-of-the-living-dead-015-downscale,val,night-of-the-living-dead,library,bw-horror,downscale,3.0,1736.238,False,True,True,0.012,True,True,0.012,True,True,0.041
night-of-the-living-dead-015-crop,val,night-of-the-living-dead,library,bw-horror,crop,3.0,1736.238,False,True,True,0.012,True,True,0.012,False,True,0.208
night-of-the-living-dead-015-letterbox,val,night-of-the-living-dead,library,bw-horror,letterbox,3.0,1736.238,False,False,True,37.488,False,True,37.488,False,True,42.201
night-of-the-living-dead-015-mirror,val,night-of-the-living-dead,library,bw-horror,mirror,3.0,1736.238,False,True,True,0.012,True,True,0.012,True,True,17.389
night-of-the-living-dead-015-color,val,night-of-the-living-dead,library,bw-horror,color,3.0,1736.238,False,True,True,17.488,True,True,17.488,True,True,17.556
night-of-the-living-dead-015-overlay,val,night-of-the-living-dead,library,bw-horror,overlay,3.0,1736.238,False,False,True,0.012,False,True,0.012,True,True,17.389
night-of-the-living-dead-015-speed,val,night-of-the-living-dead,library,bw-horror,speed,3.0,1736.238,False,True,True,16.988,True,True,16.988,True,True,0.126
night-of-the-living-dead-015-screen_recording,val,night-of-the-living-dead,library,bw-horror,screen_recording,3.0,1736.238,False,True,True,17.988,False,True,17.988,True,True,18.223
night-of-the-living-dead-016-original,val,night-of-the-living-dead,library,bw-horror,original,5.0,1805.928,False,True,True,0.322,True,True,0.322,True,True,0.077
night-of-the-living-dead-016-compression,val,night-of-the-living-dead,library,bw-horror,compression,5.0,1805.928,False,True,True,0.322,False,True,0.322,False,True,16.09
night-of-the-living-dead-016-downscale,val,night-of-the-living-dead,library,bw-horror,downscale,5.0,1805.928,False,True,True,0.178,True,True,0.178,True,True,0.077
night-of-the-living-dead-016-crop,val,night-of-the-living-dead,library,bw-horror,crop,5.0,1805.928,False,True,True,369.678,True,True,369.678,False,True,359.389
night-of-the-living-dead-016-letterbox,val,night-of-the-living-dead,library,bw-horror,letterbox,5.0,1805.928,False,False,True,15.322,False,True,15.322,False,True,15.423
night-of-the-living-dead-016-mirror,val,night-of-the-living-dead,library,bw-horror,mirror,5.0,1805.928,False,True,True,0.322,True,True,0.322,True,True,0.077
night-of-the-living-dead-016-color,val,night-of-the-living-dead,library,bw-horror,color,5.0,1805.928,False,True,True,0.178,True,True,0.178,True,True,0.077
night-of-the-living-dead-016-overlay,val,night-of-the-living-dead,library,bw-horror,overlay,5.0,1805.928,False,False,True,0.322,False,True,0.322,True,True,0.077
night-of-the-living-dead-016-speed,val,night-of-the-living-dead,library,bw-horror,speed,5.0,1805.928,False,True,True,0.322,True,True,0.322,True,True,0.411
night-of-the-living-dead-016-screen_recording,val,night-of-the-living-dead,library,bw-horror,screen_recording,5.0,1805.928,False,True,True,0.178,False,True,0.178,False,True,0.09
night-of-the-living-dead-017-original,val,night-of-the-living-dead,library,bw-horror,original,5.0,1886.011,False,True,True,0.239,True,True,0.239,True,True,0.019
night-of-the-living-dead-017-compression,val,night-of-the-living-dead,library,bw-horror,compression,5.0,1886.011,False,True,True,0.239,False,True,0.239,False,True,0.148
night-of-the-living-dead-017-downscale,val,night-of-the-living-dead,library,bw-horror,downscale,5.0,1886.011,False,True,True,0.239,True,True,0.239,True,True,0.019
night-of-the-living-dead-017-crop,val,night-of-the-living-dead,library,bw-horror,crop,5.0,1886.011,False,True,True,0.239,False,True,0.239,False,True,0.019
night-of-the-living-dead-017-letterbox,val,night-of-the-living-dead,library,bw-horror,letterbox,5.0,1886.011,False,False,True,0.239,False,True,0.239,False,True,0.148
night-of-the-living-dead-017-mirror,val,night-of-the-living-dead,library,bw-horror,mirror,5.0,1886.011,False,True,True,0.239,True,True,0.239,True,True,0.019
night-of-the-living-dead-017-color,val,night-of-the-living-dead,library,bw-horror,color,5.0,1886.011,False,True,True,0.239,True,True,0.239,True,True,0.019
night-of-the-living-dead-017-overlay,val,night-of-the-living-dead,library,bw-horror,overlay,5.0,1886.011,False,False,True,0.239,False,True,0.239,False,True,0.019
night-of-the-living-dead-017-speed,val,night-of-the-living-dead,library,bw-horror,speed,5.0,1886.011,False,True,True,0.739,True,True,0.739,True,True,0.686
night-of-the-living-dead-017-screen_recording,val,night-of-the-living-dead,library,bw-horror,screen_recording,5.0,1886.011,False,False,True,0.239,False,True,0.239,False,True,0.019
night-of-the-living-dead-018-original,test,night-of-the-living-dead,library,bw-horror,original,3.0,1925.422,False,True,True,0.328,True,True,0.328,True,True,0.067
night-of-the-living-dead-018-compression,test,night-of-the-living-dead,library,bw-horror,compression,3.0,1925.422,False,True,True,16.828,False,True,16.828,False,True,9.742
night-of-the-living-dead-018-downscale,test,night-of-the-living-dead,library,bw-horror,downscale,3.0,1925.422,False,True,True,0.328,True,True,0.328,True,True,0.266
night-of-the-living-dead-018-crop,test,night-of-the-living-dead,library,bw-horror,crop,3.0,1925.422,False,True,True,3.672,True,True,3.672,True,True,3.57
night-of-the-living-dead-018-letterbox,test,night-of-the-living-dead,library,bw-horror,letterbox,3.0,1925.422,False,False,True,3.672,False,True,3.672,False,True,2.069
night-of-the-living-dead-018-mirror,test,night-of-the-living-dead,library,bw-horror,mirror,3.0,1925.422,False,True,True,0.172,True,True,0.172,True,True,0.067
night-of-the-living-dead-018-color,test,night-of-the-living-dead,library,bw-horror,color,3.0,1925.422,False,True,True,10.328,True,True,10.328,True,True,11.776
night-of-the-living-dead-018-overlay,test,night-of-the-living-dead,library,bw-horror,overlay,3.0,1925.422,False,False,True,0.172,False,True,0.172,True,True,0.234
night-of-the-living-dead-018-speed,test,night-of-the-living-dead,library,bw-horror,speed,3.0,1925.422,False,True,True,0.328,True,True,0.328,True,True,0.266
night-of-the-living-dead-018-screen_recording,test,night-of-the-living-dead,library,bw-horror,screen_recording,3.0,1925.422,False,False,True,1102.172,False,True,1102.172,False,True,460.076
night-of-the-living-dead-019-original,test,night-of-the-living-dead,library,bw-horror,original,10.0,2005.885,False,True,True,0.135,True,True,0.135,False,True,0.047
night-of-the-living-dead-019-compression,test,night-of-the-living-dead,library,bw-horror,compression,10.0,2005.885,False,False,True,0.135,False,True,0.135,False,True,0.214
night-of-the-living-dead-019-downscale,test,night-of-the-living-dead,library,bw-horror,downscale,10.0,2005.885,False,True,True,0.135,False,True,0.135,False,True,0.047
night-of-the-living-dead-019-crop,test,night-of-the-living-dead,library,bw-horror,crop,10.0,2005.885,False,False,True,0.135,False,True,0.135,False,True,0.214
night-of-the-living-dead-019-letterbox,test,night-of-the-living-dead,library,bw-horror,letterbox,10.0,2005.885,False,False,True,0.135,False,True,0.135,False,True,0.047
night-of-the-living-dead-019-mirror,test,night-of-the-living-dead,library,bw-horror,mirror,10.0,2005.885,False,True,True,0.135,True,True,0.135,True,True,0.047
night-of-the-living-dead-019-color,test,night-of-the-living-dead,library,bw-horror,color,10.0,2005.885,False,True,True,0.135,True,True,0.135,False,True,0.047
night-of-the-living-dead-019-overlay,test,night-of-the-living-dead,library,bw-horror,overlay,10.0,2005.885,False,False,True,0.135,False,True,0.135,False,True,0.047
night-of-the-living-dead-019-speed,test,night-of-the-living-dead,library,bw-horror,speed,10.0,2005.885,False,True,True,0.865,True,True,0.865,False,True,1.121
night-of-the-living-dead-019-screen_recording,test,night-of-the-living-dead,library,bw-horror,screen_recording,10.0,2005.885,False,False,False,1819.865,False,False,1819.865,False,True,0.047
night-of-the-living-dead-020-original,test,night-of-the-living-dead,library,bw-horror,original,3.0,2100.238,False,True,True,0.012,True,True,0.012,True,True,0.096
night-of-the-living-dead-020-compression,test,night-of-the-living-dead,library,bw-horror,compression,3.0,2100.238,False,False,True,70.988,False,True,70.988,False,True,70.88
night-of-the-living-dead-020-downscale,test,night-of-the-living-dead,library,bw-horror,downscale,3.0,2100.238,False,True,True,0.012,True,True,0.012,True,True,0.096
night-of-the-living-dead-020-crop,test,night-of-the-living-dead,library,bw-horror,crop,3.0,2100.238,False,True,True,0.012,True,True,0.012,True,True,0.262
night-of-the-living-dead-020-letterbox,test,night-of-the-living-dead,library,bw-horror,letterbox,3.0,2100.238,False,False,True,0.012,False,True,0.012,False,True,1.597
night-of-the-living-dead-020-mirror,test,night-of-the-living-dead,library,bw-horror,mirror,3.0,2100.238,False,True,True,0.012,True,True,0.012,True,True,0.096
night-of-the-living-dead-020-color,test,night-of-the-living-dead,library,bw-horror,color,3.0,2100.238,False,True,True,991.988,True,True,991.988,False,True,991.731
night-of-the-living-dead-020-overlay,test,night-of-the-living-dead,library,bw-horror,overlay,3.0,2100.238,False,False,True,1.512,False,True,1.512,False,True,0.096
night-of-the-living-dead-020-speed,test,night-of-the-living-dead,library,bw-horror,speed,3.0,2100.238,False,True,True,0.012,True,True,0.012,True,True,0.262
night-of-the-living-dead-020-screen_recording,test,night-of-the-living-dead,library,bw-horror,screen_recording,3.0,2100.238,False,False,True,35.512,False,True,35.512,False,True,37.293
night-of-the-living-dead-021-original,val,night-of-the-living-dead,library,bw-horror,original,5.0,2202.04,False,True,True,0.21,True,True,0.21,True,True,0.038
night-of-the-living-dead-021-compression,val,night-of-the-living-dead,library,bw-horror,compression,5.0,2202.04,False,False,True,0.29,False,True,0.29,False,True,0.205
night-of-the-living-dead-021-downscale,val,night-of-the-living-dead,library,bw-horror,downscale,5.0,2202.04,False,True,True,0.21,True,True,0.21,False,True,0.205
night-of-the-living-dead-021-crop,val,night-of-the-living-dead,library,bw-horror,crop,5.0,2202.04,False,True,True,2928.21,False,True,2928.21,False,True,1106.502
night-of-the-living-dead-021-letterbox,val,night-of-the-living-dead,library,bw-horror,letterbox,5.0,2202.04,False,True,True,0.21,False,True,0.21,False,True,0.128
night-of-the-living-dead-021-mirror,val,night-of-the-living-dead,library,bw-horror,mirror,5.0,2202.04,False,True,True,0.29,True,True,0.29,True,True,0.038
night-of-the-living-dead-021-color,val,night-of-the-living-dead,library,bw-horror,color,5.0,2202.04,False,True,True,0.21,True,True,0.21,True,True,0.038
night-of-the-living-dead-021-overlay,val,night-of-the-living-dead,library,bw-horror,overlay,5.0,2202.04,False,False,True,0.21,False,True,0.21,False,True,0.038
night-of-the-living-dead-021-speed,val,night-of-the-living-dead,library,bw-horror,speed,5.0,2202.04,False,True,True,0.71,True,True,0.71,True,True,0.629
night-of-the-living-dead-021-screen_recording,val,night-of-the-living-dead,library,bw-horror,screen_recording,5.0,2202.04,False,False,True,0.29,False,True,0.29,False,True,0.872
night-of-the-living-dead-022-original,test,night-of-the-living-dead,library,bw-horror,original,10.0,2245.711,False,True,True,0.039,True,True,0.039,True,True,0.048
night-of-the-living-dead-022-compression,test,night-of-the-living-dead,library,bw-horror,compression,10.0,2245.711,False,True,True,874.461,False,True,874.461,False,True,0.173
night-of-the-living-dead-022-downscale,test,night-of-the-living-dead,library,bw-horror,downscale,10.0,2245.711,False,True,True,0.039,True,True,0.039,True,True,0.048
night-of-the-living-dead-022-crop,test,night-of-the-living-dead,library,bw-horror,crop,10.0,2245.711,False,True,True,0.039,False,True,0.039,False,True,0.161
night-of-the-living-dead-022-letterbox,test,night-of-the-living-dead,library,bw-horror,letterbox,10.0,2245.711,False,False,True,0.461,False,True,0.461,False,True,0.173
night-of-the-living-dead-022-mirror,test,night-of-the-living-dead,library,bw-horror,mirror,10.0,2245.711,False,True,True,0.039,True,True,0.039,True,True,0.006
night-of-the-living-dead-022-color,test,night-of-the-living-dead,library,bw-horror,color,10.0,2245.711,False,True,True,0.039,False,True,0.039,False,True,0.048
night-of-the-living-dead-022-overlay,test,night-of-the-living-dead,library,bw-horror,overlay,10.0,2245.711,False,False,True,0.039,False,True,0.039,False,True,0.119
night-of-the-living-dead-022-speed,test,night-of-the-living-dead,library,bw-horror,speed,10.0,2245.711,False,True,True,0.539,True,True,0.539,False,True,0.453
night-of-the-living-dead-022-screen_recording,test,night-of-the-living-dead,library,bw-horror,screen_recording,10.0,2245.711,False,False,True,0.039,False,True,0.039,False,True,0.048
night-of-the-living-dead-023-original,val,night-of-the-living-dead,library,bw-horror,original,3.0,2366.083,False,True,True,0.167,True,True,0.167,True,True,0.07
night-of-the-living-dead-023-compression,val,night-of-the-living-dead,library,bw-horror,compression,3.0,2366.083,False,True,True,0.167,False,True,0.167,True,True,0.097
night-of-the-living-dead-023-downscale,val,night-of-the-living-dead,library,bw-horror,downscale,3.0,2366.083,False,True,True,0.167,True,True,0.167,True,True,0.07
night-of-the-living-dead-023-crop,val,night-of-the-living-dead,library,bw-horror,crop,3.0,2366.083,False,True,True,226.833,False,True,226.833,False,True,1143.231
night-of-the-living-dead-023-letterbox,val,night-of-the-living-dead,library,bw-horror,letterbox,3.0,2366.083,False,False,True,0.667,False,True,0.667,False,True,2849.597
night-of-the-living-dead-023-mirror,val,night-of-the-living-dead,library,bw-horror,mirror,3.0,2366.083,False,True,True,0.167,True,True,0.167,True,True,0.236
night-of-the-living-dead-023-color,val,night-of-the-living-dead,library,bw-horror,color,3.0,2366.083,False,True,True,1255.833,True,True,1255.833,True,True,1256.909
night-of-the-living-dead-023-overlay,val,night-of-the-living-dead,library,bw-horror,overlay,3.0,2366.083,False,False,True,0.667,False,True,0.667,False,True,0.097
night-of-the-living-dead-023-speed,val,night-of-the-living-dead,library,bw-horror,speed,3.0,2366.083,False,True,True,0.667,True,True,0.667,True,True,0.097
night-of-the-living-dead-023-screen_recording,val,night-of-the-living-dead,library,bw-horror,screen_recording,3.0,2366.083,False,False,True,299.333,False,True,299.333,False,True,226.717
night-of-the-living-dead-024-original,test,night-of-the-living-dead,library,bw-horror,original,3.0,2433.577,False,True,True,0.173,True,True,0.173,True,True,0.049
night-of-the-living-dead-024-compression,test,night-of-the-living-dead,library,bw-horror,compression,3.0,2433.577,False,True,True,0.173,True,True,0.173,True,True,0.118
night-of-the-living-dead-024-downscale,test,night-of-the-living-dead,library,bw-horror,downscale,3.0,2433.577,False,True,True,0.173,True,True,0.173,True,True,0.049
night-of-the-living-dead-024-crop,test,night-of-the-living-dead,library,bw-horror,crop,3.0,2433.577,False,True,True,0.173,True,True,0.173,True,True,0.216
night-of-the-living-dead-024-letterbox,test,night-of-the-living-dead,library,bw-horror,letterbox,3.0,2433.577,False,True,True,8.827,True,True,8.827,False,True,8.389
night-of-the-living-dead-024-mirror,test,night-of-the-living-dead,library,bw-horror,mirror,3.0,2433.577,False,True,True,0.173,True,True,0.173,True,True,0.049
night-of-the-living-dead-024-color,test,night-of-the-living-dead,library,bw-horror,color,3.0,2433.577,False,True,True,0.173,True,True,0.173,True,True,0.118
night-of-the-living-dead-024-overlay,test,night-of-the-living-dead,library,bw-horror,overlay,3.0,2433.577,False,False,True,0.173,False,True,0.173,True,True,0.216
night-of-the-living-dead-024-speed,test,night-of-the-living-dead,library,bw-horror,speed,3.0,2433.577,False,True,True,0.173,True,True,0.173,True,True,0.284
night-of-the-living-dead-024-screen_recording,test,night-of-the-living-dead,library,bw-horror,screen_recording,3.0,2433.577,False,True,True,0.173,True,True,0.173,True,True,0.049
night-of-the-living-dead-025-original,val,night-of-the-living-dead,library,bw-horror,original,10.0,2536.757,False,True,True,0.007,True,True,0.007,True,True,0.06
night-of-the-living-dead-025-compression,val,night-of-the-living-dead,library,bw-horror,compression,10.0,2536.757,False,False,True,0.007,False,True,0.007,False,True,0.06
night-of-the-living-dead-025-downscale,val,night-of-the-living-dead,library,bw-horror,downscale,10.0,2536.757,False,True,True,0.007,True,True,0.007,True,True,0.06
night-of-the-living-dead-025-crop,val,night-of-the-living-dead,library,bw-horror,crop,10.0,2536.757,False,True,True,0.007,True,True,0.007,False,True,0.06
night-of-the-living-dead-025-letterbox,val,night-of-the-living-dead,library,bw-horror,letterbox,10.0,2536.757,False,False,True,0.007,False,True,0.007,False,True,0.06
night-of-the-living-dead-025-mirror,val,night-of-the-living-dead,library,bw-horror,mirror,10.0,2536.757,False,True,True,0.007,True,True,0.007,True,True,0.06
night-of-the-living-dead-025-color,val,night-of-the-living-dead,library,bw-horror,color,10.0,2536.757,False,True,True,0.007,True,True,0.007,True,True,0.06
night-of-the-living-dead-025-overlay,val,night-of-the-living-dead,library,bw-horror,overlay,10.0,2536.757,False,False,True,0.007,False,True,0.007,False,True,0.06
night-of-the-living-dead-025-speed,val,night-of-the-living-dead,library,bw-horror,speed,10.0,2536.757,False,True,True,1.493,True,True,1.493,True,True,1.441
night-of-the-living-dead-025-screen_recording,val,night-of-the-living-dead,library,bw-horror,screen_recording,10.0,2536.757,False,False,True,0.007,False,True,0.007,False,True,0.06
night-of-the-living-dead-026-original,test,night-of-the-living-dead,library,bw-horror,original,5.0,2623.021,False,True,True,0.229,True,True,0.229,True,True,0.002
night-of-the-living-dead-026-compression,test,night-of-the-living-dead,library,bw-horror,compression,5.0,2623.021,False,True,True,0.229,False,True,0.229,False,True,0.002
night-of-the-living-dead-026-downscale,test,night-of-the-living-dead,library,bw-horror,downscale,5.0,2623.021,False,True,True,0.229,True,True,0.229,True,True,0.002
night-of-the-living-dead-026-crop,test,night-of-the-living-dead,library,bw-horror,crop,5.0,2623.021,False,True,True,0.271,True,True,0.271,False,True,0.669
night-of-the-living-dead-026-letterbox,test,night-of-the-living-dead,library,bw-horror,letterbox,5.0,2623.021,False,False,True,0.229,False,True,0.229,False,True,0.332
night-of-the-living-dead-026-mirror,test,night-of-the-living-dead,library,bw-horror,mirror,5.0,2623.021,False,True,True,0.229,True,True,0.229,True,True,0.002
night-of-the-living-dead-026-color,test,night-of-the-living-dead,library,bw-horror,color,5.0,2623.021,False,True,True,0.229,True,True,0.229,True,True,0.002
night-of-the-living-dead-026-overlay,test,night-of-the-living-dead,library,bw-horror,overlay,5.0,2623.021,False,False,True,0.229,False,True,0.229,True,True,0.002
night-of-the-living-dead-026-speed,test,night-of-the-living-dead,library,bw-horror,speed,5.0,2623.021,False,True,True,0.229,True,True,0.229,True,True,0.332
night-of-the-living-dead-026-screen_recording,test,night-of-the-living-dead,library,bw-horror,screen_recording,5.0,2623.021,False,False,True,0.229,False,True,0.229,False,True,0.332
night-of-the-living-dead-027-original,val,night-of-the-living-dead,library,bw-horror,original,10.0,2678.717,False,True,True,0.033,True,True,0.033,True,True,0.026
night-of-the-living-dead-027-compression,val,night-of-the-living-dead,library,bw-horror,compression,10.0,2678.717,False,False,True,0.033,False,True,0.033,False,True,0.026
night-of-the-living-dead-027-downscale,val,night-of-the-living-dead,library,bw-horror,downscale,10.0,2678.717,False,True,True,0.033,True,True,0.033,True,True,0.026
night-of-the-living-dead-027-crop,val,night-of-the-living-dead,library,bw-horror,crop,10.0,2678.717,False,False,True,69.967,False,True,69.967,False,True,70.377
night-of-the-living-dead-027-letterbox,val,night-of-the-living-dead,library,bw-horror,letterbox,10.0,2678.717,False,False,True,0.033,False,True,0.033,False,True,0.026
night-of-the-living-dead-027-mirror,val,night-of-the-living-dead,library,bw-horror,mirror,10.0,2678.717,False,True,True,0.033,True,True,0.033,True,True,0.14
night-of-the-living-dead-027-color,val,night-of-the-living-dead,library,bw-horror,color,10.0,2678.717,False,True,True,0.033,True,True,0.033,True,True,0.026
night-of-the-living-dead-027-overlay,val,night-of-the-living-dead,library,bw-horror,overlay,10.0,2678.717,False,False,True,0.033,False,True,0.033,False,True,0.14
night-of-the-living-dead-027-speed,val,night-of-the-living-dead,library,bw-horror,speed,10.0,2678.717,False,True,True,1.033,True,True,1.033,True,True,1.308
night-of-the-living-dead-027-screen_recording,val,night-of-the-living-dead,library,bw-horror,screen_recording,10.0,2678.717,False,False,True,0.033,False,True,0.033,False,True,0.193
night-of-the-living-dead-028-original,test,night-of-the-living-dead,library,bw-horror,original,5.0,2765.253,False,True,True,0.003,True,True,0.003,True,True,0.074
night-of-the-living-dead-028-compression,test,night-of-the-living-dead,library,bw-horror,compression,5.0,2765.253,False,False,True,2172.003,False,True,2172.003,False,False,1221.076
night-of-the-living-dead-028-downscale,test,night-of-the-living-dead,library,bw-horror,downscale,5.0,2765.253,False,True,True,0.003,True,True,0.003,True,True,0.093
night-of-the-living-dead-028-crop,test,night-of-the-living-dead,library,bw-horror,crop,5.0,2765.253,False,False,True,0.003,False,True,0.003,False,True,0.574
night-of-the-living-dead-028-letterbox,test,night-of-the-living-dead,library,bw-horror,letterbox,5.0,2765.253,False,True,True,2541.003,False,True,2541.003,False,True,2304.744
night-of-the-living-dead-028-mirror,test,night-of-the-living-dead,library,bw-horror,mirror,5.0,2765.253,False,True,True,0.003,True,True,0.003,True,True,0.093
night-of-the-living-dead-028-color,test,night-of-the-living-dead,library,bw-horror,color,5.0,2765.253,False,True,True,0.003,True,True,0.003,True,True,0.427
night-of-the-living-dead-028-overlay,test,night-of-the-living-dead,library,bw-horror,overlay,5.0,2765.253,False,False,True,0.003,False,True,0.003,False,True,0.241
night-of-the-living-dead-028-speed,test,night-of-the-living-dead,library,bw-horror,speed,5.0,2765.253,False,True,True,0.997,True,True,0.997,True,True,0.26
night-of-the-living-dead-028-screen_recording,test,night-of-the-living-dead,library,bw-horror,screen_recording,5.0,2765.253,False,False,False,1074.997,False,False,1074.997,False,False,1074.75
night-of-the-living-dead-029-original,val,night-of-the-living-dead,library,bw-horror,original,10.0,2856.4,False,True,True,0.15,True,True,0.15,True,True,0.061
night-of-the-living-dead-029-compression,val,night-of-the-living-dead,library,bw-horror,compression,10.0,2856.4,False,False,True,0.15,False,True,0.15,False,True,0.061
night-of-the-living-dead-029-downscale,val,night-of-the-living-dead,library,bw-horror,downscale,10.0,2856.4,False,True,True,0.15,True,True,0.15,True,True,0.061
night-of-the-living-dead-029-crop,val,night-of-the-living-dead,library,bw-horror,crop,10.0,2856.4,False,True,True,0.15,False,True,0.15,False,True,0.061
night-of-the-living-dead-029-letterbox,val,night-of-the-living-dead,library,bw-horror,letterbox,10.0,2856.4,False,True,True,0.15,False,True,0.15,False,True,0.061
night-of-the-living-dead-029-mirror,val,night-of-the-living-dead,library,bw-horror,mirror,10.0,2856.4,False,True,True,0.35,True,True,0.35,True,True,0.061
night-of-the-living-dead-029-color,val,night-of-the-living-dead,library,bw-horror,color,10.0,2856.4,False,True,True,0.15,True,True,0.15,True,True,0.061
night-of-the-living-dead-029-overlay,val,night-of-the-living-dead,library,bw-horror,overlay,10.0,2856.4,False,False,True,0.15,False,True,0.15,True,True,0.061
night-of-the-living-dead-029-speed,val,night-of-the-living-dead,library,bw-horror,speed,10.0,2856.4,False,True,True,1.35,True,True,1.35,True,True,1.106
night-of-the-living-dead-029-screen_recording,val,night-of-the-living-dead,library,bw-horror,screen_recording,10.0,2856.4,False,False,True,0.15,False,True,0.15,False,True,0.061
night-of-the-living-dead-030-original,test,night-of-the-living-dead,library,bw-horror,original,10.0,2923.473,False,True,True,0.277,True,True,0.277,True,True,0.047
night-of-the-living-dead-030-compression,test,night-of-the-living-dead,library,bw-horror,compression,10.0,2923.473,False,False,True,0.277,False,True,0.277,False,True,0.213
night-of-the-living-dead-030-downscale,test,night-of-the-living-dead,library,bw-horror,downscale,10.0,2923.473,False,True,True,0.277,True,True,0.277,False,True,0.38
night-of-the-living-dead-030-crop,test,night-of-the-living-dead,library,bw-horror,crop,10.0,2923.473,False,True,True,1632.777,False,True,1632.777,False,True,1096.377
night-of-the-living-dead-030-letterbox,test,night-of-the-living-dead,library,bw-horror,letterbox,10.0,2923.473,False,False,True,0.277,False,True,0.277,False,True,0.047
night-of-the-living-dead-030-mirror,test,night-of-the-living-dead,library,bw-horror,mirror,10.0,2923.473,False,True,True,0.277,True,True,0.277,False,True,0.38
night-of-the-living-dead-030-color,test,night-of-the-living-dead,library,bw-horror,color,10.0,2923.473,False,True,True,0.277,True,True,0.277,True,True,0.047
night-of-the-living-dead-030-overlay,test,night-of-the-living-dead,library,bw-horror,overlay,10.0,2923.473,False,False,True,0.277,False,True,0.277,False,True,0.38
night-of-the-living-dead-030-speed,test,night-of-the-living-dead,library,bw-horror,speed,10.0,2923.473,False,True,True,1.277,True,True,1.277,True,True,1.381
night-of-the-living-dead-030-screen_recording,test,night-of-the-living-dead,library,bw-horror,screen_recording,10.0,2923.473,False,False,True,0.277,False,True,0.277,False,True,0.213
night-of-the-living-dead-031-original,val,night-of-the-living-dead,library,bw-horror,original,3.0,3029.744,False,True,True,0.006,True,True,0.006,True,True,0.053
night-of-the-living-dead-031-compression,val,night-of-the-living-dead,library,bw-horror,compression,3.0,3029.744,False,True,True,0.006,False,True,0.006,False,True,0.053
night-of-the-living-dead-031-downscale,val,night-of-the-living-dead,library,bw-horror,downscale,3.0,3029.744,False,True,True,0.006,True,True,0.006,True,True,0.053
night-of-the-living-dead-031-crop,val,night-of-the-living-dead,library,bw-horror,crop,3.0,3029.744,False,True,True,0.006,True,True,0.006,True,True,0.053
night-of-the-living-dead-031-letterbox,val,night-of-the-living-dead,library,bw-horror,letterbox,3.0,3029.744,False,False,True,0.006,False,True,0.006,False,True,0.114
night-of-the-living-dead-031-mirror,val,night-of-the-living-dead,library,bw-horror,mirror,3.0,3029.744,False,True,True,0.006,True,True,0.006,True,True,0.053
night-of-the-living-dead-031-color,val,night-of-the-living-dead,library,bw-horror,color,3.0,3029.744,False,True,True,0.006,False,True,0.006,True,True,0.053
night-of-the-living-dead-031-overlay,val,night-of-the-living-dead,library,bw-horror,overlay,3.0,3029.744,False,False,True,0.006,False,True,0.006,False,True,0.053
night-of-the-living-dead-031-speed,val,night-of-the-living-dead,library,bw-horror,speed,3.0,3029.744,False,True,True,0.506,True,True,0.506,True,True,0.281
night-of-the-living-dead-031-screen_recording,val,night-of-the-living-dead,library,bw-horror,screen_recording,3.0,3029.744,False,False,True,0.006,False,True,0.006,False,True,0.053
night-of-the-living-dead-032-original,test,night-of-the-living-dead,library,bw-horror,original,10.0,3054.127,False,True,True,0.123,True,True,0.123,True,True,0.124
night-of-the-living-dead-032-compression,test,night-of-the-living-dead,library,bw-horror,compression,10.0,3054.127,False,False,True,0.123,False,True,0.123,True,True,0.29
night-of-the-living-dead-032-downscale,test,night-of-the-living-dead,library,bw-horror,downscale,10.0,3054.127,False,True,True,0.123,True,True,0.123,True,True,0.124
night-of-the-living-dead-032-crop,test,night-of-the-living-dead,library,bw-horror,crop,10.0,3054.127,False,True,True,0.377,True,True,0.377,False,True,0.291
night-of-the-living-dead-032-letterbox,test,night-of-the-living-dead,library,bw-horror,letterbox,10.0,3054.127,False,False,True,0.377,False,True,0.377,False,True,0.29
night-of-the-living-dead-032-mirror,test,night-of-the-living-dead,library,bw-horror,mirror,10.0,3054.127,False,True,True,0.123,True,True,0.123,True,True,0.043
night-of-the-living-dead-032-color,test,night-of-the-living-dead,library,bw-horror,color,10.0,3054.127,False,True,True,0.123,True,True,0.123,True,True,0.043
night-of-the-living-dead-032-overlay,test,night-of-the-living-dead,library,bw-horror,overlay,10.0,3054.127,False,False,True,0.123,False,True,0.123,False,True,0.043
night-of-the-living-dead-032-speed,test,night-of-the-living-dead,library,bw-horror,speed,10.0,3054.127,False,True,True,1.623,True,True,1.623,True,True,0.877
night-of-the-living-dead-032-screen_recording,test,night-of-the-living-dead,library,bw-horror,screen_recording,10.0,3054.127,False,False,False,52.123,False,False,52.123,False,True,0.124
night-of-the-living-dead-033-original,val,night-of-the-living-dead,library,bw-horror,original,5.0,3169.112,False,True,True,0.138,True,True,0.138,True,True,0.096
night-of-the-living-dead-033-compression,val,night-of-the-living-dead,library,bw-horror,compression,5.0,3169.112,False,True,True,0.138,True,True,0.138,True,True,0.096
night-of-the-living-dead-033-downscale,val,night-of-the-living-dead,library,bw-horror,downscale,5.0,3169.112,False,True,True,0.138,True,True,0.138,True,True,0.096
night-of-the-living-dead-033-crop,val,night-of-the-living-dead,library,bw-horror,crop,5.0,3169.112,False,True,True,0.862,False,True,0.862,False,True,0.096
night-of-the-living-dead-033-letterbox,val,night-of-the-living-dead,library,bw-horror,letterbox,5.0,3169.112,False,False,True,0.138,False,True,0.138,False,True,0.238
night-of-the-living-dead-033-mirror,val,night-of-the-living-dead,library,bw-horror,mirror,5.0,3169.112,False,True,True,0.138,True,True,0.138,True,True,0.071
night-of-the-living-dead-033-color,val,night-of-the-living-dead,library,bw-horror,color,5.0,3169.112,False,True,True,0.138,False,True,0.138,True,True,0.071
night-of-the-living-dead-033-overlay,val,night-of-the-living-dead,library,bw-horror,overlay,5.0,3169.112,False,False,True,0.138,False,True,0.138,True,True,0.071
night-of-the-living-dead-033-speed,val,night-of-the-living-dead,library,bw-horror,speed,5.0,3169.112,False,True,True,0.638,True,True,0.638,True,True,0.404
night-of-the-living-dead-033-screen_recording,val,night-of-the-living-dead,library,bw-horror,screen_recording,5.0,3169.112,False,False,True,0.138,False,True,0.138,False,True,0.096
night-of-the-living-dead-034-original,test,night-of-the-living-dead,library,bw-horror,original,5.0,3254.335,False,True,True,0.415,True,True,0.415,True,True,0.002
night-of-the-living-dead-034-compression,test,night-of-the-living-dead,library,bw-horror,compression,5.0,3254.335,False,True,True,0.415,True,True,0.415,True,True,0.169
night-of-the-living-dead-034-downscale,test,night-of-the-living-dead,library,bw-horror,downscale,5.0,3254.335,False,True,True,0.415,True,True,0.415,True,True,0.002
night-of-the-living-dead-034-crop,test,night-of-the-living-dead,library,bw-horror,crop,5.0,3254.335,False,True,True,0.415,True,True,0.415,True,True,0.002
night-of-the-living-dead-034-letterbox,test,night-of-the-living-dead,library,bw-horror,letterbox,5.0,3254.335,False,False,True,0.085,False,True,0.085,False,True,0.165
night-of-the-living-dead-034-mirror,test,night-of-the-living-dead,library,bw-horror,mirror,5.0,3254.335,False,True,True,0.415,True,True,0.415,True,True,0.002
night-of-the-living-dead-034-color,test,night-of-the-living-dead,library,bw-horror,color,5.0,3254.335,False,True,True,0.415,True,True,0.415,True,True,0.002
night-of-the-living-dead-034-overlay,test,night-of-the-living-dead,library,bw-horror,overlay,5.0,3254.335,False,False,True,0.415,False,True,0.415,True,True,0.002
night-of-the-living-dead-034-speed,test,night-of-the-living-dead,library,bw-horror,speed,5.0,3254.335,False,True,True,0.415,True,True,0.415,True,True,0.669
night-of-the-living-dead-034-screen_recording,test,night-of-the-living-dead,library,bw-horror,screen_recording,5.0,3254.335,False,True,True,0.415,False,True,0.415,False,True,0.169
night-of-the-living-dead-035-original,val,night-of-the-living-dead,library,bw-horror,original,3.0,3320.89,False,True,True,0.36,True,True,0.36,True,True,0.127
night-of-the-living-dead-035-compression,val,night-of-the-living-dead,library,bw-horror,compression,3.0,3320.89,False,True,True,0.36,False,True,0.36,False,True,1295.702
night-of-the-living-dead-035-downscale,val,night-of-the-living-dead,library,bw-horror,downscale,3.0,3320.89,False,True,True,0.36,True,True,0.36,True,True,0.039
night-of-the-living-dead-035-crop,val,night-of-the-living-dead,library,bw-horror,crop,3.0,3320.89,False,True,True,1764.14,False,True,1764.14,False,True,1.04
night-of-the-living-dead-035-letterbox,val,night-of-the-living-dead,library,bw-horror,letterbox,3.0,3320.89,False,False,True,1657.36,False,True,1657.36,False,True,0.206
night-of-the-living-dead-035-mirror,val,night-of-the-living-dead,library,bw-horror,mirror,3.0,3320.89,False,True,True,0.36,True,True,0.36,True,True,0.039
night-of-the-living-dead-035-color,val,night-of-the-living-dead,library,bw-horror,color,3.0,3320.89,False,True,True,0.36,False,True,0.36,True,True,0.127
night-of-the-living-dead-035-overlay,val,night-of-the-living-dead,library,bw-horror,overlay,3.0,3320.89,False,False,True,0.36,False,True,0.36,True,True,0.127
night-of-the-living-dead-035-speed,val,night-of-the-living-dead,library,bw-horror,speed,3.0,3320.89,False,True,True,0.36,True,True,0.36,True,True,0.294
night-of-the-living-dead-035-screen_recording,val,night-of-the-living-dead,library,bw-horror,screen_recording,3.0,3320.89,False,False,True,0.64,False,True,0.64,False,True,0.873
night-of-the-living-dead-036-original,val,night-of-the-living-dead,library,bw-horror,original,5.0,3431.972,False,True,True,0.278,True,True,0.278,True,True,0.055
night-of-the-living-dead-036-compression,val,night-of-the-living-dead,library,bw-horror,compression,5.0,3431.972,False,True,True,10.222,True,True,10.222,False,True,0.279
night-of-the-living-dead-036-downscale,val,night-of-the-living-dead,library,bw-horror,downscale,5.0,3431.972,False,True,True,0.222,True,True,0.222,True,True,0.221
night-of-the-living-dead-036-crop,val,night-of-the-living-dead,library,bw-horror,crop,5.0,3431.972,False,True,True,17.222,True,True,17.222,False,True,17.46
night-of-the-living-dead-036-letterbox,val,night-of-the-living-dead,library,bw-horror,letterbox,5.0,3431.972,False,False,True,20.722,False,True,20.722,False,True,20.796
night-of-the-living-dead-036-mirror,val,night-of-the-living-dead,library,bw-horror,mirror,5.0,3431.972,False,True,True,0.278,True,True,0.278,True,True,0.388
night-of-the-living-dead-036-color,val,night-of-the-living-dead,library,bw-horror,color,5.0,3431.972,False,True,True,5.222,True,True,5.222,True,True,5.783
night-of-the-living-dead-036-overlay,val,night-of-the-living-dead,library,bw-horror,overlay,5.0,3431.972,False,False,True,0.278,False,True,0.278,True,True,0.112
night-of-the-living-dead-036-speed,val,night-of-the-living-dead,library,bw-horror,speed,5.0,3431.972,False,True,True,0.778,True,True,0.778,True,True,0.388
night-of-the-living-dead-036-screen_recording,val,night-of-the-living-dead,library,bw-horror,screen_recording,5.0,3431.972,False,True,True,20.222,True,True,20.222,False,True,20.629
night-of-the-living-dead-037-original,test,night-of-the-living-dead,library,bw-horror,original,10.0,3490.04,False,True,True,0.29,True,True,0.29,True,True,0.007
night-of-the-living-dead-037-compression,test,night-of-the-living-dead,library,bw-horror,compression,10.0,3490.04,False,True,True,0.29,True,True,0.29,True,True,0.173
night-of-the-living-dead-037-downscale,test,night-of-the-living-dead,library,bw-horror,downscale,10.0,3490.04,False,True,True,0.29,True,True,0.29,True,True,0.007
night-of-the-living-dead-037-crop,test,night-of-the-living-dead,library,bw-horror,crop,10.0,3490.04,False,True,True,0.21,False,True,0.21,True,True,0.007
night-of-the-living-dead-037-letterbox,test,night-of-the-living-dead,library,bw-horror,letterbox,10.0,3490.04,False,False,True,77.29,False,True,77.29,False,True,78.53
night-of-the-living-dead-037-mirror,test,night-of-the-living-dead,library,bw-horror,mirror,10.0,3490.04,False,True,True,77.79,True,True,77.79,False,True,78.364
night-of-the-living-dead-037-color,test,night-of-the-living-dead,library,bw-horror,color,10.0,3490.04,False,True,True,0.29,True,True,0.29,True,True,0.007
night-of-the-living-dead-037-overlay,test,night-of-the-living-dead,library,bw-horror,overlay,10.0,3490.04,False,False,True,0.21,False,True,0.21,True,True,0.007
night-of-the-living-dead-037-speed,test,night-of-the-living-dead,library,bw-horror,speed,10.0,3490.04,False,True,True,0.71,True,True,0.71,True,True,0.994
night-of-the-living-dead-037-screen_recording,test,night-of-the-living-dead,library,bw-horror,screen_recording,10.0,3490.04,False,True,True,0.21,True,True,0.21,True,True,0.007
night-of-the-living-dead-038-original,test,night-of-the-living-dead,library,bw-horror,original,3.0,3533.06,False,True,True,0.19,True,True,0.19,True,True,0.134
night-of-the-living-dead-038-compression,test,night-of-the-living-dead,library,bw-horror,compression,3.0,3533.06,False,False,True,5.69,False,True,5.69,False,True,0.032
night-of-the-living-dead-038-downscale,test,night-of-the-living-dead,library,bw-horror,downscale,3.0,3533.06,False,True,True,0.19,True,True,0.19,True,True,0.134
night-of-the-living-dead-038-crop,test,night-of-the-living-dead,library,bw-horror,crop,3.0,3533.06,False,True,True,0.19,False,True,0.19,True,True,6.705
night-of-the-living-dead-038-letterbox,test,night-of-the-living-dead,library,bw-horror,letterbox,3.0,3533.06,False,False,True,2.69,False,True,2.69,False,True,5.305
night-of-the-living-dead-038-mirror,test,night-of-the-living-dead,library,bw-horror,mirror,3.0,3533.06,False,True,True,0.19,True,True,0.19,True,True,0.134
night-of-the-living-dead-038-color,test,night-of-the-living-dead,library,bw-horror,color,3.0,3533.06,False,True,True,0.19,True,True,0.19,True,True,0.134
night-of-the-living-dead-038-overlay,test,night-of-the-living-dead,library,bw-horror,overlay,3.0,3533.06,False,False,True,0.19,False,True,0.19,True,True,0.301
night-of-the-living-dead-038-speed,test,night-of-the-living-dead,library,bw-horror,speed,3.0,3533.06,False,True,True,1.19,True,True,1.19,True,True,0.468
night-of-the-living-dead-038-screen_recording,test,night-of-the-living-dead,library,bw-horror,screen_recording,3.0,3533.06,False,True,True,0.19,True,True,0.19,True,True,0.134
night-of-the-living-dead-039-original,test,night-of-the-living-dead,library,bw-horror,original,10.0,3615.904,False,True,True,0.154,True,True,0.154,True,True,0.109
night-of-the-living-dead-039-compression,test,night-of-the-living-dead,library,bw-horror,compression,10.0,3615.904,False,True,True,0.346,True,True,0.346,True,True,0.61
night-of-the-living-dead-039-downscale,test,night-of-the-living-dead,library,bw-horror,downscale,10.0,3615.904,False,True,True,0.154,True,True,0.154,True,True,0.057
night-of-the-living-dead-039-crop,test,night-of-the-living-dead,library,bw-horror,crop,10.0,3615.904,False,True,True,0.346,False,True,0.346,False,True,0.058
night-of-the-living-dead-039-letterbox,test,night-of-the-living-dead,library,bw-horror,letterbox,10.0,3615.904,False,False,True,0.154,False,True,0.154,False,True,0.109
night-of-the-living-dead-039-mirror,test,night-of-the-living-dead,library,bw-horror,mirror,10.0,3615.904,False,True,True,0.154,False,True,0.154,False,True,0.057
night-of-the-living-dead-039-color,test,night-of-the-living-dead,library,bw-horror,color,10.0,3615.904,False,True,True,0.154,True,True,0.154,True,True,0.109
night-of-the-living-dead-039-overlay,test,night-of-the-living-dead,library,bw-horror,overlay,10.0,3615.904,False,True,True,0.154,False,True,0.154,True,True,0.057
night-of-the-living-dead-039-speed,test,night-of-the-living-dead,library,bw-horror,speed,10.0,3615.904,False,True,True,1.346,True,True,1.346,True,True,1.277
night-of-the-living-dead-039-screen_recording,test,night-of-the-living-dead,library,bw-horror,screen_recording,10.0,3615.904,False,False,True,0.154,False,True,0.154,False,True,0.057
night-of-the-living-dead-040-original,val,night-of-the-living-dead,library,bw-horror,original,5.0,3729.252,False,True,True,0.002,True,True,0.002,True,True,0.061
night-of-the-living-dead-040-compression,val,night-of-the-living-dead,library,bw-horror,compression,5.0,3729.252,False,False,True,0.498,False,True,0.498,True,True,0.061
night-of-the-living-dead-040-downscale,val,night-of-the-living-dead,library,bw-horror,downscale,5.0,3729.252,False,True,True,0.002,True,True,0.002,True,True,0.061
night-of-the-living-dead-040-crop,val,night-of-the-living-dead,library,bw-horror,crop,5.0,3729.252,False,False,True,0.002,False,True,0.002,True,True,0.228
night-of-the-living-dead-040-letterbox,val,night-of-the-living-dead,library,bw-horror,letterbox,5.0,3729.252,False,False,True,0.002,False,True,0.002,True,True,0.061
night-of-the-living-dead-040-mirror,val,night-of-the-living-dead,library,bw-horror,mirror,5.0,3729.252,False,True,True,0.002,False,True,0.002,False,True,0.061
night-of-the-living-dead-040-color,val,night-of-the-living-dead,library,bw-horror,color,5.0,3729.252,False,True,True,0.002,True,True,0.002,True,True,0.061
night-of-the-living-dead-040-overlay,val,night-of-the-living-dead,library,bw-horror,overlay,5.0,3729.252,False,True,True,0.002,False,True,0.002,True,True,0.061
night-of-the-living-dead-040-speed,val,night-of-the-living-dead,library,bw-horror,speed,5.0,3729.252,False,True,True,0.498,True,True,0.498,True,True,0.773
night-of-the-living-dead-040-screen_recording,val,night-of-the-living-dead,library,bw-horror,screen_recording,5.0,3729.252,False,False,True,0.002,False,True,0.002,True,True,0.061
night-of-the-living-dead-041-original,test,night-of-the-living-dead,library,bw-horror,original,5.0,3766.867,False,True,True,0.383,True,True,0.383,True,True,0.02
night-of-the-living-dead-041-compression,test,night-of-the-living-dead,library,bw-horror,compression,5.0,3766.867,False,False,True,0.117,False,True,0.117,False,True,0.02
night-of-the-living-dead-041-downscale,test,night-of-the-living-dead,library,bw-horror,downscale,5.0,3766.867,False,True,True,0.383,True,True,0.383,True,True,0.02
night-of-the-living-dead-041-crop,test,night-of-the-living-dead,library,bw-horror,crop,5.0,3766.867,False,True,True,0.383,True,True,0.383,False,True,0.147
night-of-the-living-dead-041-letterbox,test,night-of-the-living-dead,library,bw-horror,letterbox,5.0,3766.867,False,False,True,0.117,False,True,0.117,True,True,0.147
night-of-the-living-dead-041-mirror,test,night-of-the-living-dead,library,bw-horror,mirror,5.0,3766.867,False,True,True,0.383,True,True,0.383,True,True,0.02
night-of-the-living-dead-041-color,test,night-of-the-living-dead,library,bw-horror,color,5.0,3766.867,False,True,True,0.383,True,True,0.383,True,True,0.02
night-of-the-living-dead-041-overlay,test,night-of-the-living-dead,library,bw-horror,overlay,5.0,3766.867,False,False,True,0.383,False,True,0.383,True,True,0.02
night-of-the-living-dead-041-speed,test,night-of-the-living-dead,library,bw-horror,speed,5.0,3766.867,False,True,True,1.383,True,True,1.383,True,True,0.481
night-of-the-living-dead-041-screen_recording,test,night-of-the-living-dead,library,bw-horror,screen_recording,5.0,3766.867,False,False,True,0.383,False,True,0.383,True,True,0.353
night-of-the-living-dead-042-original,test,night-of-the-living-dead,library,bw-horror,original,3.0,3902.392,False,True,True,0.358,True,True,0.358,True,True,0.057
night-of-the-living-dead-042-compression,test,night-of-the-living-dead,library,bw-horror,compression,3.0,3902.392,False,True,True,0.142,False,True,0.142,False,True,0.057
night-of-the-living-dead-042-downscale,test,night-of-the-living-dead,library,bw-horror,downscale,3.0,3902.392,False,True,True,0.358,True,True,0.358,True,True,0.11
night-of-the-living-dead-042-crop,test,night-of-the-living-dead,library,bw-horror,crop,3.0,3902.392,False,True,True,0.142,False,True,0.142,True,True,0.057
night-of-the-living-dead-042-letterbox,test,night-of-the-living-dead,library,bw-horror,letterbox,3.0,3902.392,False,False,True,31.358,False,True,31.358,False,True,0.057
night-of-the-living-dead-042-mirror,test,night-of-the-living-dead,library,bw-horror,mirror,3.0,3902.392,False,True,True,0.142,True,True,0.142,True,True,0.057
night-of-the-living-dead-042-color,test,night-of-the-living-dead,library,bw-horror,color,3.0,3902.392,False,True,True,0.358,True,True,0.358,True,True,0.11
night-of-the-living-dead-042-overlay,test,night-of-the-living-dead,library,bw-horror,overlay,3.0,3902.392,False,False,True,0.358,False,True,0.358,False,True,0.11
night-of-the-living-dead-042-speed,test,night-of-the-living-dead,library,bw-horror,speed,3.0,3902.392,False,True,True,0.358,True,True,0.358,True,True,0.277
night-of-the-living-dead-042-screen_recording,test,night-of-the-living-dead,library,bw-horror,screen_recording,3.0,3902.392,False,False,True,30.858,False,True,30.858,False,True,0.057
night-of-the-living-dead-043-original,val,night-of-the-living-dead,library,bw-horror,original,5.0,3989.52,False,True,True,0.23,True,True,0.23,True,True,0.013
night-of-the-living-dead-043-compression,val,night-of-the-living-dead,library,bw-horror,compression,5.0,3989.52,False,True,True,0.27,False,True,0.27,False,True,0.013
night-of-the-living-dead-043-downscale,val,night-of-the-living-dead,library,bw-horror,downscale,5.0,3989.52,False,True,True,0.23,True,True,0.23,True,True,0.013
night-of-the-living-dead-043-crop,val,night-of-the-living-dead,library,bw-horror,crop,5.0,3989.52,False,False,True,0.23,False,True,0.23,False,True,0.013
night-of-the-living-dead-043-letterbox,val,night-of-the-living-dead,library,bw-horror,letterbox,5.0,3989.52,False,True,True,0.23,False,True,0.23,True,True,0.154
night-of-the-living-dead-043-mirror,val,night-of-the-living-dead,library,bw-horror,mirror,5.0,3989.52,False,True,True,0.23,True,True,0.23,True,True,0.013
night-of-the-living-dead-043-color,val,night-of-the-living-dead,library,bw-horror,color,5.0,3989.52,False,True,True,0.23,True,True,0.23,True,True,0.013
night-of-the-living-dead-043-overlay,val,night-of-the-living-dead,library,bw-horror,overlay,5.0,3989.52,False,False,True,0.23,False,True,0.23,True,True,0.013
night-of-the-living-dead-043-speed,val,night-of-the-living-dead,library,bw-horror,speed,5.0,3989.52,False,True,True,0.23,True,True,0.23,True,True,0.513
night-of-the-living-dead-043-screen_recording,val,night-of-the-living-dead,library,bw-horror,screen_recording,5.0,3989.52,False,True,True,0.27,False,True,0.27,False,True,0.321
night-of-the-living-dead-044-original,test,night-of-the-living-dead,library,bw-horror,original,5.0,4044.842,False,True,True,0.092,True,True,0.092,True,True,0.029
night-of-the-living-dead-044-compression,test,night-of-the-living-dead,library,bw-horror,compression,5.0,4044.842,False,True,True,0.092,True,True,0.092,True,True,0.138
night-of-the-living-dead-044-downscale,test,night-of-the-living-dead,library,bw-horror,downscale,5.0,4044.842,False,True,True,0.092,True,True,0.092,True,True,0.029
night-of-the-living-dead-044-crop,test,night-of-the-living-dead,library,bw-horror,crop,5.0,4044.842,False,True,True,0.092,True,True,0.092,False,True,0.305
night-of-the-living-dead-044-letterbox,test,night-of-the-living-dead,library,bw-horror,letterbox,5.0,4044.842,False,False,True,0.092,False,True,0.092,True,True,0.029
night-of-the-living-dead-044-mirror,test,night-of-the-living-dead,library,bw-horror,mirror,5.0,4044.842,False,True,True,0.092,True,True,0.092,True,True,0.029
night-of-the-living-dead-044-color,test,night-of-the-living-dead,library,bw-horror,color,5.0,4044.842,False,True,True,0.092,True,True,0.092,True,True,0.029
night-of-the-living-dead-044-overlay,test,night-of-the-living-dead,library,bw-horror,overlay,5.0,4044.842,False,False,True,0.092,False,True,0.092,False,True,0.138
night-of-the-living-dead-044-speed,test,night-of-the-living-dead,library,bw-horror,speed,5.0,4044.842,False,True,True,0.908,True,True,0.908,True,True,0.696
night-of-the-living-dead-044-screen_recording,test,night-of-the-living-dead,library,bw-horror,screen_recording,5.0,4044.842,False,False,False,2080.092,False,False,2080.092,False,False,2068.667
night-of-the-living-dead-045-original,val,night-of-the-living-dead,library,bw-horror,original,10.0,4117.676,False,True,True,0.074,True,True,0.074,True,True,0.005
night-of-the-living-dead-045-compression,val,night-of-the-living-dead,library,bw-horror,compression,10.0,4117.676,False,True,True,0.074,False,True,0.074,True,True,0.005
night-of-the-living-dead-045-downscale,val,night-of-the-living-dead,library,bw-horror,downscale,10.0,4117.676,False,True,True,0.074,True,True,0.074,True,True,0.005
night-of-the-living-dead-045-crop,val,night-of-the-living-dead,library,bw-horror,crop,10.0,4117.676,False,True,True,0.074,True,True,0.074,True,True,0.006
night-of-the-living-dead-045-letterbox,val,night-of-the-living-dead,library,bw-horror,letterbox,10.0,4117.676,False,True,True,0.074,False,True,0.074,False,True,0.005
night-of-the-living-dead-045-mirror,val,night-of-the-living-dead,library,bw-horror,mirror,10.0,4117.676,False,True,True,0.074,True,True,0.074,True,True,0.005
night-of-the-living-dead-045-color,val,night-of-the-living-dead,library,bw-horror,color,10.0,4117.676,False,True,True,0.074,True,True,0.074,True,True,0.005
night-of-the-living-dead-045-overlay,val,night-of-the-living-dead,library,bw-horror,overlay,10.0,4117.676,False,True,True,0.074,False,True,0.074,True,True,0.161
night-of-the-living-dead-045-speed,val,night-of-the-living-dead,library,bw-horror,speed,10.0,4117.676,False,True,True,1.074,True,True,1.074,True,True,1.173
night-of-the-living-dead-045-screen_recording,val,night-of-the-living-dead,library,bw-horror,screen_recording,10.0,4117.676,False,False,True,0.074,False,True,0.074,False,True,0.005
night-of-the-living-dead-046-original,val,night-of-the-living-dead,library,bw-horror,original,10.0,4213.73,False,True,True,0.02,True,True,0.02,True,True,0.052
night-of-the-living-dead-046-compression,val,night-of-the-living-dead,library,bw-horror,compression,10.0,4213.73,False,False,True,0.02,False,True,0.02,False,True,0.052
night-of-the-living-dead-046-downscale,val,night-of-the-living-dead,library,bw-horror,downscale,10.0,4213.73,False,False,True,0.02,False,True,0.02,False,True,0.052
night-of-the-living-dead-046-crop,val,night-of-the-living-dead,library,bw-horror,crop,10.0,4213.73,False,False,True,0.02,False,True,0.02,False,True,0.115
night-of-the-living-dead-046-letterbox,val,night-of-the-living-dead,library,bw-horror,letterbox,10.0,4213.73,False,False,True,0.02,False,True,0.02,False,True,0.115
night-of-the-living-dead-046-mirror,val,night-of-the-living-dead,library,bw-horror,mirror,10.0,4213.73,False,True,True,0.02,True,True,0.02,True,True,0.052
night-of-the-living-dead-046-color,val,night-of-the-living-dead,library,bw-horror,color,10.0,4213.73,False,False,True,0.02,False,True,0.02,False,True,0.052
night-of-the-living-dead-046-overlay,val,night-of-the-living-dead,library,bw-horror,overlay,10.0,4213.73,False,False,True,0.02,False,True,0.02,False,True,0.052
night-of-the-living-dead-046-speed,val,night-of-the-living-dead,library,bw-horror,speed,10.0,4213.73,False,True,True,1.02,True,True,1.02,False,True,0.949
night-of-the-living-dead-046-screen_recording,val,night-of-the-living-dead,library,bw-horror,screen_recording,10.0,4213.73,False,False,False,385.98,False,False,385.98,False,True,0.052
night-of-the-living-dead-047-original,val,night-of-the-living-dead,library,bw-horror,original,5.0,4307.178,False,True,True,0.072,True,True,0.072,True,True,0.005
night-of-the-living-dead-047-compression,val,night-of-the-living-dead,library,bw-horror,compression,5.0,4307.178,False,False,True,0.072,False,True,0.072,False,True,3711.14
night-of-the-living-dead-047-downscale,val,night-of-the-living-dead,library,bw-horror,downscale,5.0,4307.178,False,True,True,0.072,True,True,0.072,False,True,0.005
night-of-the-living-dead-047-crop,val,night-of-the-living-dead,library,bw-horror,crop,5.0,4307.178,False,False,True,0.072,False,True,0.072,False,True,0.172
night-of-the-living-dead-047-letterbox,val,night-of-the-living-dead,library,bw-horror,letterbox,5.0,4307.178,False,False,True,0.072,False,True,0.072,False,True,0.005
night-of-the-living-dead-047-mirror,val,night-of-the-living-dead,library,bw-horror,mirror,5.0,4307.178,False,True,True,0.072,True,True,0.072,True,True,0.005
night-of-the-living-dead-047-color,val,night-of-the-living-dead,library,bw-horror,color,5.0,4307.178,False,True,True,0.072,True,True,0.072,True,True,0.005
night-of-the-living-dead-047-overlay,val,night-of-the-living-dead,library,bw-horror,overlay,5.0,4307.178,False,False,True,0.072,False,True,0.072,True,True,0.005
night-of-the-living-dead-047-speed,val,night-of-the-living-dead,library,bw-horror,speed,5.0,4307.178,False,True,True,0.572,True,True,0.572,True,True,0.328
night-of-the-living-dead-047-screen_recording,val,night-of-the-living-dead,library,bw-horror,screen_recording,5.0,4307.178,False,False,True,0.072,False,True,0.072,False,True,0.162
night-of-the-living-dead-048-original,test,night-of-the-living-dead,library,bw-horror,original,10.0,4391.796,False,True,True,0.046,True,True,0.046,True,True,0.031
night-of-the-living-dead-048-compression,test,night-of-the-living-dead,library,bw-horror,compression,10.0,4391.796,False,False,True,0.046,False,True,0.046,False,True,0.072
night-of-the-living-dead-048-downscale,test,night-of-the-living-dead,library,bw-horror,downscale,10.0,4391.796,False,True,True,0.046,True,True,0.046,True,True,0.094
night-of-the-living-dead-048-crop,test,night-of-the-living-dead,library,bw-horror,crop,10.0,4391.796,False,True,True,0.046,False,True,0.046,False,True,0.072
night-of-the-living-dead-048-letterbox,test,night-of-the-living-dead,library,bw-horror,letterbox,10.0,4391.796,False,False,True,0.046,False,True,0.046,False,True,0.072
night-of-the-living-dead-048-mirror,test,night-of-the-living-dead,library,bw-horror,mirror,10.0,4391.796,False,True,True,0.046,True,True,0.046,True,True,0.072
night-of-the-living-dead-048-color,test,night-of-the-living-dead,library,bw-horror,color,10.0,4391.796,False,True,True,0.046,True,True,0.046,True,True,0.094
night-of-the-living-dead-048-overlay,test,night-of-the-living-dead,library,bw-horror,overlay,10.0,4391.796,False,False,True,0.046,False,True,0.046,False,True,0.072
night-of-the-living-dead-048-speed,test,night-of-the-living-dead,library,bw-horror,speed,10.0,4391.796,False,True,True,0.954,True,True,0.954,False,True,0.906
night-of-the-living-dead-048-screen_recording,test,night-of-the-living-dead,library,bw-horror,screen_recording,10.0,4391.796,False,False,False,2943.046,False,False,2943.046,False,False,2715.287
night-of-the-living-dead-049-original,test,night-of-the-living-dead,library,bw-horror,original,5.0,4473.207,False,True,True,0.043,True,True,0.043,True,True,0.021
night-of-the-living-dead-049-compression,test,night-of-the-living-dead,library,bw-horror,compression,5.0,4473.207,False,False,True,0.043,False,True,0.043,False,True,0.188
night-of-the-living-dead-049-downscale,test,night-of-the-living-dead,library,bw-horror,downscale,5.0,4473.207,False,False,True,0.043,False,True,0.043,True,True,0.021
night-of-the-living-dead-049-crop,test,night-of-the-living-dead,library,bw-horror,crop,5.0,4473.207,False,False,False,634.457,False,False,634.457,False,False,634.538
night-of-the-living-dead-049-letterbox,test,night-of-the-living-dead,library,bw-horror,letterbox,5.0,4473.207,False,False,False,632.457,False,False,632.457,False,False,642.179
night-of-the-living-dead-049-mirror,test,night-of-the-living-dead,library,bw-horror,mirror,5.0,4473.207,False,False,True,0.043,False,True,0.043,True,True,0.188
night-of-the-living-dead-049-color,test,night-of-the-living-dead,library,bw-horror,color,5.0,4473.207,False,False,True,766.543,False,True,766.543,False,True,766.326
night-of-the-living-dead-049-overlay,test,night-of-the-living-dead,library,bw-horror,overlay,5.0,4473.207,False,False,False,665.957,False,False,665.957,False,False,633.037
night-of-the-living-dead-049-speed,test,night-of-the-living-dead,library,bw-horror,speed,5.0,4473.207,False,False,True,0.543,False,True,0.543,True,True,0.646
night-of-the-living-dead-049-screen_recording,test,night-of-the-living-dead,library,bw-horror,screen_recording,5.0,4473.207,False,False,False,644.457,False,False,644.457,False,False,644.348
night-of-the-living-dead-050-original,val,night-of-the-living-dead,library,bw-horror,original,3.0,4551.943,False,True,True,0.307,True,True,0.307,True,True,0.059
night-of-the-living-dead-050-compression,val,night-of-the-living-dead,library,bw-horror,compression,3.0,4551.943,False,True,True,4.193,True,True,4.193,True,True,4.403
night-of-the-living-dead-050-downscale,val,night-of-the-living-dead,library,bw-horror,downscale,3.0,4551.943,False,True,True,0.193,True,True,0.193,True,True,0.225
night-of-the-living-dead-050-crop,val,night-of-the-living-dead,library,bw-horror,crop,3.0,4551.943,False,True,True,4.193,True,True,4.193,True,True,4.278
night-of-the-living-dead-050-letterbox,val,night-of-the-living-dead,library,bw-horror,letterbox,3.0,4551.943,False,False,True,7.693,False,True,7.693,False,True,7.406
night-of-the-living-dead-050-mirror,val,night-of-the-living-dead,library,bw-horror,mirror,3.0,4551.943,False,True,True,0.307,True,True,0.307,True,True,0.059
night-of-the-living-dead-050-color,val,night-of-the-living-dead,library,bw-horror,color,3.0,4551.943,False,True,True,0.193,True,True,0.193,True,True,0.059
night-of-the-living-dead-050-overlay,val,night-of-the-living-dead,library,bw-horror,overlay,3.0,4551.943,False,False,True,0.307,False,True,0.307,True,True,0.108
night-of-the-living-dead-050-speed,val,night-of-the-living-dead,library,bw-horror,speed,3.0,4551.943,False,True,True,0.307,True,True,0.307,True,True,0.225
night-of-the-living-dead-050-screen_recording,val,night-of-the-living-dead,library,bw-horror,screen_recording,3.0,4551.943,False,False,True,4.193,False,True,4.193,True,True,4.07
night-of-the-living-dead-051-original,test,night-of-the-living-dead,library,bw-horror,original,10.0,4615.997,False,True,True,0.253,True,True,0.253,True,True,0.017
night-of-the-living-dead-051-compression,test,night-of-the-living-dead,library,bw-horror,compression,10.0,4615.997,False,True,True,0.253,False,True,0.253,False,True,0.183
night-of-the-living-dead-051-downscale,test,night-of-the-living-dead,library,bw-horror,downscale,10.0,4615.997,False,True,True,0.253,True,True,0.253,True,True,0.016
night-of-the-living-dead-051-crop,test,night-of-the-living-dead,library,bw-horror,crop,10.0,4615.997,False,True,True,0.253,False,True,0.253,False,True,0.151
night-of-the-living-dead-051-letterbox,test,night-of-the-living-dead,library,bw-horror,letterbox,10.0,4615.997,False,False,True,0.253,False,True,0.253,False,True,0.15
night-of-the-living-dead-051-mirror,test,night-of-the-living-dead,library,bw-horror,mirror,10.0,4615.997,False,True,True,0.253,True,True,0.253,True,True,0.016
night-of-the-living-dead-051-color,test,night-of-the-living-dead,library,bw-horror,color,10.0,4615.997,False,True,True,0.253,False,True,0.253,False,True,0.15
night-of-the-living-dead-051-overlay,test,night-of-the-living-dead,library,bw-horror,overlay,10.0,4615.997,False,False,True,0.253,False,True,0.253,True,True,0.016
night-of-the-living-dead-051-speed,test,night-of-the-living-dead,library,bw-horror,speed,10.0,4615.997,False,True,True,0.253,True,True,0.253,False,True,1.851
night-of-the-living-dead-051-screen_recording,test,night-of-the-living-dead,library,bw-horror,screen_recording,10.0,4615.997,False,False,True,0.253,False,True,0.253,False,True,0.016
night-of-the-living-dead-052-original,val,night-of-the-living-dead,library,bw-horror,original,3.0,4676.656,False,True,True,0.094,True,True,0.094,True,True,0.033
night-of-the-living-dead-052-compression,val,night-of-the-living-dead,library,bw-horror,compression,3.0,4676.656,False,False,True,0.094,False,True,0.094,False,True,0.134
night-of-the-living-dead-052-downscale,val,night-of-the-living-dead,library,bw-horror,downscale,3.0,4676.656,False,True,True,0.094,True,True,0.094,True,True,0.033
night-of-the-living-dead-052-crop,val,night-of-the-living-dead,library,bw-horror,crop,3.0,4676.656,False,True,True,0.594,True,True,0.594,False,True,0.7
night-of-the-living-dead-052-letterbox,val,night-of-the-living-dead,library,bw-horror,letterbox,3.0,4676.656,False,False,True,516.594,False,True,516.594,False,False,838.154
night-of-the-living-dead-052-mirror,val,night-of-the-living-dead,library,bw-horror,mirror,3.0,4676.656,False,True,True,0.094,True,True,0.094,True,True,0.033
night-of-the-living-dead-052-color,val,night-of-the-living-dead,library,bw-horror,color,3.0,4676.656,False,True,True,0.094,True,True,0.094,True,True,0.134
night-of-the-living-dead-052-overlay,val,night-of-the-living-dead,library,bw-horror,overlay,3.0,4676.656,False,False,True,0.094,False,True,0.094,False,True,0.033
night-of-the-living-dead-052-speed,val,night-of-the-living-dead,library,bw-horror,speed,3.0,4676.656,False,True,True,0.594,True,True,0.594,True,True,0.2
night-of-the-living-dead-052-screen_recording,val,night-of-the-living-dead,library,bw-horror,screen_recording,3.0,4676.656,False,False,False,1465.906,False,False,1465.906,False,False,835.985
night-of-the-living-dead-053-original,test,night-of-the-living-dead,library,bw-horror,original,3.0,4766.4,False,True,True,0.15,True,True,0.15,True,True,0.053
night-of-the-living-dead-053-compression,test,night-of-the-living-dead,library,bw-horror,compression,3.0,4766.4,False,True,True,0.35,False,True,0.35,True,True,0.053
night-of-the-living-dead-053-downscale,test,night-of-the-living-dead,library,bw-horror,downscale,3.0,4766.4,False,True,True,0.15,True,True,0.15,True,True,0.053
night-of-the-living-dead-053-crop,test,night-of-the-living-dead,library,bw-horror,crop,3.0,4766.4,False,False,True,0.35,False,True,0.35,False,True,0.781
night-of-the-living-dead-053-letterbox,test,night-of-the-living-dead,library,bw-horror,letterbox,3.0,4766.4,False,True,True,0.35,False,True,0.35,True,True,0.281
night-of-the-living-dead-053-mirror,test,night-of-the-living-dead,library,bw-horror,mirror,3.0,4766.4,False,True,True,0.35,True,True,0.35,True,True,0.053
night-of-the-living-dead-053-color,test,night-of-the-living-dead,library,bw-horror,color,3.0,4766.4,False,True,True,0.15,True,True,0.15,True,True,0.053
night-of-the-living-dead-053-overlay,test,night-of-the-living-dead,library,bw-horror,overlay,3.0,4766.4,False,True,True,0.15,False,True,0.15,True,True,0.053
night-of-the-living-dead-053-speed,test,night-of-the-living-dead,library,bw-horror,speed,3.0,4766.4,False,True,True,0.35,True,True,0.35,True,True,0.28
night-of-the-living-dead-053-screen_recording,test,night-of-the-living-dead,library,bw-horror,screen_recording,3.0,4766.4,False,True,True,0.35,True,True,0.35,True,True,0.053
night-of-the-living-dead-054-original,test,night-of-the-living-dead,library,bw-horror,original,10.0,4819.424,False,True,True,0.326,True,True,0.326,True,True,0.074
night-of-the-living-dead-054-compression,test,night-of-the-living-dead,library,bw-horror,compression,10.0,4819.424,False,True,True,0.174,True,True,0.174,False,True,0.075
night-of-the-living-dead-054-downscale,test,night-of-the-living-dead,library,bw-horror,downscale,10.0,4819.424,False,True,True,0.326,True,True,0.326,True,True,0.092
night-of-the-living-dead-054-crop,test,night-of-the-living-dead,library,bw-horror,crop,10.0,4819.424,False,True,True,8.326,True,True,8.326,False,True,6.264
night-of-the-living-dead-054-letterbox,test,night-of-the-living-dead,library,bw-horror,letterbox,10.0,4819.424,False,True,True,6.326,True,True,6.326,False,True,4.095
night-of-the-living-dead-054-mirror,test,night-of-the-living-dead,library,bw-horror,mirror,10.0,4819.424,False,True,True,0.174,True,True,0.174,True,True,0.074
night-of-the-living-dead-054-color,test,night-of-the-living-dead,library,bw-horror,color,10.0,4819.424,False,True,True,0.174,True,True,0.174,True,True,0.074
night-of-the-living-dead-054-overlay,test,night-of-the-living-dead,library,bw-horror,overlay,10.0,4819.424,False,False,True,0.174,False,True,0.174,True,True,0.074
night-of-the-living-dead-054-speed,test,night-of-the-living-dead,library,bw-horror,speed,10.0,4819.424,False,True,True,1.826,True,True,1.826,True,True,0.76
night-of-the-living-dead-054-screen_recording,test,night-of-the-living-dead,library,bw-horror,screen_recording,10.0,4819.424,False,True,True,12.674,True,True,12.674,False,True,14.92
night-of-the-living-dead-055-original,val,night-of-the-living-dead,library,bw-horror,original,5.0,4923.875,False,True,True,0.125,True,True,0.125,True,True,0.145
night-of-the-living-dead-055-compression,val,night-of-the-living-dead,library,bw-horror,compression,5.0,4923.875,False,True,True,0.375,True,True,0.375,False,True,0.189
night-of-the-living-dead-055-downscale,val,night-of-the-living-dead,library,bw-horror,downscale,5.0,4923.875,False,True,True,0.125,False,True,0.125,False,True,0.022
night-of-the-living-dead-055-crop,val,night-of-the-living-dead,library,bw-horror,crop,5.0,4923.875,False,True,True,0.375,True,True,0.375,False,True,0.189
night-of-the-living-dead-055-letterbox,val,night-of-the-living-dead,library,bw-horror,letterbox,5.0,4923.875,False,True,True,0.625,False,True,0.625,False,True,246.475
night-of-the-living-dead-055-mirror,val,night-of-the-living-dead,library,bw-horror,mirror,5.0,4923.875,False,True,True,0.375,True,True,0.375,True,True,0.022
night-of-the-living-dead-055-color,val,night-of-the-living-dead,library,bw-horror,color,5.0,4923.875,False,True,True,0.375,True,True,0.375,False,True,0.145
night-of-the-living-dead-055-overlay,val,night-of-the-living-dead,library,bw-horror,overlay,5.0,4923.875,False,False,True,0.125,False,True,0.125,False,True,0.145
night-of-the-living-dead-055-speed,val,night-of-the-living-dead,library,bw-horror,speed,5.0,4923.875,False,True,True,0.375,True,True,0.375,True,True,0.645
night-of-the-living-dead-055-screen_recording,val,night-of-the-living-dead,library,bw-horror,screen_recording,5.0,4923.875,False,False,True,0.125,False,True,0.125,False,True,0.189
night-of-the-living-dead-056-original,test,night-of-the-living-dead,library,bw-horror,original,10.0,5025.263,False,True,True,0.013,True,True,0.013,True,True,0.075
night-of-the-living-dead-056-compression,test,night-of-the-living-dead,library,bw-horror,compression,10.0,5025.263,False,True,True,0.013,False,True,0.013,False,True,0.075
night-of-the-living-dead-056-downscale,test,night-of-the-living-dead,library,bw-horror,downscale,10.0,5025.263,False,True,True,0.013,True,True,0.013,True,True,0.075
night-of-the-living-dead-056-crop,test,night-of-the-living-dead,library,bw-horror,crop,10.0,5025.263,False,True,True,0.013,True,True,0.013,False,True,0.075
night-of-the-living-dead-056-letterbox,test,night-of-the-living-dead,library,bw-horror,letterbox,10.0,5025.263,False,False,True,0.013,False,True,0.013,False,True,0.242
night-of-the-living-dead-056-mirror,test,night-of-the-living-dead,library,bw-horror,mirror,10.0,5025.263,False,True,True,0.013,True,True,0.013,True,True,0.075
night-of-the-living-dead-056-color,test,night-of-the-living-dead,library,bw-horror,color,10.0,5025.263,False,True,True,0.013,True,True,0.013,True,True,0.075
night-of-the-living-dead-056-overlay,test,night-of-the-living-dead,library,bw-horror,overlay,10.0,5025.263,False,False,True,0.013,False,True,0.013,False,True,0.075
night-of-the-living-dead-056-speed,test,night-of-the-living-dead,library,bw-horror,speed,10.0,5025.263,False,True,True,1.487,True,True,1.487,False,True,1.092
night-of-the-living-dead-056-screen_recording,test,night-of-the-living-dead,library,bw-horror,screen_recording,10.0,5025.263,False,False,True,0.013,False,True,0.013,False,True,0.075
night-of-the-living-dead-057-original,test,night-of-the-living-dead,library,bw-horror,original,5.0,5076.953,False,True,True,0.297,True,True,0.297,True,True,0.069
night-of-the-living-dead-057-compression,test,night-of-the-living-dead,library,bw-horror,compression,5.0,5076.953,False,False,True,0.797,False,True,0.797,False,True,0.097
night-of-the-living-dead-057-downscale,test,night-of-the-living-dead,library,bw-horror,downscale,5.0,5076.953,False,True,True,0.203,True,True,0.203,True,True,0.097
night-of-the-living-dead-057-crop,test,night-of-the-living-dead,library,bw-horror,crop,5.0,5076.953,False,True,True,0.203,False,True,0.203,False,True,0.097
night-of-the-living-dead-057-letterbox,test,night-of-the-living-dead,library,bw-horror,letterbox,5.0,5076.953,False,False,True,0.297,False,True,0.297,False,True,0.403
night-of-the-living-dead-057-mirror,test,night-of-the-living-dead,library,bw-horror,mirror,5.0,5076.953,False,True,True,0.203,True,True,0.203,True,True,0.097
night-of-the-living-dead-057-color,test,night-of-the-living-dead,library,bw-horror,color,5.0,5076.953,False,True,True,0.297,True,True,0.297,True,True,0.097
night-of-the-living-dead-057-overlay,test,night-of-the-living-dead,library,bw-horror,overlay,5.0,5076.953,False,False,True,0.297,False,True,0.297,True,True,0.236
night-of-the-living-dead-057-speed,test,night-of-the-living-dead,library,bw-horror,speed,5.0,5076.953,False,True,True,0.797,True,True,0.797,True,True,0.57
night-of-the-living-dead-057-screen_recording,test,night-of-the-living-dead,library,bw-horror,screen_recording,5.0,5076.953,False,False,True,0.203,False,True,0.203,False,True,0.431
night-of-the-living-dead-058-original,val,night-of-the-living-dead,library,bw-horror,original,3.0,5167.283,False,True,True,0.033,True,True,0.033,True,True,0.065
night-of-the-living-dead-058-compression,val,night-of-the-living-dead,library,bw-horror,compression,3.0,5167.283,False,False,True,0.033,False,True,0.033,False,True,0.102
night-of-the-living-dead-058-downscale,val,night-of-the-living-dead,library,bw-horror,downscale,3.0,5167.283,False,True,True,0.033,True,True,0.033,False,True,0.065
night-of-the-living-dead-058-crop,val,night-of-the-living-dead,library,bw-horror,crop,3.0,5167.283,False,True,True,4141.533,True,True,4141.533,False,True,0.603
night-of-the-living-dead-058-letterbox,val,night-of-the-living-dead,library,bw-horror,letterbox,3.0,5167.283,False,False,True,0.033,False,True,0.033,False,True,0.436
night-of-the-living-dead-058-mirror,val,night-of-the-living-dead,library,bw-horror,mirror,3.0,5167.283,False,True,True,0.033,True,True,0.033,True,True,0.065
night-of-the-living-dead-058-color,val,night-of-the-living-dead,library,bw-horror,color,3.0,5167.283,False,False,True,0.033,False,True,0.033,False,True,0.065
night-of-the-living-dead-058-overlay,val,night-of-the-living-dead,library,bw-horror,overlay,3.0,5167.283,False,False,True,0.033,False,True,0.033,False,True,0.065
night-of-the-living-dead-058-speed,val,night-of-the-living-dead,library,bw-horror,speed,3.0,5167.283,False,True,True,0.467,True,True,0.467,True,True,0.232
night-of-the-living-dead-058-screen_recording,val,night-of-the-living-dead,library,bw-horror,screen_recording,3.0,5167.283,False,False,True,0.033,False,True,0.033,False,True,0.065
night-of-the-living-dead-059-original,test,night-of-the-living-dead,library,bw-horror,original,3.0,5256.398,False,True,True,0.148,True,True,0.148,True,True,0.059
night-of-the-living-dead-059-compression,test,night-of-the-living-dead,library,bw-horror,compression,3.0,5256.398,False,True,True,0.648,True,True,0.648,True,True,0.393
night-of-the-living-dead-059-downscale,test,night-of-the-living-dead,library,bw-horror,downscale,3.0,5256.398,False,True,True,0.148,True,True,0.148,True,True,0.107
night-of-the-living-dead-059-crop,test,night-of-the-living-dead,library,bw-horror,crop,3.0,5256.398,False,True,True,0.648,True,True,0.648,True,True,0.894
night-of-the-living-dead-059-letterbox,test,night-of-the-living-dead,library,bw-horror,letterbox,3.0,5256.398,False,False,False,1417.648,False,False,1417.648,False,True,0.274
night-of-the-living-dead-059-mirror,test,night-of-the-living-dead,library,bw-horror,mirror,3.0,5256.398,False,True,True,1.148,True,True,1.148,True,True,0.107
night-of-the-living-dead-059-color,test,night-of-the-living-dead,library,bw-horror,color,3.0,5256.398,False,True,True,0.148,True,True,0.148,True,True,0.059
night-of-the-living-dead-059-overlay,test,night-of-the-living-dead,library,bw-horror,overlay,3.0,5256.398,False,False,True,1.648,False,True,1.648,False,True,1.227
night-of-the-living-dead-059-speed,test,night-of-the-living-dead,library,bw-horror,speed,3.0,5256.398,False,True,True,0.352,True,True,0.352,True,True,0.274
night-of-the-living-dead-059-screen_recording,test,night-of-the-living-dead,library,bw-horror,screen_recording,3.0,5256.398,False,False,True,50.648,False,True,50.648,True,True,50.393
his-girl-friday-000-original,test,his-girl-friday,library,bw-comedy,original,3.0,486.684,False,True,True,0.066,True,True,0.066,True,True,0.002
his-girl-friday-000-compression,test,his-girl-friday,library,bw-comedy,compression,3.0,486.684,False,True,True,0.066,True,True,0.066,True,True,0.002
his-girl-friday-000-downscale,test,his-girl-friday,library,bw-comedy,downscale,3.0,486.684,False,True,True,0.066,True,True,0.066,True,True,0.002
his-girl-friday-000-crop,test,his-girl-friday,library,bw-comedy,crop,3.0,486.684,False,True,True,0.066,True,True,0.066,False,True,85.488
his-girl-friday-000-letterbox,test,his-girl-friday,library,bw-comedy,letterbox,3.0,486.684,False,True,True,0.066,True,True,0.066,True,True,0.169
his-girl-friday-000-mirror,test,his-girl-friday,library,bw-comedy,mirror,3.0,486.684,False,True,True,0.066,True,True,0.066,True,True,0.002
his-girl-friday-000-color,test,his-girl-friday,library,bw-comedy,color,3.0,486.684,False,True,True,0.066,True,True,0.066,True,True,0.002
his-girl-friday-000-overlay,test,his-girl-friday,library,bw-comedy,overlay,3.0,486.684,False,False,True,0.066,False,True,0.066,False,True,0.002
his-girl-friday-000-speed,test,his-girl-friday,library,bw-comedy,speed,3.0,486.684,False,True,True,0.066,True,True,0.066,True,True,0.336
his-girl-friday-000-screen_recording,test,his-girl-friday,library,bw-comedy,screen_recording,3.0,486.684,False,True,True,0.066,True,True,0.066,True,True,0.169
his-girl-friday-001-original,val,his-girl-friday,library,bw-comedy,original,10.0,576.675,False,True,True,0.075,True,True,0.075,True,True,0.001
his-girl-friday-001-compression,val,his-girl-friday,library,bw-comedy,compression,10.0,576.675,False,True,True,0.075,True,True,0.075,True,True,0.001
his-girl-friday-001-downscale,val,his-girl-friday,library,bw-comedy,downscale,10.0,576.675,False,True,True,0.075,True,True,0.075,True,True,0.001
his-girl-friday-001-crop,val,his-girl-friday,library,bw-comedy,crop,10.0,576.675,False,True,True,0.075,True,True,0.075,False,True,0.001
his-girl-friday-001-letterbox,val,his-girl-friday,library,bw-comedy,letterbox,10.0,576.675,False,True,True,0.075,True,True,0.075,False,True,0.001
his-girl-friday-001-mirror,val,his-girl-friday,library,bw-comedy,mirror,10.0,576.675,False,True,True,0.075,True,True,0.075,True,True,0.001
his-girl-friday-001-color,val,his-girl-friday,library,bw-comedy,color,10.0,576.675,False,True,True,0.075,True,True,0.075,True,True,0.001
his-girl-friday-001-overlay,val,his-girl-friday,library,bw-comedy,overlay,10.0,576.675,False,False,True,0.075,False,True,0.075,False,True,0.001
his-girl-friday-001-speed,val,his-girl-friday,library,bw-comedy,speed,10.0,576.675,False,True,True,1.075,True,True,1.075,True,True,1.336
his-girl-friday-001-screen_recording,val,his-girl-friday,library,bw-comedy,screen_recording,10.0,576.675,False,True,True,0.075,True,True,0.075,True,True,0.001
his-girl-friday-002-original,val,his-girl-friday,library,bw-comedy,original,3.0,625.705,False,True,True,0.045,True,True,0.045,True,True,0.013
his-girl-friday-002-compression,val,his-girl-friday,library,bw-comedy,compression,3.0,625.705,False,True,True,0.045,True,True,0.045,True,True,0.18
his-girl-friday-002-downscale,val,his-girl-friday,library,bw-comedy,downscale,3.0,625.705,False,True,True,0.045,True,True,0.045,True,True,0.013
his-girl-friday-002-crop,val,his-girl-friday,library,bw-comedy,crop,3.0,625.705,False,True,True,97.045,True,True,97.045,True,True,96.984
his-girl-friday-002-letterbox,val,his-girl-friday,library,bw-comedy,letterbox,3.0,625.705,False,False,True,40.545,False,True,40.545,False,True,41.128
his-girl-friday-002-mirror,val,his-girl-friday,library,bw-comedy,mirror,3.0,625.705,False,True,True,0.045,True,True,0.045,True,True,0.154
his-girl-friday-002-color,val,his-girl-friday,library,bw-comedy,color,3.0,625.705,False,True,True,0.045,True,True,0.045,True,True,0.013
his-girl-friday-002-overlay,val,his-girl-friday,library,bw-comedy,overlay,3.0,625.705,False,False,True,0.045,False,True,0.045,True,True,0.013
his-girl-friday-002-speed,val,his-girl-friday,library,bw-comedy,speed,3.0,625.705,False,True,True,0.545,True,True,0.545,True,True,0.32
his-girl-friday-002-screen_recording,val,his-girl-friday,library,bw-comedy,screen_recording,3.0,625.705,False,True,True,0.545,True,True,0.545,True,True,0.18
his-girl-friday-003-original,test,his-girl-friday,library,bw-comedy,original,5.0,672.663,False,True,True,0.087,True,True,0.087,True,True,0.009
his-girl-friday-003-compression,test,his-girl-friday,library,bw-comedy,compression,5.0,672.663,False,True,True,0.087,True,True,0.087,True,True,0.009
his-girl-friday-003-downscale,test,his-girl-friday,library,bw-comedy,downscale,5.0,672.663,False,True,True,0.087,True,True,0.087,True,True,0.009
his-girl-friday-003-crop,test,his-girl-friday,library,bw-comedy,crop,5.0,672.663,False,True,True,0.087,True,True,0.087,False,True,0.176
his-girl-friday-003-letterbox,test,his-girl-friday,library,bw-comedy,letterbox,5.0,672.663,False,True,True,0.087,True,True,0.087,False,True,3.828
his-girl-friday-003-mirror,test,his-girl-friday,library,bw-comedy,mirror,5.0,672.663,False,True,True,0.087,True,True,0.087,True,True,0.009
his-girl-friday-003-color,test,his-girl-friday,library,bw-comedy,color,5.0,672.663,False,True,True,0.087,True,True,0.087,True,True,0.009
his-girl-friday-003-overlay,test,his-girl-friday,library,bw-comedy,overlay,5.0,672.663,False,False,True,0.087,False,True,0.087,True,True,0.009
his-girl-friday-003-speed,test,his-girl-friday,library,bw-comedy,speed,5.0,672.663,False,True,True,1.087,True,True,1.087,True,True,0.51
his-girl-friday-003-screen_recording,test,his-girl-friday,library,bw-comedy,screen_recording,5.0,672.663,False,True,True,2.913,True,True,2.913,False,True,3.328
his-girl-friday-004-original,test,his-girl-friday,library,bw-comedy,original,5.0,793.864,False,True,True,0.114,True,True,0.114,True,True,0.004
his-girl-friday-004-compression,test,his-girl-friday,library,bw-comedy,compression,5.0,793.864,False,True,True,0.114,True,True,0.114,True,True,0.171
his-girl-friday-004-downscale,test,his-girl-friday,library,bw-comedy,downscale,5.0,793.864,False,True,True,0.114,True,True,0.114,True,True,0.004
his-girl-friday-004-crop,test,his-girl-friday,library,bw-comedy,crop,5.0,793.864,False,False,True,0.614,False,True,0.614,False,True,1.005
his-girl-friday-004-letterbox,test,his-girl-friday,library,bw-comedy,letterbox,5.0,793.864,False,True,True,0.114,True,True,0.114,True,True,0.171
his-girl-friday-004-mirror,test,his-girl-friday,library,bw-comedy,mirror,5.0,793.864,False,True,True,0.114,True,True,0.114,True,True,0.004
his-girl-friday-004-color,test,his-girl-friday,library,bw-comedy,color,5.0,793.864,False,True,True,0.114,True,True,0.114,True,True,0.004
his-girl-friday-004-overlay,test,his-girl-friday,library,bw-comedy,overlay,5.0,793.864,False,False,True,0.114,False,True,0.114,True,True,0.004
his-girl-friday-004-speed,test,his-girl-friday,library,bw-comedy,speed,5.0,793.864,False,True,True,0.886,True,True,0.886,True,True,0.496
his-girl-friday-004-screen_recording,test,his-girl-friday,library,bw-comedy,screen_recording,5.0,793.864,False,True,True,0.114,True,True,0.114,True,True,0.171
his-girl-friday-005-original,val,his-girl-friday,library,bw-comedy,original,10.0,853.723,False,True,True,0.027,True,True,0.027,True,True,0.037
his-girl-friday-005-compression,val,his-girl-friday,library,bw-comedy,compression,10.0,853.723,False,True,True,0.027,True,True,0.027,True,True,0.037
his-girl-friday-005-downscale,val,his-girl-friday,library,bw-comedy,downscale,10.0,853.723,False,True,True,0.027,True,True,0.027,True,True,0.037
his-girl-friday-005-crop,val,his-girl-friday,library,bw-comedy,crop,10.0,853.723,False,True,True,0.027,True,True,0.027,True,True,0.037
his-girl-friday-005-letterbox,val,his-girl-friday,library,bw-comedy,letterbox,10.0,853.723,False,True,True,0.027,True,True,0.027,True,True,0.037
his-girl-friday-005-mirror,val,his-girl-friday,library,bw-comedy,mirror,10.0,853.723,False,True,True,0.027,True,True,0.027,True,True,0.037
his-girl-friday-005-color,val,his-girl-friday,library,bw-comedy,color,10.0,853.723,False,True,True,0.027,True,True,0.027,True,True,0.037
his-girl-friday-005-overlay,val,his-girl-friday,library,bw-comedy,overlay,10.0,853.723,False,False,True,0.027,False,True,0.027,True,True,0.037
his-girl-friday-005-speed,val,his-girl-friday,library,bw-comedy,speed,10.0,853.723,False,True,True,1.527,True,True,1.527,True,True,1.298
his-girl-friday-005-screen_recording,val,his-girl-friday,library,bw-comedy,screen_recording,10.0,853.723,False,True,True,0.027,True,True,0.027,True,True,0.037
his-girl-friday-006-original,val,his-girl-friday,library,bw-comedy,original,10.0,939.822,False,True,True,0.428,True,True,0.428,True,True,0.017
his-girl-friday-006-compression,val,his-girl-friday,library,bw-comedy,compression,10.0,939.822,False,True,True,0.072,True,True,0.072,True,True,0.15
his-girl-friday-006-downscale,val,his-girl-friday,library,bw-comedy,downscale,10.0,939.822,False,True,True,0.428,True,True,0.428,True,True,0.15
his-girl-friday-006-crop,val,his-girl-friday,library,bw-comedy,crop,10.0,939.822,False,True,True,155.428,True,True,155.428,False,True,155.873
his-girl-friday-006-letterbox,val,his-girl-friday,library,bw-comedy,letterbox,10.0,939.822,False,True,True,0.072,True,True,0.072,True,True,0.184
his-girl-friday-006-mirror,val,his-girl-friday,library,bw-comedy,mirror,10.0,939.822,False,True,True,0.072,True,True,0.072,True,True,0.017
his-girl-friday-006-color,val,his-girl-friday,library,bw-comedy,color,10.0,939.822,False,True,True,0.428,True,True,0.428,True,True,0.017
his-girl-friday-006-overlay,val,his-girl-friday,library,bw-comedy,overlay,10.0,939.822,False,False,True,0.072,False,True,0.072,False,True,0.15
his-girl-friday-006-speed,val,his-girl-friday,library,bw-comedy,speed,10.0,939.822,False,True,True,0.928,True,True,0.928,True,True,0.851
his-girl-friday-006-screen_recording,val,his-girl-friday,library,bw-comedy,screen_recording,10.0,939.822,False,True,True,0.072,True,True,0.072,False,True,0.15
his-girl-friday-007-original,val,his-girl-friday,library,bw-comedy,original,3.0,1044.438,False,True,True,0.312,True,True,0.312,True,True,0.095
his-girl-friday-007-compression,val,his-girl-friday,library,bw-comedy,compression,3.0,1044.438,False,True,True,0.312,True,True,0.312,True,True,0.095
his-girl-friday-007-downscale,val,his-girl-friday,library,bw-comedy,downscale,3.0,1044.438,False,True,True,0.312,True,True,0.312,True,True,0.095
his-girl-friday-007-crop,val,his-girl-friday,library,bw-comedy,crop,3.0,1044.438,False,True,True,183.812,True,True,183.812,False,True,183.756
his-girl-friday-007-letterbox,val,his-girl-friday,library,bw-comedy,letterbox,3.0,1044.438,False,True,True,0.312,True,True,0.312,True,True,0.072
his-girl-friday-007-mirror,val,his-girl-friday,library,bw-comedy,mirror,3.0,1044.438,False,True,True,0.312,True,True,0.312,True,True,0.095
his-girl-friday-007-color,val,his-girl-friday,library,bw-comedy,color,3.0,1044.438,False,True,True,0.188,True,True,0.188,True,True,0.072
his-girl-friday-007-overlay,val,his-girl-friday,library,bw-comedy,overlay,3.0,1044.438,False,False,True,0.312,False,True,0.312,True,True,0.095
his-girl-friday-007-speed,val,his-girl-friday,library,bw-comedy,speed,3.0,1044.438,False,True,True,0.812,True,True,0.812,True,True,0.239
his-girl-friday-007-screen_recording,val,his-girl-friday,library,bw-comedy,screen_recording,3.0,1044.438,False,True,True,0.312,True,True,0.312,True,True,0.406
his-girl-friday-008-original,val,his-girl-friday,library,bw-comedy,original,5.0,1107.604,False,True,True,0.146,True,True,0.146,True,True,0.069
his-girl-friday-008-compression,val,his-girl-friday,library,bw-comedy,compression,5.0,1107.604,False,True,True,0.146,True,True,0.146,True,True,0.098
his-girl-friday-008-downscale,val,his-girl-friday,library,bw-comedy,downscale,5.0,1107.604,False,True,True,0.146,True,True,0.146,True,True,0.098
his-girl-friday-008-crop,val,his-girl-friday,library,bw-comedy,crop,5.0,1107.604,False,True,True,0.146,True,True,0.146,True,True,0.098
his-girl-friday-008-letterbox,val,his-girl-friday,library,bw-comedy,letterbox,5.0,1107.604,False,True,True,0.146,True,True,0.146,True,True,0.069
his-girl-friday-008-mirror,val,his-girl-friday,library,bw-comedy,mirror,5.0,1107.604,False,True,True,0.146,True,True,0.146,True,True,0.069
his-girl-friday-008-color,val,his-girl-friday,library,bw-comedy,color,5.0,1107.604,False,True,True,0.146,True,True,0.146,True,True,0.098
his-girl-friday-008-overlay,val,his-girl-friday,library,bw-comedy,overlay,5.0,1107.604,False,False,True,0.146,False,True,0.146,True,True,0.098
his-girl-friday-008-speed,val,his-girl-friday,library,bw-comedy,speed,5.0,1107.604,False,True,True,0.646,True,True,0.646,True,True,0.57
his-girl-friday-008-screen_recording,val,his-girl-friday,library,bw-comedy,screen_recording,5.0,1107.604,False,True,True,0.146,True,True,0.146,False,True,0.069
his-girl-friday-009-original,val,his-girl-friday,library,bw-comedy,original,5.0,1196.533,False,True,True,0.283,True,True,0.283,True,True,0.004
his-girl-friday-009-compression,val,his-girl-friday,library,bw-comedy,compression,5.0,1196.533,False,True,True,0.217,True,True,0.217,True,True,0.004
his-girl-friday-009-downscale,val,his-girl-friday,library,bw-comedy,downscale,5.0,1196.533,False,True,True,0.217,True,True,0.217,True,True,0.004
his-girl-friday-009-crop,val,his-girl-friday,library,bw-comedy,crop,5.0,1196.533,False,True,True,100.283,False,True,100.283,False,True,105.009
his-girl-friday-009-letterbox,val,his-girl-friday,library,bw-comedy,letterbox,5.0,1196.533,False,True,True,0.283,True,True,0.283,True,True,0.171
his-girl-friday-009-mirror,val,his-girl-friday,library,bw-comedy,mirror,5.0,1196.533,False,True,True,0.217,True,True,0.217,True,True,0.004
his-girl-friday-009-color,val,his-girl-friday,library,bw-comedy,color,5.0,1196.533,False,True,True,0.283,True,True,0.283,True,True,0.004
his-girl-friday-009-overlay,val,his-girl-friday,library,bw-comedy,overlay,5.0,1196.533,False,False,True,0.283,False,True,0.283,True,True,0.171
his-girl-friday-009-speed,val,his-girl-friday,library,bw-comedy,speed,5.0,1196.533,False,True,True,0.717,True,True,0.717,True,True,0.496
his-girl-friday-009-screen_recording,val,his-girl-friday,library,bw-comedy,screen_recording,5.0,1196.533,False,True,True,0.217,True,True,0.217,True,True,0.004
his-girl-friday-010-original,val,his-girl-friday,library,bw-comedy,original,5.0,1260.424,False,True,True,0.174,True,True,0.174,True,True,0.065
his-girl-friday-010-compression,val,his-girl-friday,library,bw-comedy,compression,5.0,1260.424,False,True,True,0.326,True,True,0.326,True,True,0.102
his-girl-friday-010-downscale,val,his-girl-friday,library,bw-comedy,downscale,5.0,1260.424,False,True,True,0.174,True,True,0.174,True,True,0.065
his-girl-friday-010-crop,val,his-girl-friday,library,bw-comedy,crop,5.0,1260.424,False,True,True,266.674,False,True,266.674,False,True,268.733
his-girl-friday-010-letterbox,val,his-girl-friday,library,bw-comedy,letterbox,5.0,1260.424,False,True,True,0.326,True,True,0.326,False,True,52.584
his-girl-friday-010-mirror,val,his-girl-friday,library,bw-comedy,mirror,5.0,1260.424,False,True,True,0.174,True,True,0.174,True,True,0.065
his-girl-friday-010-color,val,his-girl-friday,library,bw-comedy,color,5.0,1260.424,False,True,True,0.174,True,True,0.174,True,True,0.065
his-girl-friday-010-overlay,val,his-girl-friday,library,bw-comedy,overlay,5.0,1260.424,False,False,True,0.174,False,True,0.174,False,True,177.075
his-girl-friday-010-speed,val,his-girl-friday,library,bw-comedy,speed,5.0,1260.424,False,True,True,0.326,True,True,0.326,True,True,0.436
his-girl-friday-010-screen_recording,val,his-girl-friday,library,bw-comedy,screen_recording,5.0,1260.424,False,True,True,0.174,True,True,0.174,False,True,0.269
his-girl-friday-011-original,val,his-girl-friday,library,bw-comedy,original,10.0,1323.114,False,True,True,0.136,True,True,0.136,True,True,0.074
his-girl-friday-011-compression,val,his-girl-friday,library,bw-comedy,compression,10.0,1323.114,False,True,True,0.136,True,True,0.136,True,True,0.074
his-girl-friday-011-downscale,val,his-girl-friday,library,bw-comedy,downscale,10.0,1323.114,False,True,True,0.136,True,True,0.136,True,True,0.074
his-girl-friday-011-crop,val,his-girl-friday,library,bw-comedy,crop,10.0,1323.114,False,True,True,0.636,True,True,0.636,False,True,1.409
his-girl-friday-011-letterbox,val,his-girl-friday,library,bw-comedy,letterbox,10.0,1323.114,False,True,True,0.136,True,True,0.136,False,True,0.092
his-girl-friday-011-mirror,val,his-girl-friday,library,bw-comedy,mirror,10.0,1323.114,False,True,True,0.136,True,True,0.136,True,True,0.075
his-girl-friday-011-color,val,his-girl-friday,library,bw-comedy,color,10.0,1323.114,False,True,True,0.136,True,True,0.136,True,True,0.074
his-girl-friday-011-overlay,val,his-girl-friday,library,bw-comedy,overlay,10.0,1323.114,False,False,True,0.136,False,True,0.136,True,True,0.075
his-girl-friday-011-speed,val,his-girl-friday,library,bw-comedy,speed,10.0,1323.114,False,True,True,1.136,True,True,1.136,True,True,1.242
his-girl-friday-011-screen_recording,val,his-girl-friday,library,bw-comedy,screen_recording,10.0,1323.114,False,True,True,0.136,True,True,0.136,True,True,0.074
his-girl-friday-012-original,test,his-girl-friday,library,bw-comedy,original,5.0,1411.841,False,True,True,0.091,True,True,0.091,True,True,0.003
his-girl-friday-012-compression,test,his-girl-friday,library,bw-comedy,compression,5.0,1411.841,False,True,True,0.091,True,True,0.091,True,True,0.164
his-girl-friday-012-downscale,test,his-girl-friday,library,bw-comedy,downscale,5.0,1411.841,False,True,True,0.091,True,True,0.091,True,True,0.003
his-girl-friday-012-crop,test,his-girl-friday,library,bw-comedy,crop,5.0,1411.841,False,True,True,0.091,True,True,0.091,True,True,0.164
his-girl-friday-012-letterbox,test,his-girl-friday,library,bw-comedy,letterbox,5.0,1411.841,False,True,True,0.091,True,True,0.091,True,True,0.331
his-girl-friday-012-mirror,test,his-girl-friday,library,bw-comedy,mirror,5.0,1411.841,False,True,True,0.091,True,True,0.091,True,True,0.003
his-girl-friday-012-color,test,his-girl-friday,library,bw-comedy,color,5.0,1411.841,False,True,True,0.091,True,True,0.091,True,True,0.003
his-girl-friday-012-overlay,test,his-girl-friday,library,bw-comedy,overlay,5.0,1411.841,False,False,True,0.091,False,True,0.091,False,True,0.003
his-girl-friday-012-speed,test,his-girl-friday,library,bw-comedy,speed,5.0,1411.841,False,True,True,0.409,True,True,0.409,True,True,0.336
his-girl-friday-012-screen_recording,test,his-girl-friday,library,bw-comedy,screen_recording,5.0,1411.841,False,True,True,0.091,True,True,0.091,True,True,0.003
his-girl-friday-013-original,val,his-girl-friday,library,bw-comedy,original,5.0,1485.169,False,True,True,0.081,True,True,0.081,True,True,0.152
his-girl-friday-013-compression,val,his-girl-friday,library,bw-comedy,compression,5.0,1485.169,False,True,True,0.081,True,True,0.081,True,True,0.015
his-girl-friday-013-downscale,val,his-girl-friday,library,bw-comedy,downscale,5.0,1485.169,False,True,True,0.081,True,True,0.081,True,True,0.015
his-girl-friday-013-crop,val,his-girl-friday,library,bw-comedy,crop,5.0,1485.169,False,True,True,0.081,True,True,0.081,False,True,0.319
his-girl-friday-013-letterbox,val,his-girl-friday,library,bw-comedy,letterbox,5.0,1485.169,False,True,True,0.081,True,True,0.081,False,True,0.015
his-girl-friday-013-mirror,val,his-girl-friday,library,bw-comedy,mirror,5.0,1485.169,False,True,True,0.081,True,True,0.081,True,True,0.015
his-girl-friday-013-color,val,his-girl-friday,library,bw-comedy,color,5.0,1485.169,False,True,True,0.081,True,True,0.081,True,True,0.015
his-girl-friday-013-overlay,val,his-girl-friday,library,bw-comedy,overlay,5.0,1485.169,False,False,True,0.081,False,True,0.081,True,True,0.015
his-girl-friday-013-speed,val,his-girl-friday,library,bw-comedy,speed,5.0,1485.169,False,True,True,0.581,True,True,0.581,True,True,0.515
his-girl-friday-013-screen_recording,val,his-girl-friday,library,bw-comedy,screen_recording,5.0,1485.169,False,True,True,0.081,True,True,0.081,False,True,0.015
his-girl-friday-014-original,test,his-girl-friday,library,bw-comedy,original,10.0,1541.048,False,True,True,0.202,True,True,0.202,True,True,0.042
his-girl-friday-014-compression,test,his-girl-friday,library,bw-comedy,compression,10.0,1541.048,False,True,True,0.202,True,True,0.202,True,True,0.042
his-girl-friday-014-downscale,test,his-girl-friday,library,bw-comedy,downscale,10.0,1541.048,False,True,True,0.298,True,True,0.298,True,True,0.042
his-girl-friday-014-crop,test,his-girl-friday,library,bw-comedy,crop,10.0,1541.048,False,False,True,1462.298,False,True,1462.298,False,False,1236.794
his-girl-friday-014-letterbox,test,his-girl-friday,library,bw-comedy,letterbox,10.0,1541.048,False,True,True,0.202,True,True,0.202,True,True,0.209
his-girl-friday-014-mirror,test,his-girl-friday,library,bw-comedy,mirror,10.0,1541.048,False,True,True,0.202,True,True,0.202,True,True,0.042
his-girl-friday-014-color,test,his-girl-friday,library,bw-comedy,color,10.0,1541.048,False,True,True,0.202,True,True,0.202,True,True,0.042
his-girl-friday-014-overlay,test,his-girl-friday,library,bw-comedy,overlay,10.0,1541.048,False,False,True,0.202,False,True,0.202,True,True,0.042
his-girl-friday-014-speed,test,his-girl-friday,library,bw-comedy,speed,10.0,1541.048,False,True,True,0.702,True,True,0.702,True,True,1.293
his-girl-friday-014-screen_recording,test,his-girl-friday,library,bw-comedy,screen_recording,10.0,1541.048,False,True,True,0.298,True,True,0.298,True,True,0.209
his-girl-friday-015-original,val,his-girl-friday,library,bw-comedy,original,5.0,1663.347,False,True,True,0.097,True,True,0.097,True,True,0.015
his-girl-friday-015-compression,val,his-girl-friday,library,bw-comedy,compression,5.0,1663.347,False,True,True,0.097,True,True,0.097,True,True,0.015
his-girl-friday-015-downscale,val,his-girl-friday,library,bw-comedy,downscale,5.0,1663.347,False,True,True,0.097,True,True,0.097,True,True,0.015
his-girl-friday-015-crop,val,his-girl-friday,library,bw-comedy,crop,5.0,1663.347,False,True,True,0.097,True,True,0.097,False,True,0.015
his-girl-friday-015-letterbox,val,his-girl-friday,library,bw-comedy,letterbox,5.0,1663.347,False,True,True,0.097,True,True,0.097,False,True,0.015
his-girl-friday-015-mirror,val,his-girl-friday,library,bw-comedy,mirror,5.0,1663.347,False,True,True,0.097,True,True,0.097,True,True,0.015
his-girl-friday-015-color,val,his-girl-friday,library,bw-comedy,color,5.0,1663.347,False,True,True,0.097,True,True,0.097,True,True,0.015
his-girl-friday-015-overlay,val,his-girl-friday,library,bw-comedy,overlay,5.0,1663.347,False,False,True,0.097,False,True,0.097,True,True,0.015
his-girl-friday-015-speed,val,his-girl-friday,library,bw-comedy,speed,5.0,1663.347,False,True,True,0.903,True,True,0.903,True,True,0.515
his-girl-friday-015-screen_recording,val,his-girl-friday,library,bw-comedy,screen_recording,5.0,1663.347,False,True,True,0.097,True,True,0.097,True,True,0.015
his-girl-friday-016-original,test,his-girl-friday,library,bw-comedy,original,3.0,1700.774,False,True,True,0.024,True,True,0.024,True,True,0.058
his-girl-friday-016-compression,test,his-girl-friday,library,bw-comedy,compression,3.0,1700.774,False,True,True,0.024,True,True,0.024,True,True,0.108
his-girl-friday-016-downscale,test,his-girl-friday,library,bw-comedy,downscale,3.0,1700.774,False,True,True,0.024,True,True,0.024,True,True,0.108
his-girl-friday-016-crop,test,his-girl-friday,library,bw-comedy,crop,3.0,1700.774,False,True,True,2.976,True,True,2.976,False,True,2.728
his-girl-friday-016-letterbox,test,his-girl-friday,library,bw-comedy,letterbox,3.0,1700.774,False,True,True,0.024,True,True,0.024,False,True,0.092
his-girl-friday-016-mirror,test,his-girl-friday,library,bw-comedy,mirror,3.0,1700.774,False,True,True,0.024,True,True,0.024,True,True,0.108
his-girl-friday-016-color,test,his-girl-friday,library,bw-comedy,color,3.0,1700.774,False,True,True,0.024,True,True,0.024,True,True,0.075
his-girl-friday-016-overlay,test,his-girl-friday,library,bw-comedy,overlay,3.0,1700.774,False,False,True,0.024,False,True,0.024,True,True,0.075
his-girl-friday-016-speed,test,his-girl-friday,library,bw-comedy,speed,3.0,1700.774,False,True,True,0.476,True,True,0.476,True,True,0.392
his-girl-friday-016-screen_recording,test,his-girl-friday,library,bw-comedy,screen_recording,3.0,1700.774,False,True,True,0.024,True,True,0.024,False,True,0.059
his-girl-friday-017-original,test,his-girl-friday,library,bw-comedy,original,5.0,1805.492,False,True,True,0.258,True,True,0.258,True,True,0.012
his-girl-friday-017-compression,test,his-girl-friday,library,bw-comedy,compression,5.0,1805.492,False,True,True,0.242,True,True,0.242,True,True,0.155
his-girl-friday-017-downscale,test,his-girl-friday,library,bw-comedy,downscale,5.0,1805.492,False,True,True,0.258,True,True,0.258,True,True,0.012
his-girl-friday-017-crop,test,his-girl-friday,library,bw-comedy,crop,5.0,1805.492,False,True,True,5.742,True,True,5.742,False,True,5.961
his-girl-friday-017-letterbox,test,his-girl-friday,library,bw-comedy,letterbox,5.0,1805.492,False,True,True,0.258,True,True,0.258,True,True,0.179
his-girl-friday-017-mirror,test,his-girl-friday,library,bw-comedy,mirror,5.0,1805.492,False,True,True,0.258,True,True,0.258,True,True,0.012
his-girl-friday-017-color,test,his-girl-friday,library,bw-comedy,color,5.0,1805.492,False,True,True,0.258,True,True,0.258,True,True,0.012
his-girl-friday-017-overlay,test,his-girl-friday,library,bw-comedy,overlay,5.0,1805.492,False,False,True,0.258,False,True,0.258,True,True,0.155
his-girl-friday-017-speed,test,his-girl-friday,library,bw-comedy,speed,5.0,1805.492,False,True,True,0.758,True,True,0.758,True,True,0.512
his-girl-friday-017-screen_recording,test,his-girl-friday,library,bw-comedy,screen_recording,5.0,1805.492,False,True,True,0.758,True,True,0.758,True,True,0.155
his-girl-friday-018-original,val,his-girl-friday,library,bw-comedy,original,3.0,1879.639,False,True,True,0.111,True,True,0.111,True,True,0.128
his-girl-friday-018-compression,val,his-girl-friday,library,bw-comedy,compression,3.0,1879.639,False,True,True,0.111,True,True,0.111,True,True,0.206
his-girl-friday-018-downscale,val,his-girl-friday,library,bw-comedy,downscale,3.0,1879.639,False,True,True,0.111,True,True,0.111,True,True,0.039
his-girl-friday-018-crop,val,his-girl-friday,library,bw-comedy,crop,3.0,1879.639,False,True,True,11.889,True,True,11.889,True,True,10.972
his-girl-friday-018-letterbox,val,his-girl-friday,library,bw-comedy,letterbox,3.0,1879.639,False,True,True,0.111,True,True,0.111,True,True,0.539
his-girl-friday-018-mirror,val,his-girl-friday,library,bw-comedy,mirror,3.0,1879.639,False,False,True,0.111,False,True,0.111,True,True,0.039
his-girl-friday-018-color,val,his-girl-friday,library,bw-comedy,color,3.0,1879.639,False,False,True,0.111,False,True,0.111,True,True,0.039
his-girl-friday-018-overlay,val,his-girl-friday,library,bw-comedy,overlay,3.0,1879.639,False,False,True,0.111,False,True,0.111,True,True,0.128
his-girl-friday-018-speed,val,his-girl-friday,library,bw-comedy,speed,3.0,1879.639,False,True,True,0.611,True,True,0.611,True,True,0.206
his-girl-friday-018-screen_recording,val,his-girl-friday,library,bw-comedy,screen_recording,3.0,1879.639,False,True,True,0.111,True,True,0.111,True,True,0.206
his-girl-friday-019-original,test,his-girl-friday,library,bw-comedy,original,5.0,1942.777,False,True,True,0.027,True,True,0.027,True,True,0.064
his-girl-friday-019-compression,test,his-girl-friday,library,bw-comedy,compression,5.0,1942.777,False,True,True,0.027,True,True,0.027,True,True,0.064
his-girl-friday-019-downscale,test,his-girl-friday,library,bw-comedy,downscale,5.0,1942.777,False,True,True,0.027,True,True,0.027,True,True,0.064
his-girl-friday-019-crop,test,his-girl-friday,library,bw-comedy,crop,5.0,1942.777,False,True,True,7.473,True,True,7.473,False,True,713.243
his-girl-friday-019-letterbox,test,his-girl-friday,library,bw-comedy,letterbox,5.0,1942.777,False,True,True,0.027,True,True,0.027,True,True,0.103
his-girl-friday-019-mirror,test,his-girl-friday,library,bw-comedy,mirror,5.0,1942.777,False,True,True,0.473,True,True,0.473,True,True,0.231
his-girl-friday-019-color,test,his-girl-friday,library,bw-comedy,color,5.0,1942.777,False,True,True,0.473,True,True,0.473,True,True,0.064
his-girl-friday-019-overlay,test,his-girl-friday,library,bw-comedy,overlay,5.0,1942.777,False,False,True,0.027,False,True,0.027,True,True,0.064
his-girl-friday-019-speed,test,his-girl-friday,library,bw-comedy,speed,5.0,1942.777,False,True,True,0.473,True,True,0.473,True,True,0.564
his-girl-friday-019-screen_recording,test,his-girl-friday,library,bw-comedy,screen_recording,5.0,1942.777,False,True,True,0.027,True,True,0.027,True,True,0.064
his-girl-friday-020-original,test,his-girl-friday,library,bw-comedy,original,5.0,2004.487,False,True,True,0.263,True,True,0.263,True,True,0.015
his-girl-friday-020-compression,test,his-girl-friday,library,bw-comedy,compression,5.0,2004.487,False,True,True,19.763,True,True,19.763,True,True,21.37
his-girl-friday-020-downscale,test,his-girl-friday,library,bw-comedy,downscale,5.0,2004.487,False,True,True,0.263,True,True,0.263,True,True,0.015
his-girl-friday-020-crop,test,his-girl-friday,library,bw-comedy,crop,5.0,2004.487,False,True,True,59.263,True,True,59.263,True,True,59.041
his-girl-friday-020-letterbox,test,his-girl-friday,library,bw-comedy,letterbox,5.0,2004.487,False,True,True,20.263,True,True,20.263,True,True,19.702
his-girl-friday-020-mirror,test,his-girl-friday,library,bw-comedy,mirror,5.0,2004.487,False,True,True,0.263,True,True,0.263,True,True,0.151
his-girl-friday-020-color,test,his-girl-friday,library,bw-comedy,color,5.0,2004.487,False,True,True,0.263,True,True,0.263,True,True,0.015
his-girl-friday-020-overlay,test,his-girl-friday,library,bw-comedy,overlay,5.0,2004.487,False,False,True,0.263,False,True,0.263,True,True,0.015
his-girl-friday-020-speed,test,his-girl-friday,library,bw-comedy,speed,5.0,2004.487,False,True,True,1.263,True,True,1.263,True,True,0.683
his-girl-friday-020-screen_recording,test,his-girl-friday,library,bw-comedy,screen_recording,5.0,2004.487,False,True,True,19.763,True,True,19.763,True,True,19.702
his-girl-friday-021-original,test,his-girl-friday,library,bw-comedy,original,10.0,2085.866,False,True,True,0.116,True,True,0.116,True,True,0.016
his-girl-friday-021-compression,test,his-girl-friday,library,bw-comedy,compression,10.0,2085.866,False,True,True,0.116,True,True,0.116,True,True,0.016
his-girl-friday-021-downscale,test,his-girl-friday,library,bw-comedy,downscale,10.0,2085.866,False,True,True,0.116,True,True,0.116,True,True,0.016
his-girl-friday-021-crop,test,his-girl-friday,library,bw-comedy,crop,10.0,2085.866,False,True,True,0.116,True,True,0.116,False,True,0.151
his-girl-friday-021-letterbox,test,his-girl-friday,library,bw-comedy,letterbox,10.0,2085.866,False,True,True,0.116,True,True,0.116,True,True,0.015
his-girl-friday-021-mirror,test,his-girl-friday,library,bw-comedy,mirror,10.0,2085.866,False,True,True,0.116,True,True,0.116,True,True,0.016
his-girl-friday-021-color,test,his-girl-friday,library,bw-comedy,color,10.0,2085.866,False,False,True,0.116,False,True,0.116,True,True,0.016
his-girl-friday-021-overlay,test,his-girl-friday,library,bw-comedy,overlay,10.0,2085.866,False,False,True,0.116,False,True,0.116,False,True,0.182
his-girl-friday-021-speed,test,his-girl-friday,library,bw-comedy,speed,10.0,2085.866,False,True,True,1.384,True,True,1.384,True,True,0.985
his-girl-friday-021-screen_recording,test,his-girl-friday,library,bw-comedy,screen_recording,10.0,2085.866,False,False,True,0.116,False,True,0.116,True,True,0.182
his-girl-friday-022-original,val,his-girl-friday,library,bw-comedy,original,3.0,2195.643,False,True,True,0.107,True,True,0.107,True,True,0.116
his-girl-friday-022-compression,val,his-girl-friday,library,bw-comedy,compression,3.0,2195.643,False,True,True,0.107,True,True,0.107,True,True,0.116
his-girl-friday-022-downscale,val,his-girl-friday,library,bw-comedy,downscale,3.0,2195.643,False,True,True,0.107,True,True,0.107,True,True,0.116
his-girl-friday-022-crop,val,his-girl-friday,library,bw-comedy,crop,3.0,2195.643,False,True,True,48.107,True,True,48.107,False,True,48.199
his-girl-friday-022-letterbox,val,his-girl-friday,library,bw-comedy,letterbox,3.0,2195.643,False,True,True,0.107,True,True,0.107,False,True,0.217
his-girl-friday-022-mirror,val,his-girl-friday,library,bw-comedy,mirror,3.0,2195.643,False,True,True,0.107,True,True,0.107,True,True,0.116
his-girl-friday-022-color,val,his-girl-friday,library,bw-comedy,color,3.0,2195.643,False,True,True,0.107,True,True,0.107,True,True,0.116
his-girl-friday-022-overlay,val,his-girl-friday,library,bw-comedy,overlay,3.0,2195.643,False,False,True,0.107,False,True,0.107,True,True,0.116
his-girl-friday-022-speed,val,his-girl-friday,library,bw-comedy,speed,3.0,2195.643,False,True,True,0.107,True,True,0.107,True,True,0.217
his-girl-friday-022-screen_recording,val,his-girl-friday,library,bw-comedy,screen_recording,3.0,2195.643,False,True,True,0.107,True,True,0.107,False,True,0.116
his-girl-friday-023-original,test,his-girl-friday,library,bw-comedy,original,10.0,2275.129,False,True,True,0.121,True,True,0.121,True,True,0.044
his-girl-friday-023-compression,test,his-girl-friday,library,bw-comedy,compression,10.0,2275.129,False,True,True,0.121,True,True,0.121,True,True,0.044
his-girl-friday-023-downscale,test,his-girl-friday,library,bw-comedy,downscale,10.0,2275.129,False,False,True,0.121,False,True,0.121,True,True,0.044
his-girl-friday-023-crop,test,his-girl-friday,library,bw-comedy,crop,10.0,2275.129,False,True,True,0.121,True,True,0.121,True,True,0.123
his-girl-friday-023-letterbox,test,his-girl-friday,library,bw-comedy,letterbox,10.0,2275.129,False,True,True,0.121,True,True,0.121,True,True,0.044
his-girl-friday-023-mirror,test,his-girl-friday,library,bw-comedy,mirror,10.0,2275.129,False,True,True,0.121,True,True,0.121,True,True,0.044
his-girl-friday-023-color,test,his-girl-friday,library,bw-comedy,color,10.0,2275.129,False,True,True,0.121,True,True,0.121,True,True,0.044
his-girl-friday-023-overlay,test,his-girl-friday,library,bw-comedy,overlay,10.0,2275.129,False,False,True,0.121,False,True,0.121,True,True,0.044
his-girl-friday-023-speed,test,his-girl-friday,library,bw-comedy,speed,10.0,2275.129,False,True,True,1.121,True,True,1.121,True,True,1.712
his-girl-friday-023-screen_recording,test,his-girl-friday,library,bw-comedy,screen_recording,10.0,2275.129,False,True,True,0.121,True,True,0.121,True,True,0.211
his-girl-friday-024-original,val,his-girl-friday,library,bw-comedy,original,10.0,2349.871,False,True,True,0.121,True,True,0.121,True,True,0.023
his-girl-friday-024-compression,val,his-girl-friday,library,bw-comedy,compression,10.0,2349.871,False,True,True,0.121,True,True,0.121,True,True,0.023
his-girl-friday-024-downscale,val,his-girl-friday,library,bw-comedy,downscale,10.0,2349.871,False,True,True,0.121,True,True,0.121,True,True,0.023
his-girl-friday-024-crop,val,his-girl-friday,library,bw-comedy,crop,10.0,2349.871,False,True,True,2291.121,True,True,2291.121,False,True,17.127
his-girl-friday-024-letterbox,val,his-girl-friday,library,bw-comedy,letterbox,10.0,2349.871,False,True,True,0.121,True,True,0.121,True,True,0.023
his-girl-friday-024-mirror,val,his-girl-friday,library,bw-comedy,mirror,10.0,2349.871,False,True,True,0.121,True,True,0.121,True,True,0.023
his-girl-friday-024-color,val,his-girl-friday,library,bw-comedy,color,10.0,2349.871,False,True,True,0.121,True,True,0.121,True,True,0.023
his-girl-friday-024-overlay,val,his-girl-friday,library,bw-comedy,overlay,10.0,2349.871,False,False,True,0.121,False,True,0.121,True,True,0.023
his-girl-friday-024-speed,val,his-girl-friday,library,bw-comedy,speed,10.0,2349.871,False,True,True,1.879,True,True,1.879,True,True,1.311
his-girl-friday-024-screen_recording,val,his-girl-friday,library,bw-comedy,screen_recording,10.0,2349.871,False,True,True,0.121,True,True,0.121,True,True,0.024
his-girl-friday-025-original,val,his-girl-friday,library,bw-comedy,original,5.0,2395.054,False,True,True,0.196,True,True,0.196,True,True,0.028
his-girl-friday-025-compression,val,his-girl-friday,library,bw-comedy,compression,5.0,2395.054,False,True,True,0.196,True,True,0.196,True,True,0.139
his-girl-friday-025-downscale,val,his-girl-friday,library,bw-comedy,downscale,5.0,2395.054,False,True,True,0.196,True,True,0.196,True,True,0.028
his-girl-friday-025-crop,val,his-girl-friday,library,bw-comedy,crop,5.0,2395.054,False,True,True,0.696,True,True,0.696,False,True,0.473
his-girl-friday-025-letterbox,val,his-girl-friday,library,bw-comedy,letterbox,5.0,2395.054,False,True,True,0.304,True,True,0.304,False,True,0.028
his-girl-friday-025-mirror,val,his-girl-friday,library,bw-comedy,mirror,5.0,2395.054,False,True,True,0.196,True,True,0.196,True,True,0.028
his-girl-friday-025-color,val,his-girl-friday,library,bw-comedy,color,5.0,2395.054,False,False,True,0.196,False,True,0.196,True,True,0.028
his-girl-friday-025-overlay,val,his-girl-friday,library,bw-comedy,overlay,5.0,2395.054,False,False,True,0.196,False,True,0.196,True,True,0.028
his-girl-friday-025-speed,val,his-girl-friday,library,bw-comedy,speed,5.0,2395.054,False,True,True,1.196,True,True,1.196,True,True,0.639
his-girl-friday-025-screen_recording,val,his-girl-friday,library,bw-comedy,screen_recording,5.0,2395.054,False,True,True,0.196,True,True,0.196,False,True,7.369
his-girl-friday-026-original,val,his-girl-friday,library,bw-comedy,original,5.0,2489.464,False,True,True,0.286,True,True,0.286,True,True,0.056
his-girl-friday-026-compression,val,his-girl-friday,library,bw-comedy,compression,5.0,2489.464,False,True,True,0.286,True,True,0.286,True,True,0.11
his-girl-friday-026-downscale,val,his-girl-friday,library,bw-comedy,downscale,5.0,2489.464,False,True,True,0.214,True,True,0.214,True,True,0.11
his-girl-friday-026-crop,val,his-girl-friday,library,bw-comedy,crop,5.0,2489.464,False,False,True,0.286,False,True,0.286,False,True,0.056
his-girl-friday-026-letterbox,val,his-girl-friday,library,bw-comedy,letterbox,5.0,2489.464,False,True,True,0.214,True,True,0.214,False,True,0.11
his-girl-friday-026-mirror,val,his-girl-friday,library,bw-comedy,mirror,5.0,2489.464,False,True,True,0.286,True,True,0.286,True,True,0.11
his-girl-friday-026-color,val,his-girl-friday,library,bw-comedy,color,5.0,2489.464,False,True,True,0.214,False,True,0.214,True,True,0.056
his-girl-friday-026-overlay,val,his-girl-friday,library,bw-comedy,overlay,5.0,2489.464,False,False,True,0.286,False,True,0.286,True,True,0.11
his-girl-friday-026-speed,val,his-girl-friday,library,bw-comedy,speed,5.0,2489.464,False,True,True,0.286,True,True,0.286,True,True,0.557
his-girl-friday-026-screen_recording,val,his-girl-friday,library,bw-comedy,screen_recording,5.0,2489.464,False,True,True,0.214,True,True,0.214,True,True,0.056
his-girl-friday-027-original,test,his-girl-friday,library,bw-comedy,original,5.0,2579.282,False,True,True,0.032,True,True,0.032,True,True,0.105
his-girl-friday-027-compression,test,his-girl-friday,library,bw-comedy,compression,5.0,2579.282,False,True,True,0.532,True,True,0.532,True,True,0.272
his-girl-friday-027-downscale,test,his-girl-friday,library,bw-comedy,downscale,5.0,2579.282,False,True,True,0.032,True,True,0.032,True,True,0.105
his-girl-friday-027-crop,test,his-girl-friday,library,bw-comedy,crop,5.0,2579.282,False,True,True,224.532,True,True,224.532,False,True,410.949
his-girl-friday-027-letterbox,test,his-girl-friday,library,bw-comedy,letterbox,5.0,2579.282,False,True,True,0.532,True,True,0.532,False,True,29.057
his-girl-friday-027-mirror,test,his-girl-friday,library,bw-comedy,mirror,5.0,2579.282,False,True,True,0.032,True,True,0.032,True,True,0.105
his-girl-friday-027-color,test,his-girl-friday,library,bw-comedy,color,5.0,2579.282,False,True,True,0.032,True,True,0.032,True,True,0.105
his-girl-friday-027-overlay,test,his-girl-friday,library,bw-comedy,overlay,5.0,2579.282,False,False,True,0.032,False,True,0.032,True,True,0.105
his-girl-friday-027-speed,test,his-girl-friday,library,bw-comedy,speed,5.0,2579.282,False,True,True,0.468,True,True,0.468,True,True,0.395
his-girl-friday-027-screen_recording,test,his-girl-friday,library,bw-comedy,screen_recording,5.0,2579.282,False,True,True,0.532,True,True,0.532,False,True,0.105
his-girl-friday-028-original,val,his-girl-friday,library,bw-comedy,original,5.0,2649.595,False,True,True,0.155,True,True,0.155,True,True,0.081
his-girl-friday-028-compression,val,his-girl-friday,library,bw-comedy,compression,5.0,2649.595,False,True,True,0.155,True,True,0.155,True,True,0.081
his-girl-friday-028-downscale,val,his-girl-friday,library,bw-comedy,downscale,5.0,2649.595,False,True,True,0.155,True,True,0.155,True,True,0.081
his-girl-friday-028-crop,val,his-girl-friday,library,bw-comedy,crop,5.0,2649.595,False,True,True,0.655,True,True,0.655,False,True,0.419
his-girl-friday-028-letterbox,val,his-girl-friday,library,bw-comedy,letterbox,5.0,2649.595,False,False,True,0.155,False,True,0.155,False,True,0.085
his-girl-friday-028-mirror,val,his-girl-friday,library,bw-comedy,mirror,5.0,2649.595,False,True,True,0.155,True,True,0.155,True,True,0.081
his-girl-friday-028-color,val,his-girl-friday,library,bw-comedy,color,5.0,2649.595,False,True,True,0.155,True,True,0.155,True,True,0.081
his-girl-friday-028-overlay,val,his-girl-friday,library,bw-comedy,overlay,5.0,2649.595,False,False,True,0.155,False,True,0.155,True,True,0.081
his-girl-friday-028-speed,val,his-girl-friday,library,bw-comedy,speed,5.0,2649.595,False,True,True,0.655,True,True,0.655,True,True,0.586
his-girl-friday-028-screen_recording,val,his-girl-friday,library,bw-comedy,screen_recording,5.0,2649.595,False,False,True,0.155,False,True,0.155,True,True,0.081
his-girl-friday-029-original,test,his-girl-friday,library,bw-comedy,original,10.0,2679.043,False,True,True,0.207,True,True,0.207,True,True,0.033
his-girl-friday-029-compression,test,his-girl-friday,library,bw-comedy,compression,10.0,2679.043,False,True,True,0.207,True,True,0.207,True,True,0.033
his-girl-friday-029-downscale,test,his-girl-friday,library,bw-comedy,downscale,10.0,2679.043,False,True,True,0.207,True,True,0.207,True,True,0.033
his-girl-friday-029-crop,test,his-girl-friday,library,bw-comedy,crop,10.0,2679.043,False,True,True,0.207,True,True,0.207,True,True,0.033
his-girl-friday-029-letterbox,test,his-girl-friday,library,bw-comedy,letterbox,10.0,2679.043,False,True,True,0.207,True,True,0.207,True,True,0.033
his-girl-friday-029-mirror,test,his-girl-friday,library,bw-comedy,mirror,10.0,2679.043,False,True,True,0.207,True,True,0.207,True,True,0.033
his-girl-friday-029-color,test,his-girl-friday,library,bw-comedy,color,10.0,2679.043,False,True,True,0.207,True,True,0.207,True,True,0.033
his-girl-friday-029-overlay,test,his-girl-friday,library,bw-comedy,overlay,10.0,2679.043,False,False,True,0.207,False,True,0.207,True,True,0.033
his-girl-friday-029-speed,test,his-girl-friday,library,bw-comedy,speed,10.0,2679.043,False,True,True,1.207,True,True,1.207,True,True,1.134
his-girl-friday-029-screen_recording,test,his-girl-friday,library,bw-comedy,screen_recording,10.0,2679.043,False,True,True,0.207,True,True,0.207,True,True,0.133
his-girl-friday-030-original,val,his-girl-friday,library,bw-comedy,original,5.0,2809.969,False,False,True,0.281,False,True,0.281,True,True,0.129
his-girl-friday-030-compression,val,his-girl-friday,library,bw-comedy,compression,5.0,2809.969,False,False,True,4.719,False,True,4.719,False,True,0.038
his-girl-friday-030-downscale,val,his-girl-friday,library,bw-comedy,downscale,5.0,2809.969,False,False,True,4.719,False,True,4.719,False,True,0.129
his-girl-friday-030-crop,val,his-girl-friday,library,bw-comedy,crop,5.0,2809.969,False,False,True,7.219,False,True,7.219,False,True,4.8
his-girl-friday-030-letterbox,val,his-girl-friday,library,bw-comedy,letterbox,5.0,2809.969,False,False,True,4.719,False,True,4.719,False,True,0.129
his-girl-friday-030-mirror,val,his-girl-friday,library,bw-comedy,mirror,5.0,2809.969,False,False,True,0.281,False,True,0.281,True,True,0.129
his-girl-friday-030-color,val,his-girl-friday,library,bw-comedy,color,5.0,2809.969,False,False,True,4.719,False,True,4.719,True,True,0.129
his-girl-friday-030-overlay,val,his-girl-friday,library,bw-comedy,overlay,5.0,2809.969,False,False,True,5.719,False,True,5.719,False,True,5.968
his-girl-friday-030-speed,val,his-girl-friday,library,bw-comedy,speed,5.0,2809.969,False,False,True,0.781,False,True,0.781,False,True,0.539
his-girl-friday-030-screen_recording,val,his-girl-friday,library,bw-comedy,screen_recording,5.0,2809.969,False,False,True,0.219,False,True,0.219,False,True,0.129
his-girl-friday-031-original,val,his-girl-friday,library,bw-comedy,original,10.0,2858.508,False,True,True,0.242,True,True,0.242,True,True,0.014
his-girl-friday-031-compression,val,his-girl-friday,library,bw-comedy,compression,10.0,2858.508,False,True,True,0.242,True,True,0.242,True,True,0.153
his-girl-friday-031-downscale,val,his-girl-friday,library,bw-comedy,downscale,10.0,2858.508,False,True,True,0.242,True,True,0.242,True,True,0.152
his-girl-friday-031-crop,val,his-girl-friday,library,bw-comedy,crop,10.0,2858.508,False,True,True,0.242,True,True,0.242,True,True,0.153
his-girl-friday-031-letterbox,val,his-girl-friday,library,bw-comedy,letterbox,10.0,2858.508,False,True,True,0.242,True,True,0.242,False,True,0.014
his-girl-friday-031-mirror,val,his-girl-friday,library,bw-comedy,mirror,10.0,2858.508,False,True,True,0.242,True,True,0.242,True,True,0.014
his-girl-friday-031-color,val,his-girl-friday,library,bw-comedy,color,10.0,2858.508,False,True,True,0.242,True,True,0.242,True,True,0.014
his-girl-friday-031-overlay,val,his-girl-friday,library,bw-comedy,overlay,10.0,2858.508,False,False,True,0.242,False,True,0.242,True,True,0.014
his-girl-friday-031-speed,val,his-girl-friday,library,bw-comedy,speed,10.0,2858.508,False,True,True,1.242,True,True,1.242,True,True,1.349
his-girl-friday-031-screen_recording,val,his-girl-friday,library,bw-comedy,screen_recording,10.0,2858.508,False,True,True,0.242,True,True,0.242,True,True,0.014
his-girl-friday-032-original,test,his-girl-friday,library,bw-comedy,original,10.0,2951.209,False,True,True,0.041,True,True,0.041,True,True,0.027
his-girl-friday-032-compression,test,his-girl-friday,library,bw-comedy,compression,10.0,2951.209,False,True,True,0.041,True,True,0.041,True,True,0.139
his-girl-friday-032-downscale,test,his-girl-friday,library,bw-comedy,downscale,10.0,2951.209,False,True,True,0.041,True,True,0.041,True,True,0.027
his-girl-friday-032-crop,test,his-girl-friday,library,bw-comedy,crop,10.0,2951.209,False,True,True,0.041,True,True,0.041,True,True,0.194
his-girl-friday-032-letterbox,test,his-girl-friday,library,bw-comedy,letterbox,10.0,2951.209,False,True,True,0.041,True,True,0.041,True,True,0.139
his-girl-friday-032-mirror,test,his-girl-friday,library,bw-comedy,mirror,10.0,2951.209,False,True,True,0.041,True,True,0.041,True,True,0.028
his-girl-friday-032-color,test,his-girl-friday,library,bw-comedy,color,10.0,2951.209,False,True,True,0.041,True,True,0.041,True,True,0.028
his-girl-friday-032-overlay,test,his-girl-friday,library,bw-comedy,overlay,10.0,2951.209,False,False,True,0.041,False,True,0.041,True,True,0.027
his-girl-friday-032-speed,test,his-girl-friday,library,bw-comedy,speed,10.0,2951.209,False,True,True,2.041,True,True,2.041,True,True,1.474
his-girl-friday-032-screen_recording,test,his-girl-friday,library,bw-comedy,screen_recording,10.0,2951.209,False,True,True,0.041,True,True,0.041,True,True,0.027
his-girl-friday-033-original,test,his-girl-friday,library,bw-comedy,original,10.0,3035.774,False,True,True,0.024,True,True,0.024,True,True,0.059
his-girl-friday-033-compression,test,his-girl-friday,library,bw-comedy,compression,10.0,3035.774,False,True,True,0.524,True,True,0.524,True,True,0.108
his-girl-friday-033-downscale,test,his-girl-friday,library,bw-comedy,downscale,10.0,3035.774,False,True,True,0.024,True,True,0.024,True,True,0.108
his-girl-friday-033-crop,test,his-girl-friday,library,bw-comedy,crop,10.0,3035.774,False,True,True,0.024,True,True,0.024,True,True,0.059
his-girl-friday-033-letterbox,test,his-girl-friday,library,bw-comedy,letterbox,10.0,3035.774,False,True,True,0.024,True,True,0.024,False,True,6.081
his-girl-friday-033-mirror,test,his-girl-friday,library,bw-comedy,mirror,10.0,3035.774,False,True,True,0.524,True,True,0.524,True,True,0.059
his-girl-friday-033-color,test,his-girl-friday,library,bw-comedy,color,10.0,3035.774,False,True,True,0.024,True,True,0.024,True,True,0.108
his-girl-friday-033-overlay,test,his-girl-friday,library,bw-comedy,overlay,10.0,3035.774,False,False,True,0.024,False,True,0.024,True,True,0.059
his-girl-friday-033-speed,test,his-girl-friday,library,bw-comedy,speed,10.0,3035.774,False,True,True,1.476,True,True,1.476,True,True,1.56
his-girl-friday-033-screen_recording,test,his-girl-friday,library,bw-comedy,screen_recording,10.0,3035.774,False,True,True,0.024,True,True,0.024,False,True,0.275
his-girl-friday-034-original,test,his-girl-friday,library,bw-comedy,original,3.0,3086.401,False,True,True,0.151,True,True,0.151,True,True,0.051
his-girl-friday-034-compression,test,his-girl-friday,library,bw-comedy,compression,3.0,3086.401,False,True,True,0.849,True,True,0.849,True,True,0.051
his-girl-friday-034-downscale,test,his-girl-friday,library,bw-comedy,downscale,3.0,3086.401,False,True,True,0.151,True,True,0.151,True,True,0.051
his-girl-friday-034-crop,test,his-girl-friday,library,bw-comedy,crop,3.0,3086.401,False,True,True,0.849,True,True,0.849,True,True,0.449
his-girl-friday-034-letterbox,test,his-girl-friday,library,bw-comedy,letterbox,3.0,3086.401,False,True,True,4.349,True,True,4.349,True,True,4.12
his-girl-friday-034-mirror,test,his-girl-friday,library,bw-comedy,mirror,3.0,3086.401,False,True,True,0.349,True,True,0.349,True,True,0.116
his-girl-friday-034-color,test,his-girl-friday,library,bw-comedy,color,3.0,3086.401,False,True,True,0.151,True,True,0.151,True,True,0.116
his-girl-friday-034-overlay,test,his-girl-friday,library,bw-comedy,overlay,3.0,3086.401,False,False,True,3.849,False,True,3.849,True,True,0.116
his-girl-friday-034-speed,test,his-girl-friday,library,bw-comedy,speed,3.0,3086.401,False,True,True,0.849,True,True,0.849,True,True,0.283
his-girl-friday-034-screen_recording,test,his-girl-friday,library,bw-comedy,screen_recording,3.0,3086.401,False,True,True,1.349,True,True,1.349,True,True,0.616
his-girl-friday-035-original,val,his-girl-friday,library,bw-comedy,original,5.0,3204.426,False,False,True,0.176,False,True,0.176,True,True,0.091
his-girl-friday-035-compression,val,his-girl-friday,library,bw-comedy,compression,5.0,3204.426,False,True,True,0.324,True,True,0.324,True,True,0.075
his-girl-friday-035-downscale,val,his-girl-friday,library,bw-comedy,downscale,5.0,3204.426,False,True,True,0.176,True,True,0.176,True,True,0.091
his-girl-friday-035-crop,val,his-girl-friday,library,bw-comedy,crop,5.0,3204.426,False,True,True,0.324,True,True,0.324,False,True,1.259
his-girl-friday-035-letterbox,val,his-girl-friday,library,bw-comedy,letterbox,5.0,3204.426,False,True,True,0.324,True,True,0.324,True,True,0.092
his-girl-friday-035-mirror,val,his-girl-friday,library,bw-comedy,mirror,5.0,3204.426,False,True,True,0.324,True,True,0.324,True,True,0.075
his-girl-friday-035-color,val,his-girl-friday,library,bw-comedy,color,5.0,3204.426,False,True,True,0.324,True,True,0.324,True,True,0.091
his-girl-friday-035-overlay,val,his-girl-friday,library,bw-comedy,overlay,5.0,3204.426,False,False,True,0.324,False,True,0.324,True,True,0.091
his-girl-friday-035-speed,val,his-girl-friday,library,bw-comedy,speed,5.0,3204.426,False,True,True,0.324,True,True,0.324,True,True,0.576
his-girl-friday-035-screen_recording,val,his-girl-friday,library,bw-comedy,screen_recording,5.0,3204.426,False,True,True,0.324,True,True,0.324,True,True,0.258
his-girl-friday-036-original,test,his-girl-friday,library,bw-comedy,original,3.0,3276.609,False,True,True,0.141,True,True,0.141,True,True,0.102
his-girl-friday-036-compression,test,his-girl-friday,library,bw-comedy,compression,3.0,3276.609,False,True,True,0.141,True,True,0.141,True,True,0.102
his-girl-friday-036-downscale,test,his-girl-friday,library,bw-comedy,downscale,3.0,3276.609,False,True,True,0.141,True,True,0.141,True,True,0.102
his-girl-friday-036-crop,test,his-girl-friday,library,bw-comedy,crop,3.0,3276.609,False,True,True,0.141,True,True,0.141,True,True,0.102
his-girl-friday-036-letterbox,test,his-girl-friday,library,bw-comedy,letterbox,3.0,3276.609,False,True,True,3.359,True,True,3.359,False,True,2.939
his-girl-friday-036-mirror,test,his-girl-friday,library,bw-comedy,mirror,3.0,3276.609,False,True,True,0.141,True,True,0.141,True,True,0.102
his-girl-friday-036-color,test,his-girl-friday,library,bw-comedy,color,3.0,3276.609,False,True,True,0.141,True,True,0.141,True,True,0.102
his-girl-friday-036-overlay,test,his-girl-friday,library,bw-comedy,overlay,3.0,3276.609,False,False,True,0.141,False,True,0.141,True,True,0.102
his-girl-friday-036-speed,test,his-girl-friday,library,bw-comedy,speed,3.0,3276.609,False,False,True,0.641,False,True,0.641,True,True,0.231
his-girl-friday-036-screen_recording,test,his-girl-friday,library,bw-comedy,screen_recording,3.0,3276.609,False,True,True,0.359,True,True,0.359,True,True,0.064
his-girl-friday-037-original,test,his-girl-friday,library,bw-comedy,original,5.0,3311.28,False,False,True,0.03,False,True,0.03,True,True,0.061
his-girl-friday-037-compression,test,his-girl-friday,library,bw-comedy,compression,5.0,3311.28,False,False,True,0.03,False,True,0.03,True,True,0.272
his-girl-friday-037-downscale,test,his-girl-friday,library,bw-comedy,downscale,5.0,3311.28,False,False,True,0.03,False,True,0.03,True,True,0.061
his-girl-friday-037-crop,test,his-girl-friday,library,bw-comedy,crop,5.0,3311.28,False,True,True,0.03,True,True,0.03,True,True,0.061
his-girl-friday-037-letterbox,test,his-girl-friday,library,bw-comedy,letterbox,5.0,3311.28,False,False,True,0.03,False,True,0.03,True,True,0.061
his-girl-friday-037-mirror,test,his-girl-friday,library,bw-comedy,mirror,5.0,3311.28,False,False,True,0.47,False,True,0.47,True,True,0.061
his-girl-friday-037-color,test,his-girl-friday,library,bw-comedy,color,5.0,3311.28,False,False,True,0.03,False,True,0.03,True,True,0.061
his-girl-friday-037-overlay,test,his-girl-friday,library,bw-comedy,overlay,5.0,3311.28,False,False,True,0.03,False,True,0.03,False,True,0.061
his-girl-friday-037-speed,test,his-girl-friday,library,bw-comedy,speed,5.0,3311.28,False,False,True,0.47,False,True,0.47,True,True,0.729
his-girl-friday-037-screen_recording,test,his-girl-friday,library,bw-comedy,screen_recording,5.0,3311.28,False,False,True,0.03,False,True,0.03,True,True,0.105
his-girl-friday-038-original,test,his-girl-friday,library,bw-comedy,original,3.0,3401.86,False,True,True,0.11,True,True,0.11,True,True,0.162
his-girl-friday-038-compression,test,his-girl-friday,library,bw-comedy,compression,3.0,3401.86,False,True,True,0.11,True,True,0.11,True,True,0.028
his-girl-friday-038-downscale,test,his-girl-friday,library,bw-comedy,downscale,3.0,3401.86,False,True,True,0.11,True,True,0.11,True,True,0.028
his-girl-friday-038-crop,test,his-girl-friday,library,bw-comedy,crop,3.0,3401.86,False,True,True,17.89,True,True,17.89,False,True,17.322
his-girl-friday-038-letterbox,test,his-girl-friday,library,bw-comedy,letterbox,3.0,3401.86,False,True,True,0.11,True,True,0.11,True,True,1.83
his-girl-friday-038-mirror,test,his-girl-friday,library,bw-comedy,mirror,3.0,3401.86,False,True,True,0.11,True,True,0.11,True,True,0.195
his-girl-friday-038-color,test,his-girl-friday,library,bw-comedy,color,3.0,3401.86,False,True,True,0.11,True,True,0.11,True,True,0.162
his-girl-friday-038-overlay,test,his-girl-friday,library,bw-comedy,overlay,3.0,3401.86,False,False,True,0.89,False,True,0.89,True,True,0.639
his-girl-friday-038-speed,test,his-girl-friday,library,bw-comedy,speed,3.0,3401.86,False,True,True,0.39,True,True,0.39,True,True,0.306
his-girl-friday-038-screen_recording,test,his-girl-friday,library,bw-comedy,screen_recording,3.0,3401.86,False,True,True,0.11,True,True,0.11,False,True,0.028
his-girl-friday-039-original,val,his-girl-friday,library,bw-comedy,original,5.0,3514.077,False,True,True,0.173,True,True,0.173,True,True,0.1
his-girl-friday-039-compression,val,his-girl-friday,library,bw-comedy,compression,5.0,3514.077,False,True,True,0.173,True,True,0.173,True,True,0.1
his-girl-friday-039-downscale,val,his-girl-friday,library,bw-comedy,downscale,5.0,3514.077,False,True,True,0.173,True,True,0.173,True,True,0.067
his-girl-friday-039-crop,val,his-girl-friday,library,bw-comedy,crop,5.0,3514.077,False,True,True,0.173,True,True,0.173,False,True,0.067
his-girl-friday-039-letterbox,val,his-girl-friday,library,bw-comedy,letterbox,5.0,3514.077,False,True,True,0.173,True,True,0.173,True,True,0.233
his-girl-friday-039-mirror,val,his-girl-friday,library,bw-comedy,mirror,5.0,3514.077,False,True,True,0.173,True,True,0.173,True,True,0.1
his-girl-friday-039-color,val,his-girl-friday,library,bw-comedy,color,5.0,3514.077,False,True,True,0.173,True,True,0.173,True,True,0.1
his-girl-friday-039-overlay,val,his-girl-friday,library,bw-comedy,overlay,5.0,3514.077,False,False,True,0.173,False,True,0.173,True,True,0.067
his-girl-friday-039-speed,val,his-girl-friday,library,bw-comedy,speed,5.0,3514.077,False,True,True,0.673,True,True,0.673,True,True,0.601
his-girl-friday-039-screen_recording,val,his-girl-friday,library,bw-comedy,screen_recording,5.0,3514.077,False,True,True,0.173,True,True,0.173,True,True,0.067
his-girl-friday-040-original,test,his-girl-friday,library,bw-comedy,original,5.0,3545.276,False,True,True,0.026,True,True,0.026,True,True,0.066
his-girl-friday-040-compression,test,his-girl-friday,library,bw-comedy,compression,5.0,3545.276,False,True,True,0.026,True,True,0.026,True,True,0.066
his-girl-friday-040-downscale,test,his-girl-friday,library,bw-comedy,downscale,5.0,3545.276,False,True,True,0.026,True,True,0.026,True,True,0.066
his-girl-friday-040-crop,test,his-girl-friday,library,bw-comedy,crop,5.0,3545.276,False,True,True,0.026,True,True,0.026,True,True,0.066
his-girl-friday-040-letterbox,test,his-girl-friday,library,bw-comedy,letterbox,5.0,3545.276,False,False,True,0.474,False,True,0.474,True,True,0.233
his-girl-friday-040-mirror,test,his-girl-friday,library,bw-comedy,mirror,5.0,3545.276,False,True,True,0.026,True,True,0.026,True,True,0.066
his-girl-friday-040-color,test,his-girl-friday,library,bw-comedy,color,5.0,3545.276,False,False,True,0.026,False,True,0.026,True,True,0.101
his-girl-friday-040-overlay,test,his-girl-friday,library,bw-comedy,overlay,5.0,3545.276,False,False,True,0.026,False,True,0.026,True,True,0.066
his-girl-friday-040-speed,test,his-girl-friday,library,bw-comedy,speed,5.0,3545.276,False,True,True,0.474,True,True,0.474,True,True,0.733
his-girl-friday-040-screen_recording,test,his-girl-friday,library,bw-comedy,screen_recording,5.0,3545.276,False,False,True,0.026,False,True,0.026,True,True,0.101
his-girl-friday-041-original,test,his-girl-friday,library,bw-comedy,original,5.0,3634.932,False,True,True,0.182,True,True,0.182,True,True,0.066
his-girl-friday-041-compression,test,his-girl-friday,library,bw-comedy,compression,5.0,3634.932,False,False,True,0.182,False,True,0.182,False,True,0.066
his-girl-friday-041-downscale,test,his-girl-friday,library,bw-comedy,downscale,5.0,3634.932,False,False,True,0.182,False,True,0.182,True,True,0.067
his-girl-friday-041-crop,test,his-girl-friday,library,bw-comedy,crop,5.0,3634.932,False,False,True,0.182,False,True,0.182,True,True,0.067
his-girl-friday-041-letterbox,test,his-girl-friday,library,bw-comedy,letterbox,5.0,3634.932,False,False,True,0.182,False,True,0.182,True,True,0.101
his-girl-friday-041-mirror,test,his-girl-friday,library,bw-comedy,mirror,5.0,3634.932,False,True,True,0.182,True,True,0.182,True,True,0.066
his-girl-friday-041-color,test,his-girl-friday,library,bw-comedy,color,5.0,3634.932,False,True,True,0.182,True,True,0.182,True,True,0.066
his-girl-friday-041-overlay,test,his-girl-friday,library,bw-comedy,overlay,5.0,3634.932,False,False,False,2173.682,False,False,2173.682,False,True,0.067
his-girl-friday-041-speed,test,his-girl-friday,library,bw-comedy,speed,5.0,3634.932,False,True,True,0.318,True,True,0.318,True,True,0.433
his-girl-friday-041-screen_recording,test,his-girl-friday,library,bw-comedy,screen_recording,5.0,3634.932,False,False,True,0.182,False,True,0.182,False,True,0.067
his-girl-friday-042-original,test,his-girl-friday,library,bw-comedy,original,3.0,3748.725,False,True,True,0.025,True,True,0.025,True,True,0.214
his-girl-friday-042-compression,test,his-girl-friday,library,bw-comedy,compression,3.0,3748.725,False,False,False,55.525,False,False,55.525,False,True,1718.136
his-girl-friday-042-downscale,test,his-girl-friday,library,bw-comedy,downscale,3.0,3748.725,False,True,True,0.475,True,True,0.475,True,True,0.547
his-girl-friday-042-crop,test,his-girl-friday,library,bw-comedy,crop,3.0,3748.725,False,True,True,0.025,True,True,0.025,True,True,0.214
his-girl-friday-042-letterbox,test,his-girl-friday,library,bw-comedy,letterbox,3.0,3748.725,False,False,True,0.025,False,True,0.025,True,True,0.287
his-girl-friday-042-mirror,test,his-girl-friday,library,bw-comedy,mirror,3.0,3748.725,False,True,True,0.025,True,True,0.025,True,True,0.047
his-girl-friday-042-color,test,his-girl-friday,library,bw-comedy,color,3.0,3748.725,False,False,False,94.525,False,False,94.525,False,False,94.614
his-girl-friday-042-overlay,test,his-girl-friday,library,bw-comedy,overlay,3.0,3748.725,False,False,True,0.025,False,True,0.025,False,True,0.12
his-girl-friday-042-speed,test,his-girl-friday,library,bw-comedy,speed,3.0,3748.725,False,True,True,0.025,True,True,0.025,True,True,0.12
his-girl-friday-042-screen_recording,test,his-girl-friday,library,bw-comedy,screen_recording,3.0,3748.725,False,False,False,68.525,False,False,68.525,False,True,0.214
his-girl-friday-043-original,val,his-girl-friday,library,bw-comedy,original,3.0,3767.157,False,True,True,0.093,True,True,0.093,True,True,0.04
his-girl-friday-043-compression,val,his-girl-friday,library,bw-comedy,compression,3.0,3767.157,False,True,True,0.093,True,True,0.093,True,True,0.127
his-girl-friday-043-downscale,val,his-girl-friday,library,bw-comedy,downscale,3.0,3767.157,False,True,True,0.093,True,True,0.093,True,True,0.04
his-girl-friday-043-crop,val,his-girl-friday,library,bw-comedy,crop,3.0,3767.157,False,False,True,453.407,False,True,453.407,False,True,453.313
his-girl-friday-043-letterbox,val,his-girl-friday,library,bw-comedy,letterbox,3.0,3767.157,False,True,True,2.907,True,True,2.907,False,True,0.627
his-girl-friday-043-mirror,val,his-girl-friday,library,bw-comedy,mirror,3.0,3767.157,False,True,True,0.093,True,True,0.093,True,True,0.127
his-girl-friday-043-color,val,his-girl-friday,library,bw-comedy,color,3.0,3767.157,False,True,True,0.093,True,True,0.093,True,True,0.04
his-girl-friday-043-overlay,val,his-girl-friday,library,bw-comedy,overlay,3.0,3767.157,False,False,True,0.093,False,True,0.093,False,True,0.04
his-girl-friday-043-speed,val,his-girl-friday,library,bw-comedy,speed,3.0,3767.157,False,True,True,0.093,True,True,0.093,True,True,0.373
his-girl-friday-043-screen_recording,val,his-girl-friday,library,bw-comedy,screen_recording,3.0,3767.157,False,True,True,0.093,True,True,0.093,False,True,0.127
his-girl-friday-044-original,val,his-girl-friday,library,bw-comedy,original,10.0,3857.179,False,True,True,0.071,True,True,0.071,True,True,0.008
his-girl-friday-044-compression,val,his-girl-friday,library,bw-comedy,compression,10.0,3857.179,False,True,True,0.071,True,True,0.071,True,True,0.326
his-girl-friday-044-downscale,val,his-girl-friday,library,bw-comedy,downscale,10.0,3857.179,False,True,True,0.071,True,True,0.071,True,True,0.008
his-girl-friday-044-crop,val,his-girl-friday,library,bw-comedy,crop,10.0,3857.179,False,True,True,0.071,True,True,0.071,False,True,0.008
his-girl-friday-044-letterbox,val,his-girl-friday,library,bw-comedy,letterbox,10.0,3857.179,False,True,True,9.071,True,True,9.071,False,True,1.342
his-girl-friday-044-mirror,val,his-girl-friday,library,bw-comedy,mirror,10.0,3857.179,False,True,True,0.071,True,True,0.071,True,True,0.008
his-girl-friday-044-color,val,his-girl-friday,library,bw-comedy,color,10.0,3857.179,False,True,True,0.071,True,True,0.071,True,True,0.008
his-girl-friday-044-overlay,val,his-girl-friday,library,bw-comedy,overlay,10.0,3857.179,False,False,True,0.071,False,True,0.071,True,True,0.008
his-girl-friday-044-speed,val,his-girl-friday,library,bw-comedy,speed,10.0,3857.179,False,True,True,1.071,True,True,1.071,True,True,1.176
his-girl-friday-044-screen_recording,val,his-girl-friday,library,bw-comedy,screen_recording,10.0,3857.179,False,True,True,3.071,True,True,3.071,False,True,4.512
his-girl-friday-045-original,val,his-girl-friday,library,bw-comedy,original,10.0,3963.574,False,True,True,0.176,True,True,0.176,True,True,0.048
his-girl-friday-045-compression,val,his-girl-friday,library,bw-comedy,compression,10.0,3963.574,False,False,True,0.176,False,True,0.176,False,True,0.081
his-girl-friday-045-downscale,val,his-girl-friday,library,bw-comedy,downscale,10.0,3963.574,False,True,True,0.176,True,True,0.176,True,True,0.048
his-girl-friday-045-crop,val,his-girl-friday,library,bw-comedy,crop,10.0,3963.574,False,False,True,0.176,False,True,0.176,True,True,0.048
his-girl-friday-045-letterbox,val,his-girl-friday,library,bw-comedy,letterbox,10.0,3963.574,False,False,True,0.176,False,True,0.176,True,True,0.081
his-girl-friday-045-mirror,val,his-girl-friday,library,bw-comedy,mirror,10.0,3963.574,False,True,True,0.176,True,True,0.176,True,True,0.048
his-girl-friday-045-color,val,his-girl-friday,library,bw-comedy,color,10.0,3963.574,False,False,True,0.176,False,True,0.176,False,True,0.081
his-girl-friday-045-overlay,val,his-girl-friday,library,bw-comedy,overlay,10.0,3963.574,False,False,True,0.176,False,True,0.176,False,True,0.048
his-girl-friday-045-speed,val,his-girl-friday,library,bw-comedy,speed,10.0,3963.574,False,True,True,1.176,True,True,1.176,True,True,1.254
his-girl-friday-045-screen_recording,val,his-girl-friday,library,bw-comedy,screen_recording,10.0,3963.574,False,False,True,0.176,False,True,0.176,True,True,0.081
his-girl-friday-046-original,val,his-girl-friday,library,bw-comedy,original,5.0,4046.105,False,True,True,0.145,True,True,0.145,True,True,0.07
his-girl-friday-046-compression,val,his-girl-friday,library,bw-comedy,compression,5.0,4046.105,False,True,True,0.145,True,True,0.145,True,True,0.096
his-girl-friday-046-downscale,val,his-girl-friday,library,bw-comedy,downscale,5.0,4046.105,False,True,True,0.145,True,True,0.145,True,True,0.07
his-girl-friday-046-crop,val,his-girl-friday,library,bw-comedy,crop,5.0,4046.105,False,True,True,0.145,True,True,0.145,False,True,0.071
his-girl-friday-046-letterbox,val,his-girl-friday,library,bw-comedy,letterbox,5.0,4046.105,False,True,True,0.145,True,True,0.145,False,True,0.07
his-girl-friday-046-mirror,val,his-girl-friday,library,bw-comedy,mirror,5.0,4046.105,False,True,True,0.145,True,True,0.145,True,True,0.071
his-girl-friday-046-color,val,his-girl-friday,library,bw-comedy,color,5.0,4046.105,False,True,True,0.145,True,True,0.145,True,True,0.071
his-girl-friday-046-overlay,val,his-girl-friday,library,bw-comedy,overlay,5.0,4046.105,False,False,True,0.145,False,True,0.145,False,True,0.07
his-girl-friday-046-speed,val,his-girl-friday,library,bw-comedy,speed,5.0,4046.105,False,True,True,0.645,True,True,0.645,True,True,0.571
his-girl-friday-046-screen_recording,val,his-girl-friday,library,bw-comedy,screen_recording,5.0,4046.105,False,False,True,0.145,False,True,0.145,True,True,0.071
his-girl-friday-047-original,test,his-girl-friday,library,bw-comedy,original,5.0,4065.715,False,True,True,0.035,True,True,0.035,True,True,0.02
his-girl-friday-047-compression,test,his-girl-friday,library,bw-comedy,compression,5.0,4065.715,False,True,True,0.035,True,True,0.035,True,True,0.02
his-girl-friday-047-downscale,test,his-girl-friday,library,bw-comedy,downscale,5.0,4065.715,False,True,True,0.035,True,True,0.035,True,True,0.02
his-girl-friday-047-crop,test,his-girl-friday,library,bw-comedy,crop,5.0,4065.715,False,True,True,3.535,True,True,3.535,False,True,3.45
his-girl-friday-047-letterbox,test,his-girl-friday,library,bw-comedy,letterbox,5.0,4065.715,False,True,True,0.035,True,True,0.035,True,True,0.02
his-girl-friday-047-mirror,test,his-girl-friday,library,bw-comedy,mirror,5.0,4065.715,False,True,True,0.035,True,True,0.035,True,True,0.02
his-girl-friday-047-color,test,his-girl-friday,library,bw-comedy,color,5.0,4065.715,False,True,True,0.035,True,True,0.035,True,True,0.147
his-girl-friday-047-overlay,test,his-girl-friday,library,bw-comedy,overlay,5.0,4065.715,False,False,True,0.035,False,True,0.035,True,True,0.02
his-girl-friday-047-speed,test,his-girl-friday,library,bw-comedy,speed,5.0,4065.715,False,True,True,0.535,True,True,0.535,True,True,0.647
his-girl-friday-047-screen_recording,test,his-girl-friday,library,bw-comedy,screen_recording,5.0,4065.715,False,True,True,0.535,True,True,0.535,True,True,0.02
his-girl-friday-048-original,test,his-girl-friday,library,bw-comedy,original,3.0,4207.582,False,True,True,0.168,True,True,0.168,True,True,0.079
his-girl-friday-048-compression,test,his-girl-friday,library,bw-comedy,compression,3.0,4207.582,False,True,True,0.168,True,True,0.168,True,True,0.079
his-girl-friday-048-downscale,test,his-girl-friday,library,bw-comedy,downscale,3.0,4207.582,False,True,True,0.168,True,True,0.168,True,True,0.079
his-girl-friday-048-crop,test,his-girl-friday,library,bw-comedy,crop,3.0,4207.582,False,True,True,4.832,True,True,4.832,False,True,5.084
his-girl-friday-048-letterbox,test,his-girl-friday,library,bw-comedy,letterbox,3.0,4207.582,False,True,True,0.168,True,True,0.168,True,True,0.088
his-girl-friday-048-mirror,test,his-girl-friday,library,bw-comedy,mirror,3.0,4207.582,False,True,True,0.168,True,True,0.168,True,True,0.079
his-girl-friday-048-color,test,his-girl-friday,library,bw-comedy,color,3.0,4207.582,False,True,True,0.168,True,True,0.168,True,True,0.079
his-girl-friday-048-overlay,test,his-girl-friday,library,bw-comedy,overlay,3.0,4207.582,False,False,True,0.168,False,True,0.168,True,True,3.749
his-girl-friday-048-speed,test,his-girl-friday,library,bw-comedy,speed,3.0,4207.582,False,True,True,0.668,True,True,0.668,True,True,0.255
his-girl-friday-048-screen_recording,test,his-girl-friday,library,bw-comedy,screen_recording,3.0,4207.582,False,True,True,0.168,True,True,0.168,True,True,0.088
his-girl-friday-049-original,val,his-girl-friday,library,bw-comedy,original,5.0,4262.534,False,True,True,0.216,True,True,0.216,True,True,0.009
his-girl-friday-049-compression,val,his-girl-friday,library,bw-comedy,compression,5.0,4262.534,False,True,True,0.284,True,True,0.284,False,True,0.176
his-girl-friday-049-downscale,val,his-girl-friday,library,bw-comedy,downscale,5.0,4262.534,False,True,True,0.216,True,True,0.216,True,True,0.009
his-girl-friday-049-crop,val,his-girl-friday,library,bw-comedy,crop,5.0,4262.534,False,True,True,36.716,True,True,36.716,False,True,37.495
his-girl-friday-049-letterbox,val,his-girl-friday,library,bw-comedy,letterbox,5.0,4262.534,False,True,True,0.784,True,True,0.784,False,True,0.676
his-girl-friday-049-mirror,val,his-girl-friday,library,bw-comedy,mirror,5.0,4262.534,False,True,True,0.216,True,True,0.216,True,True,0.009
his-girl-friday-049-color,val,his-girl-friday,library,bw-comedy,color,5.0,4262.534,False,True,True,0.216,True,True,0.216,True,True,0.009
his-girl-friday-049-overlay,val,his-girl-friday,library,bw-comedy,overlay,5.0,4262.534,False,False,True,0.284,False,True,0.284,True,True,0.009
his-girl-friday-049-speed,val,his-girl-friday,library,bw-comedy,speed,5.0,4262.534,False,True,True,0.216,True,True,0.216,True,True,0.491
his-girl-friday-049-screen_recording,val,his-girl-friday,library,bw-comedy,screen_recording,5.0,4262.534,False,True,True,0.784,True,True,0.784,False,True,0.676
his-girl-friday-050-original,val,his-girl-friday,library,bw-comedy,original,5.0,4316.005,False,True,True,0.245,True,True,0.245,True,True,0.007
his-girl-friday-050-compression,val,his-girl-friday,library,bw-comedy,compression,5.0,4316.005,False,True,True,0.245,True,True,0.245,True,True,0.173
his-girl-friday-050-downscale,val,his-girl-friday,library,bw-comedy,downscale,5.0,4316.005,False,True,True,0.255,True,True,0.255,True,True,0.007
his-girl-friday-050-crop,val,his-girl-friday,library,bw-comedy,crop,5.0,4316.005,False,True,True,0.255,True,True,0.255,False,True,0.007
his-girl-friday-050-letterbox,val,his-girl-friday,library,bw-comedy,letterbox,5.0,4316.005,False,True,True,0.245,True,True,0.245,False,True,0.173
his-girl-friday-050-mirror,val,his-girl-friday,library,bw-comedy,mirror,5.0,4316.005,False,True,True,0.245,True,True,0.245,True,True,0.007
his-girl-friday-050-color,val,his-girl-friday,library,bw-comedy,color,5.0,4316.005,False,True,True,0.245,True,True,0.245,True,True,0.007
his-girl-friday-050-overlay,val,his-girl-friday,library,bw-comedy,overlay,5.0,4316.005,False,False,True,0.245,False,True,0.245,True,True,0.007
his-girl-friday-050-speed,val,his-girl-friday,library,bw-comedy,speed,5.0,4316.005,False,True,True,0.745,True,True,0.745,True,True,0.34
his-girl-friday-050-screen_recording,val,his-girl-friday,library,bw-comedy,screen_recording,5.0,4316.005,False,True,True,0.245,True,True,0.245,True,True,0.007
his-girl-friday-051-original,test,his-girl-friday,library,bw-comedy,original,10.0,4374.174,False,True,True,0.076,True,True,0.076,True,True,0.004
his-girl-friday-051-compression,test,his-girl-friday,library,bw-comedy,compression,10.0,4374.174,False,True,True,0.076,True,True,0.076,True,True,0.162
his-girl-friday-051-downscale,test,his-girl-friday,library,bw-comedy,downscale,10.0,4374.174,False,True,True,0.076,True,True,0.076,True,True,0.004
his-girl-friday-051-crop,test,his-girl-friday,library,bw-comedy,crop,10.0,4374.174,False,True,True,0.076,False,True,0.076,False,True,0.663
his-girl-friday-051-letterbox,test,his-girl-friday,library,bw-comedy,letterbox,10.0,4374.174,False,True,True,0.076,True,True,0.076,True,True,0.162
his-girl-friday-051-mirror,test,his-girl-friday,library,bw-comedy,mirror,10.0,4374.174,False,True,True,0.076,True,True,0.076,True,True,0.004
his-girl-friday-051-color,test,his-girl-friday,library,bw-comedy,color,10.0,4374.174,False,True,True,0.076,True,True,0.076,True,True,0.004
his-girl-friday-051-overlay,test,his-girl-friday,library,bw-comedy,overlay,10.0,4374.174,False,False,True,0.076,False,True,0.076,True,True,0.004
his-girl-friday-051-speed,test,his-girl-friday,library,bw-comedy,speed,10.0,4374.174,False,True,True,0.576,True,True,0.576,True,True,0.83
his-girl-friday-051-screen_recording,test,his-girl-friday,library,bw-comedy,screen_recording,10.0,4374.174,False,True,True,0.076,True,True,0.076,True,True,0.163
his-girl-friday-052-original,test,his-girl-friday,library,bw-comedy,original,5.0,4495.202,False,True,True,0.048,True,True,0.048,True,True,0.011
his-girl-friday-052-compression,test,his-girl-friday,library,bw-comedy,compression,5.0,4495.202,False,True,True,0.048,True,True,0.048,True,True,0.011
his-girl-friday-052-downscale,test,his-girl-friday,library,bw-comedy,downscale,5.0,4495.202,False,True,True,0.048,True,True,0.048,True,True,0.155
his-girl-friday-052-crop,test,his-girl-friday,library,bw-comedy,crop,5.0,4495.202,False,True,True,0.048,True,True,0.048,True,True,0.011
his-girl-friday-052-letterbox,test,his-girl-friday,library,bw-comedy,letterbox,5.0,4495.202,False,True,True,0.048,True,True,0.048,True,True,0.011
his-girl-friday-052-mirror,test,his-girl-friday,library,bw-comedy,mirror,5.0,4495.202,False,True,True,0.048,True,True,0.048,True,True,0.011
his-girl-friday-052-color,test,his-girl-friday,library,bw-comedy,color,5.0,4495.202,False,True,True,0.048,True,True,0.048,True,True,0.011
his-girl-friday-052-overlay,test,his-girl-friday,library,bw-comedy,overlay,5.0,4495.202,False,False,True,0.048,False,True,0.048,True,True,0.011
his-girl-friday-052-speed,test,his-girl-friday,library,bw-comedy,speed,5.0,4495.202,False,True,True,1.048,True,True,1.048,True,True,0.656
his-girl-friday-052-screen_recording,test,his-girl-friday,library,bw-comedy,screen_recording,5.0,4495.202,False,True,True,0.048,True,True,0.048,True,True,0.011
his-girl-friday-053-original,test,his-girl-friday,library,bw-comedy,original,3.0,4592.388,False,True,True,0.138,True,True,0.138,True,True,0.033
his-girl-friday-053-compression,test,his-girl-friday,library,bw-comedy,compression,3.0,4592.388,False,True,True,0.362,True,True,0.362,True,True,0.133
his-girl-friday-053-downscale,test,his-girl-friday,library,bw-comedy,downscale,3.0,4592.388,False,True,True,0.138,True,True,0.138,True,True,0.033
his-girl-friday-053-crop,test,his-girl-friday,library,bw-comedy,crop,3.0,4592.388,False,True,True,0.638,True,True,0.638,False,True,0.868
his-girl-friday-053-letterbox,test,his-girl-friday,library,bw-comedy,letterbox,3.0,4592.388,False,True,True,6.362,True,True,6.362,True,True,5.472
his-girl-friday-053-mirror,test,his-girl-friday,library,bw-comedy,mirror,3.0,4592.388,False,True,True,0.138,True,True,0.138,True,True,0.2
his-girl-friday-053-color,test,his-girl-friday,library,bw-comedy,color,3.0,4592.388,False,True,True,0.138,True,True,0.138,True,True,0.033
his-girl-friday-053-overlay,test,his-girl-friday,library,bw-comedy,overlay,3.0,4592.388,False,False,True,0.138,False,True,0.138,True,True,0.467
his-girl-friday-053-speed,test,his-girl-friday,library,bw-comedy,speed,3.0,4592.388,False,False,True,0.362,False,True,0.362,True,True,0.3
his-girl-friday-053-screen_recording,test,his-girl-friday,library,bw-comedy,screen_recording,3.0,4592.388,False,True,True,0.362,True,True,0.362,True,True,0.133
his-girl-friday-054-original,test,his-girl-friday,library,bw-comedy,original,10.0,4616.713,False,True,True,0.037,True,True,0.037,True,True,0.034
his-girl-friday-054-compression,test,his-girl-friday,library,bw-comedy,compression,10.0,4616.713,False,True,True,0.037,True,True,0.037,True,True,0.034
his-girl-friday-054-downscale,test,his-girl-friday,library,bw-comedy,downscale,10.0,4616.713,False,True,True,0.037,True,True,0.037,True,True,0.034
his-girl-friday-054-crop,test,his-girl-friday,library,bw-comedy,crop,10.0,4616.713,False,True,True,0.037,True,True,0.037,False,True,0.368
his-girl-friday-054-letterbox,test,his-girl-friday,library,bw-comedy,letterbox,10.0,4616.713,False,True,True,0.037,True,True,0.037,False,True,0.034
his-girl-friday-054-mirror,test,his-girl-friday,library,bw-comedy,mirror,10.0,4616.713,False,True,True,0.037,True,True,0.037,True,True,0.034
his-girl-friday-054-color,test,his-girl-friday,library,bw-comedy,color,10.0,4616.713,False,True,True,0.037,True,True,0.037,True,True,0.034
his-girl-friday-054-overlay,test,his-girl-friday,library,bw-comedy,overlay,10.0,4616.713,False,False,True,0.037,False,True,0.037,False,True,0.034
his-girl-friday-054-speed,test,his-girl-friday,library,bw-comedy,speed,10.0,4616.713,False,True,True,1.537,True,True,1.537,True,True,1.134
his-girl-friday-054-screen_recording,test,his-girl-friday,library,bw-comedy,screen_recording,10.0,4616.713,False,True,True,0.037,True,True,0.037,False,True,0.201
his-girl-friday-055-original,val,his-girl-friday,library,bw-comedy,original,5.0,4725.896,False,True,True,0.146,True,True,0.146,True,True,0.041
his-girl-friday-055-compression,val,his-girl-friday,library,bw-comedy,compression,5.0,4725.896,False,False,True,0.146,False,True,0.146,False,True,0.041
his-girl-friday-055-downscale,val,his-girl-friday,library,bw-comedy,downscale,5.0,4725.896,False,True,True,0.146,True,True,0.146,True,True,0.041
his-girl-friday-055-crop,val,his-girl-friday,library,bw-comedy,crop,5.0,4725.896,False,False,True,0.146,False,True,0.146,False,True,0.041
his-girl-friday-055-letterbox,val,his-girl-friday,library,bw-comedy,letterbox,5.0,4725.896,False,False,True,0.146,False,True,0.146,False,True,0.041
his-girl-friday-055-mirror,val,his-girl-friday,library,bw-comedy,mirror,5.0,4725.896,False,True,True,0.146,True,True,0.146,True,True,0.041
his-girl-friday-055-color,val,his-girl-friday,library,bw-comedy,color,5.0,4725.896,False,False,True,0.146,False,True,0.146,False,True,0.041
his-girl-friday-055-overlay,val,his-girl-friday,library,bw-comedy,overlay,5.0,4725.896,False,False,True,0.146,False,True,0.146,False,True,0.041
his-girl-friday-055-speed,val,his-girl-friday,library,bw-comedy,speed,5.0,4725.896,False,True,True,0.854,True,True,0.854,True,True,0.459
his-girl-friday-055-screen_recording,val,his-girl-friday,library,bw-comedy,screen_recording,5.0,4725.896,False,False,True,0.146,False,True,0.146,False,True,0.041
his-girl-friday-056-original,test,his-girl-friday,library,bw-comedy,original,3.0,4756.007,False,True,True,0.243,True,True,0.243,True,True,0.011
his-girl-friday-056-compression,test,his-girl-friday,library,bw-comedy,compression,3.0,4756.007,False,True,True,0.243,True,True,0.243,True,True,0.178
his-girl-friday-056-downscale,test,his-girl-friday,library,bw-comedy,downscale,3.0,4756.007,False,True,True,0.243,True,True,0.243,True,True,0.011
his-girl-friday-056-crop,test,his-girl-friday,library,bw-comedy,crop,3.0,4756.007,False,True,True,0.243,True,True,0.243,False,True,0.011
his-girl-friday-056-letterbox,test,his-girl-friday,library,bw-comedy,letterbox,3.0,4756.007,False,True,True,9.757,True,True,9.757,False,True,9.666
his-girl-friday-056-mirror,test,his-girl-friday,library,bw-comedy,mirror,3.0,4756.007,False,True,True,0.243,True,True,0.243,True,True,0.011
his-girl-friday-056-color,test,his-girl-friday,library,bw-comedy,color,3.0,4756.007,False,True,True,0.243,True,True,0.243,True,True,0.011
his-girl-friday-056-overlay,test,his-girl-friday,library,bw-comedy,overlay,3.0,4756.007,False,False,True,0.243,False,True,0.243,False,True,0.345
his-girl-friday-056-speed,test,his-girl-friday,library,bw-comedy,speed,3.0,4756.007,False,True,True,0.243,True,True,0.243,True,True,0.345
his-girl-friday-056-screen_recording,test,his-girl-friday,library,bw-comedy,screen_recording,3.0,4756.007,False,True,True,0.243,True,True,0.243,True,True,0.011
his-girl-friday-057-original,val,his-girl-friday,library,bw-comedy,original,5.0,4855.238,False,True,True,0.012,True,True,0.012,True,True,0.054
his-girl-friday-057-compression,val,his-girl-friday,library,bw-comedy,compression,5.0,4855.238,False,True,True,0.512,True,True,0.512,True,True,0.113
his-girl-friday-057-downscale,val,his-girl-friday,library,bw-comedy,downscale,5.0,4855.238,False,True,True,0.012,True,True,0.012,True,True,0.054
his-girl-friday-057-crop,val,his-girl-friday,library,bw-comedy,crop,5.0,4855.238,False,False,True,4711.488,False,True,4711.488,False,True,4774.724
his-girl-friday-057-letterbox,val,his-girl-friday,library,bw-comedy,letterbox,5.0,4855.238,False,True,True,0.012,True,True,0.012,False,True,0.054
his-girl-friday-057-mirror,val,his-girl-friday,library,bw-comedy,mirror,5.0,4855.238,False,True,True,0.012,True,True,0.012,True,True,0.054
his-girl-friday-057-color,val,his-girl-friday,library,bw-comedy,color,5.0,4855.238,False,True,True,0.012,True,True,0.012,True,True,0.054
his-girl-friday-057-overlay,val,his-girl-friday,library,bw-comedy,overlay,5.0,4855.238,False,False,True,0.012,False,True,0.012,True,True,0.113
his-girl-friday-057-speed,val,his-girl-friday,library,bw-comedy,speed,5.0,4855.238,False,True,True,0.512,True,True,0.512,True,True,0.446
his-girl-friday-057-screen_recording,val,his-girl-friday,library,bw-comedy,screen_recording,5.0,4855.238,False,True,True,0.012,True,True,0.012,True,True,0.055
his-girl-friday-058-original,test,his-girl-friday,library,bw-comedy,original,3.0,4912.982,False,True,True,0.268,True,True,0.268,True,True,0.026
his-girl-friday-058-compression,test,his-girl-friday,library,bw-comedy,compression,3.0,4912.982,False,True,True,0.268,True,True,0.268,True,True,0.026
his-girl-friday-058-downscale,test,his-girl-friday,library,bw-comedy,downscale,3.0,4912.982,False,True,True,0.268,True,True,0.268,True,True,0.026
his-girl-friday-058-crop,test,his-girl-friday,library,bw-comedy,crop,3.0,4912.982,False,True,True,0.268,True,True,0.268,True,True,0.026
his-girl-friday-058-letterbox,test,his-girl-friday,library,bw-comedy,letterbox,3.0,4912.982,False,True,True,3.232,True,True,3.232,True,True,0.141
his-girl-friday-058-mirror,test,his-girl-friday,library,bw-comedy,mirror,3.0,4912.982,False,True,True,0.268,True,True,0.268,True,True,0.026
his-girl-friday-058-color,test,his-girl-friday,library,bw-comedy,color,3.0,4912.982,False,True,True,0.268,True,True,0.268,True,True,0.026
his-girl-friday-058-overlay,test,his-girl-friday,library,bw-comedy,overlay,3.0,4912.982,False,False,True,0.268,False,True,0.268,True,True,0.026
his-girl-friday-058-speed,test,his-girl-friday,library,bw-comedy,speed,3.0,4912.982,False,True,True,0.268,True,True,0.268,True,True,0.36
his-girl-friday-058-screen_recording,test,his-girl-friday,library,bw-comedy,screen_recording,3.0,4912.982,False,True,True,0.268,True,True,0.268,True,True,0.026
his-girl-friday-059-original,val,his-girl-friday,library,bw-comedy,original,3.0,5016.842,False,True,True,0.408,True,True,0.408,True,True,0.003
his-girl-friday-059-compression,val,his-girl-friday,library,bw-comedy,compression,3.0,5016.842,False,True,True,0.092,True,True,0.092,True,True,0.003
his-girl-friday-059-downscale,val,his-girl-friday,library,bw-comedy,downscale,3.0,5016.842,False,True,True,0.408,True,True,0.408,True,True,0.003
his-girl-friday-059-crop,val,his-girl-friday,library,bw-comedy,crop,3.0,5016.842,False,True,True,0.092,True,True,0.092,True,True,0.003
his-girl-friday-059-letterbox,val,his-girl-friday,library,bw-comedy,letterbox,3.0,5016.842,False,True,True,5.908,True,True,5.908,True,True,5.842
his-girl-friday-059-mirror,val,his-girl-friday,library,bw-comedy,mirror,3.0,5016.842,False,True,True,0.092,True,True,0.092,True,True,0.163
his-girl-friday-059-color,val,his-girl-friday,library,bw-comedy,color,3.0,5016.842,False,True,True,0.408,True,True,0.408,True,True,0.003
his-girl-friday-059-overlay,val,his-girl-friday,library,bw-comedy,overlay,3.0,5016.842,False,False,True,0.092,False,True,0.092,True,True,0.003
his-girl-friday-059-speed,val,his-girl-friday,library,bw-comedy,speed,3.0,5016.842,False,True,True,0.408,True,True,0.408,True,True,0.17
his-girl-friday-059-screen_recording,val,his-girl-friday,library,bw-comedy,screen_recording,3.0,5016.842,False,True,True,5.908,True,True,5.908,True,True,5.676
little-shop-of-horrors-000-original,test,little-shop-of-horrors,library,bw-horror,original,3.0,373.093,False,True,True,0.157,True,True,0.157,True,True,0.087
little-shop-of-horrors-000-compression,test,little-shop-of-horrors,library,bw-horror,compression,3.0,373.093,False,True,True,0.157,True,True,0.157,True,True,0.247
little-shop-of-horrors-000-downscale,test,little-shop-of-horrors,library,bw-horror,downscale,3.0,373.093,False,True,True,0.157,True,True,0.157,True,True,0.08
little-shop-of-horrors-000-crop,test,little-shop-of-horrors,library,bw-horror,crop,3.0,373.093,False,True,True,0.157,True,True,0.157,False,True,0.254
little-shop-of-horrors-000-letterbox,test,little-shop-of-horrors,library,bw-horror,letterbox,3.0,373.093,False,True,True,0.157,True,True,0.157,False,True,3.09
little-shop-of-horrors-000-mirror,test,little-shop-of-horrors,library,bw-horror,mirror,3.0,373.093,False,True,True,0.157,True,True,0.157,True,True,0.08
little-shop-of-horrors-000-color,test,little-shop-of-horrors,library,bw-horror,color,3.0,373.093,False,True,True,0.157,True,True,0.157,True,True,0.08
little-shop-of-horrors-000-overlay,test,little-shop-of-horrors,library,bw-horror,overlay,3.0,373.093,False,False,True,0.157,False,True,0.157,True,True,0.08
little-shop-of-horrors-000-speed,test,little-shop-of-horrors,library,bw-horror,speed,3.0,373.093,False,True,True,0.657,True,True,0.657,True,True,0.247
little-shop-of-horrors-000-screen_recording,test,little-shop-of-horrors,library,bw-horror,screen_recording,3.0,373.093,False,True,True,0.157,True,True,0.157,False,True,0.247
little-shop-of-horrors-001-original,val,little-shop-of-horrors,library,bw-horror,original,3.0,421.674,False,True,True,0.076,True,True,0.076,True,True,0.014
little-shop-of-horrors-001-compression,val,little-shop-of-horrors,library,bw-horror,compression,3.0,421.674,False,True,True,0.076,True,True,0.076,True,True,0.153
little-shop-of-horrors-001-downscale,val,little-shop-of-horrors,library,bw-horror,downscale,3.0,421.674,False,True,True,0.076,True,True,0.076,True,True,0.014
little-shop-of-horrors-001-crop,val,little-shop-of-horrors,library,bw-horror,crop,3.0,421.674,False,True,True,18.576,True,True,18.576,False,True,0.014
little-shop-of-horrors-001-letterbox,val,little-shop-of-horrors,library,bw-horror,letterbox,3.0,421.674,False,True,True,0.076,True,True,0.076,False,True,0.348
little-shop-of-horrors-001-mirror,val,little-shop-of-horrors,library,bw-horror,mirror,3.0,421.674,False,True,True,0.076,True,True,0.076,True,True,0.014
little-shop-of-horrors-001-color,val,little-shop-of-horrors,library,bw-horror,color,3.0,421.674,False,True,True,0.076,True,True,0.076,True,True,0.014
little-shop-of-horrors-001-overlay,val,little-shop-of-horrors,library,bw-horror,overlay,3.0,421.674,False,False,True,0.076,False,True,0.076,True,True,0.014
little-shop-of-horrors-001-speed,val,little-shop-of-horrors,library,bw-horror,speed,3.0,421.674,False,True,True,0.076,True,True,0.076,True,True,0.348
little-shop-of-horrors-001-screen_recording,val,little-shop-of-horrors,library,bw-horror,screen_recording,3.0,421.674,False,True,True,13.076,True,True,13.076,False,True,9.357
little-shop-of-horrors-002-original,val,little-shop-of-horrors,library,bw-horror,original,3.0,508.25,False,True,True,0.0,True,True,0.0,True,True,0.076
little-shop-of-horrors-002-compression,val,little-shop-of-horrors,library,bw-horror,compression,3.0,508.25,False,True,True,0.0,True,True,0.0,True,True,0.076
little-shop-of-horrors-002-downscale,val,little-shop-of-horrors,library,bw-horror,downscale,3.0,508.25,False,True,True,0.0,True,True,0.0,True,True,0.076
little-shop-of-horrors-002-crop,val,little-shop-of-horrors,library,bw-horror,crop,3.0,508.25,False,False,True,0.0,False,True,0.0,False,True,0.091
little-shop-of-horrors-002-letterbox,val,little-shop-of-horrors,library,bw-horror,letterbox,3.0,508.25,False,True,True,0.5,True,True,0.5,True,True,0.076
little-shop-of-horrors-002-mirror,val,little-shop-of-horrors,library,bw-horror,mirror,3.0,508.25,False,True,True,0.0,True,True,0.0,True,True,0.076
little-shop-of-horrors-002-color,val,little-shop-of-horrors,library,bw-horror,color,3.0,508.25,False,True,True,0.0,True,True,0.0,True,True,0.076
little-shop-of-horrors-002-overlay,val,little-shop-of-horrors,library,bw-horror,overlay,3.0,508.25,False,False,True,0.0,False,True,0.0,True,True,0.076
little-shop-of-horrors-002-speed,val,little-shop-of-horrors,library,bw-horror,speed,3.0,508.25,False,True,True,0.5,True,True,0.5,True,True,0.258
little-shop-of-horrors-002-screen_recording,val,little-shop-of-horrors,library,bw-horror,screen_recording,3.0,508.25,False,True,True,0.0,True,True,0.0,True,True,0.076
little-shop-of-horrors-003-original,val,little-shop-of-horrors,library,bw-horror,original,10.0,531.104,False,True,True,0.146,True,True,0.146,True,True,0.06
little-shop-of-horrors-003-compression,val,little-shop-of-horrors,library,bw-horror,compression,10.0,531.104,False,True,True,0.146,True,True,0.146,True,True,0.073
little-shop-of-horrors-003-downscale,val,little-shop-of-horrors,library,bw-horror,downscale,10.0,531.104,False,True,True,0.146,True,True,0.146,True,True,0.06
little-shop-of-horrors-003-crop,val,little-shop-of-horrors,library,bw-horror,crop,10.0,531.104,False,True,True,0.146,True,True,0.146,True,True,0.107
little-shop-of-horrors-003-letterbox,val,little-shop-of-horrors,library,bw-horror,letterbox,10.0,531.104,False,True,True,0.146,True,True,0.146,True,True,0.06
little-shop-of-horrors-003-mirror,val,little-shop-of-horrors,library,bw-horror,mirror,10.0,531.104,False,True,True,0.146,True,True,0.146,True,True,0.06
little-shop-of-horrors-003-color,val,little-shop-of-horrors,library,bw-horror,color,10.0,531.104,False,True,True,0.146,True,True,0.146,True,True,0.06
little-shop-of-horrors-003-overlay,val,little-shop-of-horrors,library,bw-horror,overlay,10.0,531.104,False,False,True,0.146,False,True,0.146,True,True,0.074
little-shop-of-horrors-003-speed,val,little-shop-of-horrors,library,bw-horror,speed,10.0,531.104,False,True,True,1.146,True,True,1.146,True,True,1.228
little-shop-of-horrors-003-screen_recording,val,little-shop-of-horrors,library,bw-horror,screen_recording,10.0,531.104,False,True,True,0.146,True,True,0.146,True,True,0.06
little-shop-of-horrors-004-original,test,little-shop-of-horrors,library,bw-horror,original,5.0,597.815,False,True,True,0.065,True,True,0.065,True,True,0.049
little-shop-of-horrors-004-compression,test,little-shop-of-horrors,library,bw-horror,compression,5.0,597.815,False,True,True,0.065,True,True,0.065,True,True,0.049
little-shop-of-horrors-004-downscale,test,little-shop-of-horrors,library,bw-horror,downscale,5.0,597.815,False,True,True,0.065,True,True,0.065,True,True,0.118
little-shop-of-horrors-004-crop,test,little-shop-of-horrors,library,bw-horror,crop,5.0,597.815,False,True,True,0.065,True,True,0.065,True,True,0.016
little-shop-of-horrors-004-letterbox,test,little-shop-of-horrors,library,bw-horror,letterbox,5.0,597.815,False,True,True,0.065,True,True,0.065,True,True,0.182
little-shop-of-horrors-004-mirror,test,little-shop-of-horrors,library,bw-horror,mirror,5.0,597.815,False,True,True,0.065,True,True,0.065,True,True,0.016
little-shop-of-horrors-004-color,test,little-shop-of-horrors,library,bw-horror,color,5.0,597.815,False,True,True,0.065,True,True,0.065,True,True,0.016
little-shop-of-horrors-004-overlay,test,little-shop-of-horrors,library,bw-horror,overlay,5.0,597.815,False,False,True,0.065,False,True,0.065,True,True,0.049
little-shop-of-horrors-004-speed,test,little-shop-of-horrors,library,bw-horror,speed,5.0,597.815,False,True,True,0.935,True,True,0.935,True,True,0.549
little-shop-of-horrors-004-screen_recording,test,little-shop-of-horrors,library,bw-horror,screen_recording,5.0,597.815,False,True,True,0.065,True,True,0.065,True,True,0.016
little-shop-of-horrors-005-original,val,little-shop-of-horrors,library,bw-horror,original,10.0,679.975,False,True,True,0.275,True,True,0.275,True,True,0.038
little-shop-of-horrors-005-compression,val,little-shop-of-horrors,library,bw-horror,compression,10.0,679.975,False,True,True,0.275,True,True,0.275,True,True,0.038
little-shop-of-horrors-005-downscale,val,little-shop-of-horrors,library,bw-horror,downscale,10.0,679.975,False,True,True,0.275,True,True,0.275,True,True,0.038
little-shop-of-horrors-005-crop,val,little-shop-of-horrors,library,bw-horror,crop,10.0,679.975,False,True,True,0.225,True,True,0.225,False,True,0.463
little-shop-of-horrors-005-letterbox,val,little-shop-of-horrors,library,bw-horror,letterbox,10.0,679.975,False,True,True,0.275,True,True,0.275,True,True,0.204
little-shop-of-horrors-005-mirror,val,little-shop-of-horrors,library,bw-horror,mirror,10.0,679.975,False,True,True,0.225,True,True,0.225,True,True,0.038
little-shop-of-horrors-005-color,val,little-shop-of-horrors,library,bw-horror,color,10.0,679.975,False,True,True,0.275,True,True,0.275,True,True,0.038
little-shop-of-horrors-005-overlay,val,little-shop-of-horrors,library,bw-horror,overlay,10.0,679.975,False,False,True,0.275,False,True,0.275,False,True,0.038
little-shop-of-horrors-005-speed,val,little-shop-of-horrors,library,bw-horror,speed,10.0,679.975,False,True,True,0.775,True,True,0.775,True,True,1.039
little-shop-of-horrors-005-screen_recording,val,little-shop-of-horrors,library,bw-horror,screen_recording,10.0,679.975,False,True,True,0.225,True,True,0.225,False,True,0.038
little-shop-of-horrors-006-original,val,little-shop-of-horrors,library,bw-horror,original,5.0,761.363,False,True,True,0.387,True,True,0.387,True,True,0.002
little-shop-of-horrors-006-compression,val,little-shop-of-horrors,library,bw-horror,compression,5.0,761.363,False,True,True,0.387,True,True,0.387,True,True,0.498
little-shop-of-horrors-006-downscale,val,little-shop-of-horrors,library,bw-horror,downscale,5.0,761.363,False,True,True,0.387,True,True,0.387,True,True,0.002
little-shop-of-horrors-006-crop,val,little-shop-of-horrors,library,bw-horror,crop,5.0,761.363,False,True,True,1750.887,True,True,1750.887,False,True,1750.646
little-shop-of-horrors-006-letterbox,val,little-shop-of-horrors,library,bw-horror,letterbox,5.0,761.363,False,True,True,0.887,True,True,0.887,True,True,0.331
little-shop-of-horrors-006-mirror,val,little-shop-of-horrors,library,bw-horror,mirror,5.0,761.363,False,True,True,0.113,True,True,0.113,True,True,0.002
little-shop-of-horrors-006-color,val,little-shop-of-horrors,library,bw-horror,color,5.0,761.363,False,True,True,0.387,True,True,0.387,True,True,0.002
little-shop-of-horrors-006-overlay,val,little-shop-of-horrors,library,bw-horror,overlay,5.0,761.363,False,False,True,2022.387,False,True,2022.387,False,True,2022.318
little-shop-of-horrors-006-speed,val,little-shop-of-horrors,library,bw-horror,speed,5.0,761.363,False,True,True,0.887,True,True,0.887,True,True,0.498
little-shop-of-horrors-006-screen_recording,val,little-shop-of-horrors,library,bw-horror,screen_recording,5.0,761.363,False,True,True,1.387,True,True,1.387,False,True,1.799
little-shop-of-horrors-007-original,val,little-shop-of-horrors,library,bw-horror,original,3.0,812.699,False,True,True,0.051,True,True,0.051,True,True,0.02
little-shop-of-horrors-007-compression,val,little-shop-of-horrors,library,bw-horror,compression,3.0,812.699,False,True,True,0.051,True,True,0.051,True,True,0.02
little-shop-of-horrors-007-downscale,val,little-shop-of-horrors,library,bw-horror,downscale,3.0,812.699,False,True,True,0.051,True,True,0.051,True,True,0.02
little-shop-of-horrors-007-crop,val,little-shop-of-horrors,library,bw-horror,crop,3.0,812.699,False,True,True,0.051,True,True,0.051,True,True,0.02
little-shop-of-horrors-007-letterbox,val,little-shop-of-horrors,library,bw-horror,letterbox,3.0,812.699,False,True,True,0.051,False,True,0.051,True,True,0.146
little-shop-of-horrors-007-mirror,val,little-shop-of-horrors,library,bw-horror,mirror,3.0,812.699,False,True,True,0.051,True,True,0.051,True,True,0.02
little-shop-of-horrors-007-color,val,little-shop-of-horrors,library,bw-horror,color,3.0,812.699,False,True,True,0.051,True,True,0.051,True,True,0.02
little-shop-of-horrors-007-overlay,val,little-shop-of-horrors,library,bw-horror,overlay,3.0,812.699,False,False,True,0.051,False,True,0.051,True,True,0.02
little-shop-of-horrors-007-speed,val,little-shop-of-horrors,library,bw-horror,speed,3.0,812.699,False,True,True,0.051,True,True,0.051,True,True,0.313
little-shop-of-horrors-007-screen_recording,val,little-shop-of-horrors,library,bw-horror,screen_recording,3.0,812.699,False,True,True,0.051,True,True,0.051,True,True,0.313
little-shop-of-horrors-008-original,test,little-shop-of-horrors,library,bw-horror,original,5.0,886.486,False,True,True,0.264,True,True,0.264,True,True,0.033
little-shop-of-horrors-008-compression,test,little-shop-of-horrors,library,bw-horror,compression,5.0,886.486,False,True,True,0.264,True,True,0.264,True,True,0.033
little-shop-of-horrors-008-downscale,test,little-shop-of-horrors,library,bw-horror,downscale,5.0,886.486,False,True,True,0.264,True,True,0.264,True,True,0.033
little-shop-of-horrors-008-crop,test,little-shop-of-horrors,library,bw-horror,crop,5.0,886.486,False,True,True,0.264,True,True,0.264,True,True,0.033
little-shop-of-horrors-008-letterbox,test,little-shop-of-horrors,library,bw-horror,letterbox,5.0,886.486,False,True,True,0.264,True,True,0.264,True,True,0.033
little-shop-of-horrors-008-mirror,test,little-shop-of-horrors,library,bw-horror,mirror,5.0,886.486,False,True,True,0.264,True,True,0.264,True,True,0.033
little-shop-of-horrors-008-color,test,little-shop-of-horrors,library,bw-horror,color,5.0,886.486,False,True,True,0.236,True,True,0.236,True,True,0.033
little-shop-of-horrors-008-overlay,test,little-shop-of-horrors,library,bw-horror,overlay,5.0,886.486,False,False,True,0.264,False,True,0.264,False,True,0.033
little-shop-of-horrors-008-speed,test,little-shop-of-horrors,library,bw-horror,speed,5.0,886.486,False,True,True,0.764,True,True,0.764,True,True,0.533
little-shop-of-horrors-008-screen_recording,test,little-shop-of-horrors,library,bw-horror,screen_recording,5.0,886.486,False,True,True,0.264,True,True,0.264,True,True,0.033
little-shop-of-horrors-009-original,test,little-shop-of-horrors,library,bw-horror,original,5.0,925.959,False,True,True,0.291,True,True,0.291,True,True,0.066
little-shop-of-horrors-009-compression,test,little-shop-of-horrors,library,bw-horror,compression,5.0,925.959,False,True,True,0.291,True,True,0.291,True,True,0.101
little-shop-of-horrors-009-downscale,test,little-shop-of-horrors,library,bw-horror,downscale,5.0,925.959,False,True,True,0.291,True,True,0.291,True,True,0.066
little-shop-of-horrors-009-crop,test,little-shop-of-horrors,library,bw-horror,crop,5.0,925.959,False,True,True,841.291,False,True,841.291,False,True,841.373
little-shop-of-horrors-009-letterbox,test,little-shop-of-horrors,library,bw-horror,letterbox,5.0,925.959,False,False,True,0.209,False,True,0.209,True,True,0.101
little-shop-of-horrors-009-mirror,test,little-shop-of-horrors,library,bw-horror,mirror,5.0,925.959,False,True,True,0.291,True,True,0.291,True,True,0.066
little-shop-of-horrors-009-color,test,little-shop-of-horrors,library,bw-horror,color,5.0,925.959,False,True,True,0.209,True,True,0.209,True,True,0.101
little-shop-of-horrors-009-overlay,test,little-shop-of-horrors,library,bw-horror,overlay,5.0,925.959,False,False,True,0.291,False,True,0.291,True,True,0.066
little-shop-of-horrors-009-speed,test,little-shop-of-horrors,library,bw-horror,speed,5.0,925.959,False,True,True,0.791,True,True,0.791,True,True,0.567
little-shop-of-horrors-009-screen_recording,test,little-shop-of-horrors,library,bw-horror,screen_recording,5.0,925.959,False,True,True,0.291,False,True,0.291,True,True,0.233
little-shop-of-horrors-010-original,test,little-shop-of-horrors,library,bw-horror,original,5.0,989.756,False,True,True,0.006,True,True,0.006,True,True,0.1
little-shop-of-horrors-010-compression,test,little-shop-of-horrors,library,bw-horror,compression,5.0,989.756,False,True,True,0.006,True,True,0.006,True,True,0.1
little-shop-of-horrors-010-downscale,test,little-shop-of-horrors,library,bw-horror,downscale,5.0,989.756,False,True,True,0.006,True,True,0.006,True,True,0.1
little-shop-of-horrors-010-crop,test,little-shop-of-horrors,library,bw-horror,crop,5.0,989.756,False,True,True,0.006,True,True,0.006,True,True,0.067
little-shop-of-horrors-010-letterbox,test,little-shop-of-horrors,library,bw-horror,letterbox,5.0,989.756,False,True,True,0.006,True,True,0.006,False,True,0.067
little-shop-of-horrors-010-mirror,test,little-shop-of-horrors,library,bw-horror,mirror,5.0,989.756,False,True,True,0.006,True,True,0.006,True,True,0.067
little-shop-of-horrors-010-color,test,little-shop-of-horrors,library,bw-horror,color,5.0,989.756,False,True,True,0.006,True,True,0.006,True,True,0.1
little-shop-of-horrors-010-overlay,test,little-shop-of-horrors,library,bw-horror,overlay,5.0,989.756,False,False,True,0.006,False,True,0.006,True,True,0.067
little-shop-of-horrors-010-speed,test,little-shop-of-horrors,library,bw-horror,speed,5.0,989.756,False,True,True,0.494,True,True,0.494,True,True,0.6
little-shop-of-horrors-010-screen_recording,test,little-shop-of-horrors,library,bw-horror,screen_recording,5.0,989.756,False,True,True,0.506,True,True,0.506,True,True,0.067
little-shop-of-horrors-011-original,val,little-shop-of-horrors,library,bw-horror,original,3.0,1059.067,False,False,True,0.183,False,True,0.183,True,True,0.042
little-shop-of-horrors-011-compression,val,little-shop-of-horrors,library,bw-horror,compression,3.0,1059.067,False,False,True,0.183,False,True,0.183,True,True,0.209
little-shop-of-horrors-011-downscale,val,little-shop-of-horrors,library,bw-horror,downscale,3.0,1059.067,False,False,True,0.183,False,True,0.183,True,True,0.209
little-shop-of-horrors-011-crop,val,little-shop-of-horrors,library,bw-horror,crop,3.0,1059.067,False,True,True,22.683,True,True,22.683,True,True,1.043
little-shop-of-horrors-011-letterbox,val,little-shop-of-horrors,library,bw-horror,letterbox,3.0,1059.067,False,True,True,0.183,True,True,0.183,True,True,0.543
little-shop-of-horrors-011-mirror,val,little-shop-of-horrors,library,bw-horror,mirror,3.0,1059.067,False,False,True,0.183,False,True,0.183,True,True,0.042
little-shop-of-horrors-011-color,val,little-shop-of-horrors,library,bw-horror,color,3.0,1059.067,False,False,True,0.183,False,True,0.183,True,True,0.124
little-shop-of-horrors-011-overlay,val,little-shop-of-horrors,library,bw-horror,overlay,3.0,1059.067,False,False,True,0.317,False,True,0.317,True,True,0.209
little-shop-of-horrors-011-speed,val,little-shop-of-horrors,library,bw-horror,speed,3.0,1059.067,False,False,True,0.183,False,True,0.183,True,True,0.458
little-shop-of-horrors-011-screen_recording,val,little-shop-of-horrors,library,bw-horror,screen_recording,3.0,1059.067,False,True,True,0.317,True,True,0.317,True,True,0.042
little-shop-of-horrors-012-original,val,little-shop-of-horrors,library,bw-horror,original,3.0,1133.495,False,True,True,0.245,True,True,0.245,True,True,0.037
little-shop-of-horrors-012-compression,val,little-shop-of-horrors,library,bw-horror,compression,3.0,1133.495,False,True,True,0.245,False,True,0.245,True,True,0.004
little-shop-of-horrors-012-downscale,val,little-shop-of-horrors,library,bw-horror,downscale,3.0,1133.495,False,True,True,0.245,True,True,0.245,True,True,0.004
little-shop-of-horrors-012-crop,val,little-shop-of-horrors,library,bw-horror,crop,3.0,1133.495,False,False,True,0.245,False,True,0.245,False,True,0.163
little-shop-of-horrors-012-letterbox,val,little-shop-of-horrors,library,bw-horror,letterbox,3.0,1133.495,False,True,True,0.245,True,True,0.245,True,True,0.129
little-shop-of-horrors-012-mirror,val,little-shop-of-horrors,library,bw-horror,mirror,3.0,1133.495,False,True,True,0.245,True,True,0.245,True,True,0.037
little-shop-of-horrors-012-color,val,little-shop-of-horrors,library,bw-horror,color,3.0,1133.495,False,True,True,0.245,True,True,0.245,True,True,0.037
little-shop-of-horrors-012-overlay,val,little-shop-of-horrors,library,bw-horror,overlay,3.0,1133.495,False,False,True,0.245,False,True,0.245,False,True,0.129
little-shop-of-horrors-012-speed,val,little-shop-of-horrors,library,bw-horror,speed,3.0,1133.495,False,True,True,0.255,True,True,0.255,True,True,0.338
little-shop-of-horrors-012-screen_recording,val,little-shop-of-horrors,library,bw-horror,screen_recording,3.0,1133.495,False,False,True,0.245,False,True,0.245,True,True,0.129
little-shop-of-horrors-013-original,val,little-shop-of-horrors,library,bw-horror,original,10.0,1170.762,False,True,True,0.012,True,True,0.012,True,True,0.074
little-shop-of-horrors-013-compression,val,little-shop-of-horrors,library,bw-horror,compression,10.0,1170.762,False,True,True,0.012,True,True,0.012,True,True,0.092
little-shop-of-horrors-013-downscale,val,little-shop-of-horrors,library,bw-horror,downscale,10.0,1170.762,False,True,True,0.012,True,True,0.012,True,True,0.074
little-shop-of-horrors-013-crop,val,little-shop-of-horrors,library,bw-horror,crop,10.0,1170.762,False,True,True,0.012,True,True,0.012,False,True,0.092
little-shop-of-horrors-013-letterbox,val,little-shop-of-horrors,library,bw-horror,letterbox,10.0,1170.762,False,True,True,0.012,True,True,0.012,False,True,0.259
little-shop-of-horrors-013-mirror,val,little-shop-of-horrors,library,bw-horror,mirror,10.0,1170.762,False,True,True,0.012,True,True,0.012,True,True,0.074
little-shop-of-horrors-013-color,val,little-shop-of-horrors,library,bw-horror,color,10.0,1170.762,False,True,True,0.012,True,True,0.012,True,True,0.074
little-shop-of-horrors-013-overlay,val,little-shop-of-horrors,library,bw-horror,overlay,10.0,1170.762,False,False,True,0.012,False,True,0.012,True,True,0.074
little-shop-of-horrors-013-speed,val,little-shop-of-horrors,library,bw-horror,speed,10.0,1170.762,False,True,True,1.988,True,True,1.988,True,True,1.743
little-shop-of-horrors-013-screen_recording,val,little-shop-of-horrors,library,bw-horror,screen_recording,10.0,1170.762,False,True,True,0.012,True,True,0.012,True,True,0.074
little-shop-of-horrors-014-original,test,little-shop-of-horrors,library,bw-horror,original,3.0,1210.273,False,True,True,0.023,True,True,0.023,True,True,0.069
little-shop-of-horrors-014-compression,test,little-shop-of-horrors,library,bw-horror,compression,3.0,1210.273,False,True,True,0.023,True,True,0.023,True,True,0.264
little-shop-of-horrors-014-downscale,test,little-shop-of-horrors,library,bw-horror,downscale,3.0,1210.273,False,True,True,0.023,True,True,0.023,True,True,0.069
little-shop-of-horrors-014-crop,test,little-shop-of-horrors,library,bw-horror,crop,3.0,1210.273,False,True,True,0.477,True,True,0.477,False,True,60.758
little-shop-of-horrors-014-letterbox,test,little-shop-of-horrors,library,bw-horror,letterbox,3.0,1210.273,False,True,True,0.023,True,True,0.023,True,True,0.097
little-shop-of-horrors-014-mirror,test,little-shop-of-horrors,library,bw-horror,mirror,3.0,1210.273,False,True,True,0.023,True,True,0.023,True,True,0.069
little-shop-of-horrors-014-color,test,little-shop-of-horrors,library,bw-horror,color,3.0,1210.273,False,True,True,0.023,True,True,0.023,True,True,0.069
little-shop-of-horrors-014-overlay,test,little-shop-of-horrors,library,bw-horror,overlay,3.0,1210.273,False,False,True,0.023,False,True,0.023,True,True,0.069
little-shop-of-horrors-014-speed,test,little-shop-of-horrors,library,bw-horror,speed,3.0,1210.273,False,True,True,0.477,True,True,0.477,True,True,0.403
little-shop-of-horrors-014-screen_recording,test,little-shop-of-horrors,library,bw-horror,screen_recording,3.0,1210.273,False,True,True,0.023,True,True,0.023,True,True,0.097
little-shop-of-horrors-015-original,val,little-shop-of-horrors,library,bw-horror,original,5.0,1304.161,False,True,True,0.089,True,True,0.089,True,True,0.009
little-shop-of-horrors-015-compression,val,little-shop-of-horrors,library,bw-horror,compression,5.0,1304.161,False,True,True,0.089,True,True,0.089,True,True,0.158
little-shop-of-horrors-015-downscale,val,little-shop-of-horrors,library,bw-horror,downscale,5.0,1304.161,False,True,True,0.089,True,True,0.089,True,True,0.008
little-shop-of-horrors-015-crop,val,little-shop-of-horrors,library,bw-horror,crop,5.0,1304.161,False,True,True,0.089,False,True,0.089,True,True,0.158
little-shop-of-horrors-015-letterbox,val,little-shop-of-horrors,library,bw-horror,letterbox,5.0,1304.161,False,True,True,0.089,True,True,0.089,False,True,0.158
little-shop-of-horrors-015-mirror,val,little-shop-of-horrors,library,bw-horror,mirror,5.0,1304.161,False,True,True,0.089,True,True,0.089,True,True,0.158
little-shop-of-horrors-015-color,val,little-shop-of-horrors,library,bw-horror,color,5.0,1304.161,False,True,True,0.089,True,True,0.089,True,True,0.009
little-shop-of-horrors-015-overlay,val,little-shop-of-horrors,library,bw-horror,overlay,5.0,1304.161,False,False,True,0.089,False,True,0.089,True,True,0.009
little-shop-of-horrors-015-speed,val,little-shop-of-horrors,library,bw-horror,speed,5.0,1304.161,False,True,True,1.089,True,True,1.089,True,True,0.509
little-shop-of-horrors-015-screen_recording,val,little-shop-of-horrors,library,bw-horror,screen_recording,5.0,1304.161,False,True,True,0.089,True,True,0.089,True,True,0.492
little-shop-of-horrors-016-original,test,little-shop-of-horrors,library,bw-horror,original,3.0,1365.294,False,True,True,0.044,True,True,0.044,True,True,0.097
little-shop-of-horrors-016-compression,test,little-shop-of-horrors,library,bw-horror,compression,3.0,1365.294,False,False,True,0.044,False,True,0.044,False,False,2450.885
little-shop-of-horrors-016-downscale,test,little-shop-of-horrors,library,bw-horror,downscale,3.0,1365.294,False,False,True,0.044,False,True,0.044,True,True,0.097
little-shop-of-horrors-016-crop,test,little-shop-of-horrors,library,bw-horror,crop,3.0,1365.294,False,False,True,0.044,False,True,0.044,False,True,0.43
little-shop-of-horrors-016-letterbox,test,little-shop-of-horrors,library,bw-horror,letterbox,3.0,1365.294,False,False,True,0.044,False,True,0.044,False,True,0.264
little-shop-of-horrors-016-mirror,test,little-shop-of-horrors,library,bw-horror,mirror,3.0,1365.294,False,True,True,0.044,True,True,0.044,True,True,0.264
little-shop-of-horrors-016-color,test,little-shop-of-horrors,library,bw-horror,color,3.0,1365.294,False,True,True,0.044,True,True,0.044,True,True,0.097
little-shop-of-horrors-016-overlay,test,little-shop-of-horrors,library,bw-horror,overlay,3.0,1365.294,False,False,True,0.456,False,True,0.456,False,True,0.237
little-shop-of-horrors-016-speed,test,little-shop-of-horrors,library,bw-horror,speed,3.0,1365.294,False,True,True,0.456,True,True,0.456,True,True,0.203
little-shop-of-horrors-016-screen_recording,test,little-shop-of-horrors,library,bw-horror,screen_recording,3.0,1365.294,False,False,True,74.956,False,True,74.956,False,True,75.045
little-shop-of-horrors-017-original,val,little-shop-of-horrors,library,bw-horror,original,3.0,1427.547,False,True,True,0.203,True,True,0.203,True,True,0.146
little-shop-of-horrors-017-compression,val,little-shop-of-horrors,library,bw-horror,compression,3.0,1427.547,False,False,False,2364.703,False,False,2364.703,False,False,2394.972
little-shop-of-horrors-017-downscale,val,little-shop-of-horrors,library,bw-horror,downscale,3.0,1427.547,False,False,True,10.297,False,True,10.297,False,False,2393.804
little-shop-of-horrors-017-crop,val,little-shop-of-horrors,library,bw-horror,crop,3.0,1427.547,False,False,True,1.203,False,True,1.203,False,True,0.813
little-shop-of-horrors-017-letterbox,val,little-shop-of-horrors,library,bw-horror,letterbox,3.0,1427.547,False,True,True,2285.203,True,True,2285.203,True,True,2285.629
little-shop-of-horrors-017-mirror,val,little-shop-of-horrors,library,bw-horror,mirror,3.0,1427.547,False,True,True,0.203,True,True,0.203,True,True,0.021
little-shop-of-horrors-017-color,val,little-shop-of-horrors,library,bw-horror,color,3.0,1427.547,False,False,False,3294.703,False,False,3294.703,False,False,3294.638
little-shop-of-horrors-017-overlay,val,little-shop-of-horrors,library,bw-horror,overlay,3.0,1427.547,False,False,True,0.203,False,True,0.203,False,True,0.313
little-shop-of-horrors-017-speed,val,little-shop-of-horrors,library,bw-horror,speed,3.0,1427.547,False,True,True,0.203,True,True,0.203,True,True,0.313
little-shop-of-horrors-017-screen_recording,val,little-shop-of-horrors,library,bw-horror,screen_recording,3.0,1427.547,False,False,True,2678.203,False,True,2678.203,False,True,13.292
little-shop-of-horrors-018-original,val,little-shop-of-horrors,library,bw-horror,original,5.0,1481.7,False,True,True,0.05,True,True,0.05,True,True,0.147
little-shop-of-horrors-018-compression,val,little-shop-of-horrors,library,bw-horror,compression,5.0,1481.7,False,False,False,2333.05,False,False,2333.05,False,False,2340.485
little-shop-of-horrors-018-downscale,val,little-shop-of-horrors,library,bw-horror,downscale,5.0,1481.7,False,False,True,0.05,False,True,0.05,False,True,0.147
little-shop-of-horrors-018-crop,val,little-shop-of-horrors,library,bw-horror,crop,5.0,1481.7,False,False,True,2690.55,False,True,2690.55,False,True,2687.999
little-shop-of-horrors-018-letterbox,val,little-shop-of-horrors,library,bw-horror,letterbox,5.0,1481.7,False,True,True,2353.55,True,True,2353.55,False,True,2353.798
little-shop-of-horrors-018-mirror,val,little-shop-of-horrors,library,bw-horror,mirror,5.0,1481.7,False,True,True,0.05,True,True,0.05,True,True,0.187
little-shop-of-horrors-018-color,val,little-shop-of-horrors,library,bw-horror,color,5.0,1481.7,False,True,True,0.05,True,True,0.05,True,True,0.02
little-shop-of-horrors-018-overlay,val,little-shop-of-horrors,library,bw-horror,overlay,5.0,1481.7,False,False,True,0.05,False,True,0.05,False,True,0.353
little-shop-of-horrors-018-speed,val,little-shop-of-horrors,library,bw-horror,speed,5.0,1481.7,False,True,True,0.55,True,True,0.55,True,True,0.814
little-shop-of-horrors-018-screen_recording,val,little-shop-of-horrors,library,bw-horror,screen_recording,5.0,1481.7,False,False,True,0.05,False,True,0.05,False,True,0.52
little-shop-of-horrors-019-original,test,little-shop-of-horrors,library,bw-horror,original,10.0,1534.213,False,True,True,0.463,True,True,0.463,True,True,0.047
little-shop-of-horrors-019-compression,test,little-shop-of-horrors,library,bw-horror,compression,10.0,1534.213,False,True,True,0.037,True,True,0.037,False,True,0.047
little-shop-of-horrors-019-downscale,test,little-shop-of-horrors,library,bw-horror,downscale,10.0,1534.213,False,True,True,0.037,True,True,0.037,True,True,0.047
little-shop-of-horrors-019-crop,test,little-shop-of-horrors,library,bw-horror,crop,10.0,1534.213,False,True,True,0.037,True,True,0.037,True,True,0.014
little-shop-of-horrors-019-letterbox,test,little-shop-of-horrors,library,bw-horror,letterbox,10.0,1534.213,False,True,True,0.463,True,True,0.463,True,True,0.214
little-shop-of-horrors-019-mirror,test,little-shop-of-horrors,library,bw-horror,mirror,10.0,1534.213,False,True,True,0.037,True,True,0.037,True,True,0.047
little-shop-of-horrors-019-color,test,little-shop-of-horrors,library,bw-horror,color,10.0,1534.213,False,True,True,0.037,True,True,0.037,True,True,0.047
little-shop-of-horrors-019-overlay,test,little-shop-of-horrors,library,bw-horror,overlay,10.0,1534.213,False,False,True,0.037,False,True,0.037,False,True,0.047
little-shop-of-horrors-019-speed,test,little-shop-of-horrors,library,bw-horror,speed,10.0,1534.213,False,True,True,2.037,True,True,2.037,True,True,0.62
little-shop-of-horrors-019-screen_recording,test,little-shop-of-horrors,library,bw-horror,screen_recording,10.0,1534.213,False,True,True,0.037,True,True,0.037,True,True,0.047
little-shop-of-horrors-020-original,test,little-shop-of-horrors,library,bw-horror,original,10.0,1604.881,False,True,True,0.131,True,True,0.131,True,True,0.044
little-shop-of-horrors-020-compression,test,little-shop-of-horrors,library,bw-horror,compression,10.0,1604.881,False,True,True,0.369,True,True,0.369,True,True,0.122
little-shop-of-horrors-020-downscale,test,little-shop-of-horrors,library,bw-horror,downscale,10.0,1604.881,False,True,True,0.131,True,True,0.131,True,True,0.044
little-shop-of-horrors-020-crop,test,little-shop-of-horrors,library,bw-horror,crop,10.0,1604.881,False,True,True,0.369,True,True,0.369,True,True,0.044
little-shop-of-horrors-020-letterbox,test,little-shop-of-horrors,library,bw-horror,letterbox,10.0,1604.881,False,True,True,0.369,True,True,0.369,True,True,0.044
little-shop-of-horrors-020-mirror,test,little-shop-of-horrors,library,bw-horror,mirror,10.0,1604.881,False,True,True,0.131,True,True,0.131,True,True,0.044
little-shop-of-horrors-020-color,test,little-shop-of-horrors,library,bw-horror,color,10.0,1604.881,False,True,True,0.131,True,True,0.131,True,True,0.044
little-shop-of-horrors-020-overlay,test,little-shop-of-horrors,library,bw-horror,overlay,10.0,1604.881,False,False,True,0.369,False,True,0.369,False,True,0.044
little-shop-of-horrors-020-speed,test,little-shop-of-horrors,library,bw-horror,speed,10.0,1604.881,False,True,True,1.369,True,True,1.369,True,True,1.624
little-shop-of-horrors-020-screen_recording,test,little-shop-of-horrors,library,bw-horror,screen_recording,10.0,1604.881,False,True,True,0.369,True,True,0.369,True,True,0.044
little-shop-of-horrors-021-original,val,little-shop-of-horrors,library,bw-horror,original,3.0,1673.065,False,True,True,0.185,True,True,0.185,True,True,0.06
little-shop-of-horrors-021-compression,val,little-shop-of-horrors,library,bw-horror,compression,3.0,1673.065,False,True,True,0.185,True,True,0.185,True,True,0.106
little-shop-of-horrors-021-downscale,val,little-shop-of-horrors,library,bw-horror,downscale,3.0,1673.065,False,True,True,0.185,True,True,0.185,True,True,0.06
little-shop-of-horrors-021-crop,val,little-shop-of-horrors,library,bw-horror,crop,3.0,1673.065,False,True,True,0.185,True,True,0.185,True,True,0.06
little-shop-of-horrors-021-letterbox,val,little-shop-of-horrors,library,bw-horror,letterbox,3.0,1673.065,False,True,True,0.185,True,True,0.185,True,True,0.06
little-shop-of-horrors-021-mirror,val,little-shop-of-horrors,library,bw-horror,mirror,3.0,1673.065,False,True,True,0.185,True,True,0.185,True,True,0.06
little-shop-of-horrors-021-color,val,little-shop-of-horrors,library,bw-horror,color,3.0,1673.065,False,True,True,0.185,True,True,0.185,True,True,0.06
little-shop-of-horrors-021-overlay,val,little-shop-of-horrors,library,bw-horror,overlay,3.0,1673.065,False,False,True,0.185,False,True,0.185,True,True,0.06
little-shop-of-horrors-021-speed,val,little-shop-of-horrors,library,bw-horror,speed,3.0,1673.065,False,True,True,0.185,True,True,0.185,True,True,0.273
little-shop-of-horrors-021-screen_recording,val,little-shop-of-horrors,library,bw-horror,screen_recording,3.0,1673.065,False,True,True,0.185,True,True,0.185,True,True,0.106
little-shop-of-horrors-022-original,val,little-shop-of-horrors,library,bw-horror,original,10.0,1728.485,False,True,True,0.265,True,True,0.265,True,True,0.042
little-shop-of-horrors-022-compression,val,little-shop-of-horrors,library,bw-horror,compression,10.0,1728.485,False,True,True,0.235,True,True,0.235,True,True,0.008
little-shop-of-horrors-022-downscale,val,little-shop-of-horrors,library,bw-horror,downscale,10.0,1728.485,False,True,True,0.235,True,True,0.235,True,True,0.042
little-shop-of-horrors-022-crop,val,little-shop-of-horrors,library,bw-horror,crop,10.0,1728.485,False,True,True,0.265,True,True,0.265,True,True,0.175
little-shop-of-horrors-022-letterbox,val,little-shop-of-horrors,library,bw-horror,letterbox,10.0,1728.485,False,True,True,0.265,True,True,0.265,True,True,0.008
little-shop-of-horrors-022-mirror,val,little-shop-of-horrors,library,bw-horror,mirror,10.0,1728.485,False,True,True,0.235,True,True,0.235,True,True,0.008
little-shop-of-horrors-022-color,val,little-shop-of-horrors,library,bw-horror,color,10.0,1728.485,False,True,True,0.265,True,True,0.265,True,True,0.042
little-shop-of-horrors-022-overlay,val,little-shop-of-horrors,library,bw-horror,overlay,10.0,1728.485,False,False,True,0.265,False,True,0.265,True,True,0.008
little-shop-of-horrors-022-speed,val,little-shop-of-horrors,library,bw-horror,speed,10.0,1728.485,False,True,True,0.765,True,True,0.765,True,True,1.009
little-shop-of-horrors-022-screen_recording,val,little-shop-of-horrors,library,bw-horror,screen_recording,10.0,1728.485,False,True,True,0.235,True,True,0.235,True,True,0.125
little-shop-of-horrors-023-original,val,little-shop-of-horrors,library,bw-horror,original,3.0,1783.559,False,True,True,0.191,True,True,0.191,True,True,0.044
little-shop-of-horrors-023-compression,val,little-shop-of-horrors,library,bw-horror,compression,3.0,1783.559,False,False,True,0.191,False,True,0.191,True,True,0.044
little-shop-of-horrors-023-downscale,val,little-shop-of-horrors,library,bw-horror,downscale,3.0,1783.559,False,True,True,0.191,True,True,0.191,True,True,0.044
little-shop-of-horrors-023-crop,val,little-shop-of-horrors,library,bw-horror,crop,3.0,1783.559,False,True,True,1.309,True,True,1.309,True,True,0.878
little-shop-of-horrors-023-letterbox,val,little-shop-of-horrors,library,bw-horror,letterbox,3.0,1783.559,False,False,True,0.191,False,True,0.191,True,True,0.211
little-shop-of-horrors-023-mirror,val,little-shop-of-horrors,library,bw-horror,mirror,3.0,1783.559,False,False,True,0.309,False,True,0.309,True,True,0.044
little-shop-of-horrors-023-color,val,little-shop-of-horrors,library,bw-horror,color,3.0,1783.559,False,True,True,0.191,True,True,0.191,True,True,0.044
little-shop-of-horrors-023-overlay,val,little-shop-of-horrors,library,bw-horror,overlay,3.0,1783.559,False,False,True,0.191,False,True,0.191,True,True,0.044
little-shop-of-horrors-023-speed,val,little-shop-of-horrors,library,bw-horror,speed,3.0,1783.559,False,True,True,0.691,True,True,0.691,True,True,0.123
little-shop-of-horrors-023-screen_recording,val,little-shop-of-horrors,library,bw-horror,screen_recording,3.0,1783.559,False,True,True,0.691,True,True,0.691,True,True,0.123
little-shop-of-horrors-024-original,val,little-shop-of-horrors,library,bw-horror,original,10.0,1812.911,False,True,True,0.161,True,True,0.161,True,True,0.067
little-shop-of-horrors-024-compression,val,little-shop-of-horrors,library,bw-horror,compression,10.0,1812.911,False,True,True,0.161,True,True,0.161,True,True,0.067
little-shop-of-horrors-024-downscale,val,little-shop-of-horrors,library,bw-horror,downscale,10.0,1812.911,False,True,True,0.161,True,True,0.161,True,True,0.1
little-shop-of-horrors-024-crop,val,little-shop-of-horrors,library,bw-horror,crop,10.0,1812.911,False,True,True,0.339,True,True,0.339,True,True,0.1
little-shop-of-horrors-024-letterbox,val,little-shop-of-horrors,library,bw-horror,letterbox,10.0,1812.911,False,True,True,0.339,False,True,0.339,True,True,0.067
little-shop-of-horrors-024-mirror,val,little-shop-of-horrors,library,bw-horror,mirror,10.0,1812.911,False,True,True,0.339,True,True,0.339,True,True,0.067
little-shop-of-horrors-024-color,val,little-shop-of-horrors,library,bw-horror,color,10.0,1812.911,False,True,True,0.339,True,True,0.339,True,True,0.067
little-shop-of-horrors-024-overlay,val,little-shop-of-horrors,library,bw-horror,overlay,10.0,1812.911,False,False,True,0.161,False,True,0.161,True,True,0.067
little-shop-of-horrors-024-speed,val,little-shop-of-horrors,library,bw-horror,speed,10.0,1812.911,False,True,True,1.839,True,True,1.839,True,True,1.435
little-shop-of-horrors-024-screen_recording,val,little-shop-of-horrors,library,bw-horror,screen_recording,10.0,1812.911,False,True,True,0.161,True,True,0.161,True,True,0.067
little-shop-of-horrors-025-original,test,little-shop-of-horrors,library,bw-horror,original,5.0,1915.484,False,True,True,0.234,True,True,0.234,True,True,0.137
little-shop-of-horrors-025-compression,test,little-shop-of-horrors,library,bw-horror,compression,5.0,1915.484,False,True,True,0.234,True,True,0.234,True,True,0.03
little-shop-of-horrors-025-downscale,test,little-shop-of-horrors,library,bw-horror,downscale,5.0,1915.484,False,True,True,0.234,True,True,0.234,True,True,0.137
little-shop-of-horrors-025-crop,test,little-shop-of-horrors,library,bw-horror,crop,5.0,1915.484,False,True,True,0.234,True,True,0.234,True,True,0.03
little-shop-of-horrors-025-letterbox,test,little-shop-of-horrors,library,bw-horror,letterbox,5.0,1915.484,False,True,True,0.234,True,True,0.234,True,True,0.03
little-shop-of-horrors-025-mirror,test,little-shop-of-horrors,library,bw-horror,mirror,5.0,1915.484,False,True,True,0.234,True,True,0.234,True,True,0.03
little-shop-of-horrors-025-color,test,little-shop-of-horrors,library,bw-horror,color,5.0,1915.484,False,True,True,0.234,True,True,0.234,True,True,0.137
little-shop-of-horrors-025-overlay,test,little-shop-of-horrors,library,bw-horror,overlay,5.0,1915.484,False,False,True,0.234,False,True,0.234,True,True,0.137
little-shop-of-horrors-025-speed,test,little-shop-of-horrors,library,bw-horror,speed,5.0,1915.484,False,True,True,0.266,True,True,0.266,True,True,0.53
little-shop-of-horrors-025-screen_recording,test,little-shop-of-horrors,library,bw-horror,screen_recording,5.0,1915.484,False,True,True,0.266,True,True,0.266,True,True,0.137
little-shop-of-horrors-026-original,test,little-shop-of-horrors,library,bw-horror,original,5.0,1945.5,False,True,True,0.25,True,True,0.25,True,True,0.01
little-shop-of-horrors-026-compression,test,little-shop-of-horrors,library,bw-horror,compression,5.0,1945.5,False,True,True,0.25,True,True,0.25,True,True,0.01
little-shop-of-horrors-026-downscale,test,little-shop-of-horrors,library,bw-horror,downscale,5.0,1945.5,False,True,True,0.25,True,True,0.25,True,True,0.01
little-shop-of-horrors-026-crop,test,little-shop-of-horrors,library,bw-horror,crop,5.0,1945.5,False,True,True,0.25,True,True,0.25,False,True,0.177
little-shop-of-horrors-026-letterbox,test,little-shop-of-horrors,library,bw-horror,letterbox,5.0,1945.5,False,False,True,0.25,False,True,0.25,True,True,0.01
little-shop-of-horrors-026-mirror,test,little-shop-of-horrors,library,bw-horror,mirror,5.0,1945.5,False,True,True,0.25,True,True,0.25,True,True,0.01
little-shop-of-horrors-026-color,test,little-shop-of-horrors,library,bw-horror,color,5.0,1945.5,False,True,True,0.25,True,True,0.25,True,True,0.01
little-shop-of-horrors-026-overlay,test,little-shop-of-horrors,library,bw-horror,overlay,5.0,1945.5,False,False,True,0.25,False,True,0.25,True,True,0.01
little-shop-of-horrors-026-speed,test,little-shop-of-horrors,library,bw-horror,speed,5.0,1945.5,False,True,True,0.75,True,True,0.75,True,True,0.678
little-shop-of-horrors-026-screen_recording,test,little-shop-of-horrors,library,bw-horror,screen_recording,5.0,1945.5,False,True,True,0.25,True,True,0.25,True,True,0.01
little-shop-of-horrors-027-original,val,little-shop-of-horrors,library,bw-horror,original,10.0,2009.99,False,True,True,0.26,True,True,0.26,True,True,0.018
little-shop-of-horrors-027-compression,val,little-shop-of-horrors,library,bw-horror,compression,10.0,2009.99,False,True,True,0.26,False,True,0.26,True,True,0.018
little-shop-of-horrors-027-downscale,val,little-shop-of-horrors,library,bw-horror,downscale,10.0,2009.99,False,True,True,0.26,True,True,0.26,True,True,0.018
little-shop-of-horrors-027-crop,val,little-shop-of-horrors,library,bw-horror,crop,10.0,2009.99,False,False,True,258.26,False,True,258.26,False,True,258.843
little-shop-of-horrors-027-letterbox,val,little-shop-of-horrors,library,bw-horror,letterbox,10.0,2009.99,False,True,True,0.26,True,True,0.26,True,True,0.018
little-shop-of-horrors-027-mirror,val,little-shop-of-horrors,library,bw-horror,mirror,10.0,2009.99,False,True,True,0.26,True,True,0.26,True,True,0.018
little-shop-of-horrors-027-color,val,little-shop-of-horrors,library,bw-horror,color,10.0,2009.99,False,True,True,0.26,True,True,0.26,True,True,0.018
little-shop-of-horrors-027-overlay,val,little-shop-of-horrors,library,bw-horror,overlay,10.0,2009.99,False,False,True,0.26,False,True,0.26,False,True,0.149
little-shop-of-horrors-027-speed,val,little-shop-of-horrors,library,bw-horror,speed,10.0,2009.99,False,True,True,0.76,True,True,0.76,True,True,1.353
little-shop-of-horrors-027-screen_recording,val,little-shop-of-horrors,library,bw-horror,screen_recording,10.0,2009.99,False,True,True,0.26,True,True,0.26,True,True,0.018
little-shop-of-horrors-028-original,val,little-shop-of-horrors,library,bw-horror,original,3.0,2092.63,False,True,True,0.62,True,True,0.62,True,True,0.06
little-shop-of-horrors-028-compression,val,little-shop-of-horrors,library,bw-horror,compression,3.0,2092.63,False,True,True,0.38,True,True,0.38,True,True,0.607
little-shop-of-horrors-028-downscale,val,little-shop-of-horrors,library,bw-horror,downscale,3.0,2092.63,False,True,True,0.12,True,True,0.12,True,True,0.607
little-shop-of-horrors-028-crop,val,little-shop-of-horrors,library,bw-horror,crop,3.0,2092.63,False,True,True,0.12,True,True,0.12,True,True,0.228
little-shop-of-horrors-028-letterbox,val,little-shop-of-horrors,library,bw-horror,letterbox,3.0,2092.63,False,True,True,64.12,True,True,64.12,True,True,64.725
little-shop-of-horrors-028-mirror,val,little-shop-of-horrors,library,bw-horror,mirror,3.0,2092.63,False,False,True,0.12,False,True,0.12,True,True,0.106
little-shop-of-horrors-028-color,val,little-shop-of-horrors,library,bw-horror,color,3.0,2092.63,False,False,True,0.12,False,True,0.12,True,True,0.106
little-shop-of-horrors-028-overlay,val,little-shop-of-horrors,library,bw-horror,overlay,3.0,2092.63,False,False,True,0.12,False,True,0.12,True,True,0.061
little-shop-of-horrors-028-speed,val,little-shop-of-horrors,library,bw-horror,speed,3.0,2092.63,False,True,True,0.38,True,True,0.38,True,True,0.394
little-shop-of-horrors-028-screen_recording,val,little-shop-of-horrors,library,bw-horror,screen_recording,3.0,2092.63,False,True,True,0.12,True,True,0.12,True,True,0.061
little-shop-of-horrors-029-original,test,little-shop-of-horrors,library,bw-horror,original,10.0,2153.174,False,True,True,0.076,True,True,0.076,True,True,0.01
little-shop-of-horrors-029-compression,test,little-shop-of-horrors,library,bw-horror,compression,10.0,2153.174,False,True,True,0.076,True,True,0.076,True,True,0.01
little-shop-of-horrors-029-downscale,test,little-shop-of-horrors,library,bw-horror,downscale,10.0,2153.174,False,True,True,0.076,True,True,0.076,True,True,0.01
little-shop-of-horrors-029-crop,test,little-shop-of-horrors,library,bw-horror,crop,10.0,2153.174,False,True,True,0.076,True,True,0.076,True,True,0.177
little-shop-of-horrors-029-letterbox,test,little-shop-of-horrors,library,bw-horror,letterbox,10.0,2153.174,False,True,True,0.076,True,True,0.076,True,True,0.156
little-shop-of-horrors-029-mirror,test,little-shop-of-horrors,library,bw-horror,mirror,10.0,2153.174,False,True,True,0.076,True,True,0.076,True,True,0.01
little-shop-of-horrors-029-color,test,little-shop-of-horrors,library,bw-horror,color,10.0,2153.174,False,True,True,0.076,True,True,0.076,True,True,0.01
little-shop-of-horrors-029-overlay,test,little-shop-of-horrors,library,bw-horror,overlay,10.0,2153.174,False,False,True,0.076,False,True,0.076,False,True,0.01
little-shop-of-horrors-029-speed,test,little-shop-of-horrors,library,bw-horror,speed,10.0,2153.174,False,True,True,0.576,True,True,0.576,True,True,1.011
little-shop-of-horrors-029-screen_recording,test,little-shop-of-horrors,library,bw-horror,screen_recording,10.0,2153.174,False,True,True,0.076,True,True,0.076,True,True,0.177
little-shop-of-horrors-030-original,test,little-shop-of-horrors,library,bw-horror,original,10.0,2207.572,False,True,True,0.178,True,True,0.178,True,True,0.067
little-shop-of-horrors-030-compression,test,little-shop-of-horrors,library,bw-horror,compression,10.0,2207.572,False,True,True,0.178,True,True,0.178,True,True,0.067
little-shop-of-horrors-030-downscale,test,little-shop-of-horrors,library,bw-horror,downscale,10.0,2207.572,False,True,True,0.178,True,True,0.178,True,True,0.067
little-shop-of-horrors-030-crop,test,little-shop-of-horrors,library,bw-horror,crop,10.0,2207.572,False,True,True,0.178,True,True,0.178,True,True,0.067
little-shop-of-horrors-030-letterbox,test,little-shop-of-horrors,library,bw-horror,letterbox,10.0,2207.572,False,True,True,0.178,True,True,0.178,True,True,0.067
little-shop-of-horrors-030-mirror,test,little-shop-of-horrors,library,bw-horror,mirror,10.0,2207.572,False,True,True,0.178,True,True,0.178,True,True,0.067
little-shop-of-horrors-030-color,test,little-shop-of-horrors,library,bw-horror,color,10.0,2207.572,False,True,True,0.178,True,True,0.178,True,True,0.067
little-shop-of-horrors-030-overlay,test,little-shop-of-horrors,library,bw-horror,overlay,10.0,2207.572,False,False,True,0.178,False,True,0.178,True,True,0.067
little-shop-of-horrors-030-speed,test,little-shop-of-horrors,library,bw-horror,speed,10.0,2207.572,False,True,True,1.678,True,True,1.678,True,True,1.101
little-shop-of-horrors-030-screen_recording,test,little-shop-of-horrors,library,bw-horror,screen_recording,10.0,2207.572,False,True,True,0.178,True,True,0.178,True,True,0.067
little-shop-of-horrors-031-original,val,little-shop-of-horrors,library,bw-horror,original,3.0,2263.893,False,True,True,0.357,True,True,0.357,True,True,0.031
little-shop-of-horrors-031-compression,val,little-shop-of-horrors,library,bw-horror,compression,3.0,2263.893,False,False,True,0.357,False,True,0.357,True,True,0.302
little-shop-of-horrors-031-downscale,val,little-shop-of-horrors,library,bw-horror,downscale,3.0,2263.893,False,True,True,0.357,True,True,0.357,True,True,0.136
little-shop-of-horrors-031-crop,val,little-shop-of-horrors,library,bw-horror,crop,3.0,2263.893,False,True,True,0.357,True,True,0.357,False,True,4.106
little-shop-of-horrors-031-letterbox,val,little-shop-of-horrors,library,bw-horror,letterbox,3.0,2263.893,False,False,True,0.357,False,True,0.357,True,True,0.302
little-shop-of-horrors-031-mirror,val,little-shop-of-horrors,library,bw-horror,mirror,3.0,2263.893,False,True,True,0.357,True,True,0.357,True,True,0.135
little-shop-of-horrors-031-color,val,little-shop-of-horrors,library,bw-horror,color,3.0,2263.893,False,True,True,0.357,True,True,0.357,True,True,0.031
little-shop-of-horrors-031-overlay,val,little-shop-of-horrors,library,bw-horror,overlay,3.0,2263.893,False,False,True,0.357,False,True,0.357,True,True,0.136
little-shop-of-horrors-031-speed,val,little-shop-of-horrors,library,bw-horror,speed,3.0,2263.893,False,True,True,0.357,True,True,0.357,True,True,0.302
little-shop-of-horrors-031-screen_recording,val,little-shop-of-horrors,library,bw-horror,screen_recording,3.0,2263.893,False,True,True,0.357,True,True,0.357,True,True,0.302
little-shop-of-horrors-032-original,val,little-shop-of-horrors,library,bw-horror,original,3.0,2311.518,False,True,True,0.232,True,True,0.232,True,True,0.009
little-shop-of-horrors-032-compression,val,little-shop-of-horrors,library,bw-horror,compression,3.0,2311.518,False,True,True,0.232,True,True,0.232,True,True,0.009
little-shop-of-horrors-032-downscale,val,little-shop-of-horrors,library,bw-horror,downscale,3.0,2311.518,False,True,True,0.232,True,True,0.232,True,True,0.009
little-shop-of-horrors-032-crop,val,little-shop-of-horrors,library,bw-horror,crop,3.0,2311.518,False,True,True,0.732,True,True,0.732,True,True,0.158
little-shop-of-horrors-032-letterbox,val,little-shop-of-horrors,library,bw-horror,letterbox,3.0,2311.518,False,True,True,0.232,False,True,0.232,True,True,1.159
little-shop-of-horrors-032-mirror,val,little-shop-of-horrors,library,bw-horror,mirror,3.0,2311.518,False,True,True,0.232,True,True,0.232,True,True,0.009
little-shop-of-horrors-032-color,val,little-shop-of-horrors,library,bw-horror,color,3.0,2311.518,False,True,True,0.232,True,True,0.232,True,True,0.009
little-shop-of-horrors-032-overlay,val,little-shop-of-horrors,library,bw-horror,overlay,3.0,2311.518,False,False,True,0.232,False,True,0.232,True,True,0.009
little-shop-of-horrors-032-speed,val,little-shop-of-horrors,library,bw-horror,speed,3.0,2311.518,False,True,True,0.732,True,True,0.732,True,True,0.492
little-shop-of-horrors-032-screen_recording,val,little-shop-of-horrors,library,bw-horror,screen_recording,3.0,2311.518,False,True,True,0.232,True,True,0.232,True,True,0.009
little-shop-of-horrors-033-original,val,little-shop-of-horrors,library,bw-horror,original,3.0,2362.666,False,False,True,0.084,False,True,0.084,True,True,0.028
little-shop-of-horrors-033-compression,val,little-shop-of-horrors,library,bw-horror,compression,3.0,2362.666,False,False,True,0.084,False,True,0.084,True,True,0.028
little-shop-of-horrors-033-downscale,val,little-shop-of-horrors,library,bw-horror,downscale,3.0,2362.666,False,False,True,0.084,False,True,0.084,True,True,0.028
little-shop-of-horrors-033-crop,val,little-shop-of-horrors,library,bw-horror,crop,3.0,2362.666,False,False,True,0.084,False,True,0.084,False,True,0.028
little-shop-of-horrors-033-letterbox,val,little-shop-of-horrors,library,bw-horror,letterbox,3.0,2362.666,False,False,True,0.084,False,True,0.084,False,True,0.028
little-shop-of-horrors-033-mirror,val,little-shop-of-horrors,library,bw-horror,mirror,3.0,2362.666,False,False,False,1477.584,False,False,1477.584,False,False,1469.863
little-shop-of-horrors-033-color,val,little-shop-of-horrors,library,bw-horror,color,3.0,2362.666,False,False,True,0.084,False,True,0.084,True,True,0.028
little-shop-of-horrors-033-overlay,val,little-shop-of-horrors,library,bw-horror,overlay,3.0,2362.666,False,False,True,0.084,False,True,0.084,False,True,0.028
little-shop-of-horrors-033-speed,val,little-shop-of-horrors,library,bw-horror,speed,3.0,2362.666,False,False,True,0.084,False,True,0.084,True,True,0.194
little-shop-of-horrors-033-screen_recording,val,little-shop-of-horrors,library,bw-horror,screen_recording,3.0,2362.666,False,False,True,0.084,False,True,0.084,True,True,0.028
little-shop-of-horrors-034-original,val,little-shop-of-horrors,library,bw-horror,original,3.0,2466.351,False,True,True,0.899,True,True,0.899,True,True,0.013
little-shop-of-horrors-034-compression,val,little-shop-of-horrors,library,bw-horror,compression,3.0,2466.351,False,True,True,0.101,True,True,0.101,True,True,0.013
little-shop-of-horrors-034-downscale,val,little-shop-of-horrors,library,bw-horror,downscale,3.0,2466.351,False,True,True,0.899,True,True,0.899,True,True,0.013
little-shop-of-horrors-034-crop,val,little-shop-of-horrors,library,bw-horror,crop,3.0,2466.351,False,True,True,0.101,False,True,0.101,False,True,0.154
little-shop-of-horrors-034-letterbox,val,little-shop-of-horrors,library,bw-horror,letterbox,3.0,2466.351,False,True,True,1.399,True,True,1.399,True,True,1.314
little-shop-of-horrors-034-mirror,val,little-shop-of-horrors,library,bw-horror,mirror,3.0,2466.351,False,True,True,0.899,True,True,0.899,True,True,0.013
little-shop-of-horrors-034-color,val,little-shop-of-horrors,library,bw-horror,color,3.0,2466.351,False,True,True,0.899,True,True,0.899,True,True,0.013
little-shop-of-horrors-034-overlay,val,little-shop-of-horrors,library,bw-horror,overlay,3.0,2466.351,False,False,True,0.899,False,True,0.899,True,True,0.013
little-shop-of-horrors-034-speed,val,little-shop-of-horrors,library,bw-horror,speed,3.0,2466.351,False,True,True,0.101,True,True,0.101,True,True,0.347
little-shop-of-horrors-034-screen_recording,val,little-shop-of-horrors,library,bw-horror,screen_recording,3.0,2466.351,False,True,True,0.101,True,True,0.101,True,True,0.013
little-shop-of-horrors-035-original,test,little-shop-of-horrors,library,bw-horror,original,10.0,2496.406,False,True,True,0.156,True,True,0.156,True,True,0.046
little-shop-of-horrors-035-compression,test,little-shop-of-horrors,library,bw-horror,compression,10.0,2496.406,False,True,True,0.156,True,True,0.156,True,True,0.046
little-shop-of-horrors-035-downscale,test,little-shop-of-horrors,library,bw-horror,downscale,10.0,2496.406,False,True,True,0.156,True,True,0.156,True,True,0.045
little-shop-of-horrors-035-crop,test,little-shop-of-horrors,library,bw-horror,crop,10.0,2496.406,False,True,True,0.344,False,True,0.344,False,True,0.121
little-shop-of-horrors-035-letterbox,test,little-shop-of-horrors,library,bw-horror,letterbox,10.0,2496.406,False,True,True,0.156,True,True,0.156,True,True,0.079
little-shop-of-horrors-035-mirror,test,little-shop-of-horrors,library,bw-horror,mirror,10.0,2496.406,False,True,True,0.156,True,True,0.156,True,True,0.046
little-shop-of-horrors-035-color,test,little-shop-of-horrors,library,bw-horror,color,10.0,2496.406,False,True,True,0.156,True,True,0.156,True,True,0.046
little-shop-of-horrors-035-overlay,test,little-shop-of-horrors,library,bw-horror,overlay,10.0,2496.406,False,False,True,0.156,False,True,0.156,True,True,0.046
little-shop-of-horrors-035-speed,test,little-shop-of-horrors,library,bw-horror,speed,10.0,2496.406,False,True,True,1.844,True,True,1.844,True,True,2.09
little-shop-of-horrors-035-screen_recording,test,little-shop-of-horrors,library,bw-horror,screen_recording,10.0,2496.406,False,True,True,0.156,True,True,0.156,True,True,0.088
little-shop-of-horrors-036-original,test,little-shop-of-horrors,library,bw-horror,original,10.0,2549.262,False,True,True,0.012,True,True,0.012,True,True,0.082
little-shop-of-horrors-036-compression,test,little-shop-of-horrors,library,bw-horror,compression,10.0,2549.262,False,False,True,0.012,False,True,0.012,True,True,0.082
little-shop-of-horrors-036-downscale,test,little-shop-of-horrors,library,bw-horror,downscale,10.0,2549.262,False,True,True,0.012,True,True,0.012,True,True,0.082
little-shop-of-horrors-036-crop,test,little-shop-of-horrors,library,bw-horror,crop,10.0,2549.262,False,False,True,0.012,False,True,0.012,False,True,0.082
little-shop-of-horrors-036-letterbox,test,little-shop-of-horrors,library,bw-horror,letterbox,10.0,2549.262,False,False,True,0.012,False,True,0.012,True,True,0.082
little-shop-of-horrors-036-mirror,test,little-shop-of-horrors,library,bw-horror,mirror,10.0,2549.262,False,True,True,0.012,True,True,0.012,True,True,0.085
little-shop-of-horrors-036-color,test,little-shop-of-horrors,library,bw-horror,color,10.0,2549.262,False,False,True,0.012,False,True,0.012,True,True,0.085
little-shop-of-horrors-036-overlay,test,little-shop-of-horrors,library,bw-horror,overlay,10.0,2549.262,False,False,True,0.012,False,True,0.012,False,True,0.082
little-shop-of-horrors-036-speed,test,little-shop-of-horrors,library,bw-horror,speed,10.0,2549.262,False,True,True,0.488,True,True,0.488,True,True,0.919
little-shop-of-horrors-036-screen_recording,test,little-shop-of-horrors,library,bw-horror,screen_recording,10.0,2549.262,False,False,True,0.012,False,True,0.012,True,True,0.082
little-shop-of-horrors-037-original,val,little-shop-of-horrors,library,bw-horror,original,10.0,2623.681,False,True,True,0.069,True,True,0.069,True,True,0.007
little-shop-of-horrors-037-compression,val,little-shop-of-horrors,library,bw-horror,compression,10.0,2623.681,False,True,True,0.069,True,True,0.069,True,True,0.007
little-shop-of-horrors-037-downscale,val,little-shop-of-horrors,library,bw-horror,downscale,10.0,2623.681,False,True,True,0.069,True,True,0.069,True,True,0.007
little-shop-of-horrors-037-crop,val,little-shop-of-horrors,library,bw-horror,crop,10.0,2623.681,False,True,True,0.069,True,True,0.069,False,True,0.16
little-shop-of-horrors-037-letterbox,val,little-shop-of-horrors,library,bw-horror,letterbox,10.0,2623.681,False,True,True,0.069,True,True,0.069,True,True,0.007
little-shop-of-horrors-037-mirror,val,little-shop-of-horrors,library,bw-horror,mirror,10.0,2623.681,False,True,True,0.069,True,True,0.069,True,True,0.007
little-shop-of-horrors-037-color,val,little-shop-of-horrors,library,bw-horror,color,10.0,2623.681,False,True,True,0.069,True,True,0.069,True,True,0.007
little-shop-of-horrors-037-overlay,val,little-shop-of-horrors,library,bw-horror,overlay,10.0,2623.681,False,False,True,0.069,False,True,0.069,True,True,0.007
little-shop-of-horrors-037-speed,val,little-shop-of-horrors,library,bw-horror,speed,10.0,2623.681,False,True,True,1.069,True,True,1.069,True,True,1.341
little-shop-of-horrors-037-screen_recording,val,little-shop-of-horrors,library,bw-horror,screen_recording,10.0,2623.681,False,True,True,0.069,True,True,0.069,True,True,0.007
little-shop-of-horrors-038-original,test,little-shop-of-horrors,library,bw-horror,original,3.0,2693.235,False,True,True,0.015,True,True,0.015,True,True,0.045
little-shop-of-horrors-038-compression,test,little-shop-of-horrors,library,bw-horror,compression,3.0,2693.235,False,True,True,0.015,True,True,0.015,True,True,0.211
little-shop-of-horrors-038-downscale,test,little-shop-of-horrors,library,bw-horror,downscale,3.0,2693.235,False,True,True,0.015,True,True,0.015,True,True,0.044
little-shop-of-horrors-038-crop,test,little-shop-of-horrors,library,bw-horror,crop,3.0,2693.235,False,True,True,74.515,True,True,74.515,False,True,75.097
little-shop-of-horrors-038-letterbox,test,little-shop-of-horrors,library,bw-horror,letterbox,3.0,2693.235,False,True,True,66.015,True,True,66.015,False,True,65.955
little-shop-of-horrors-038-mirror,test,little-shop-of-horrors,library,bw-horror,mirror,3.0,2693.235,False,True,True,0.015,True,True,0.015,True,True,0.122
little-shop-of-horrors-038-color,test,little-shop-of-horrors,library,bw-horror,color,3.0,2693.235,False,True,True,0.015,True,True,0.015,True,True,0.211
little-shop-of-horrors-038-overlay,test,little-shop-of-horrors,library,bw-horror,overlay,3.0,2693.235,False,False,True,0.015,False,True,0.015,False,True,0.045
little-shop-of-horrors-038-speed,test,little-shop-of-horrors,library,bw-horror,speed,3.0,2693.235,False,True,True,0.515,True,True,0.515,True,True,0.289
little-shop-of-horrors-038-screen_recording,test,little-shop-of-horrors,library,bw-horror,screen_recording,3.0,2693.235,False,True,True,0.015,True,True,0.015,True,True,0.122
little-shop-of-horrors-039-original,test,little-shop-of-horrors,library,bw-horror,original,5.0,2763.969,False,True,True,0.219,True,True,0.219,True,True,0.059
little-shop-of-horrors-039-compression,test,little-shop-of-horrors,library,bw-horror,compression,5.0,2763.969,False,True,True,0.219,True,True,0.219,True,True,0.108
little-shop-of-horrors-039-downscale,test,little-shop-of-horrors,library,bw-horror,downscale,5.0,2763.969,False,True,True,0.219,True,True,0.219,True,True,0.108
little-shop-of-horrors-039-crop,test,little-shop-of-horrors,library,bw-horror,crop,5.0,2763.969,False,True,True,0.281,True,True,0.281,False,True,0.059
little-shop-of-horrors-039-letterbox,test,little-shop-of-horrors,library,bw-horror,letterbox,5.0,2763.969,False,True,True,0.219,True,True,0.219,True,True,0.442
little-shop-of-horrors-039-mirror,test,little-shop-of-horrors,library,bw-horror,mirror,5.0,2763.969,False,True,True,0.281,True,True,0.281,True,True,0.059
little-shop-of-horrors-039-color,test,little-shop-of-horrors,library,bw-horror,color,5.0,2763.969,False,True,True,0.219,True,True,0.219,True,True,0.108
little-shop-of-horrors-039-overlay,test,little-shop-of-horrors,library,bw-horror,overlay,5.0,2763.969,False,False,True,0.281,False,True,0.281,False,True,0.108
little-shop-of-horrors-039-speed,test,little-shop-of-horrors,library,bw-horror,speed,5.0,2763.969,False,True,True,0.281,True,True,0.281,True,True,0.393
little-shop-of-horrors-039-screen_recording,test,little-shop-of-horrors,library,bw-horror,screen_recording,5.0,2763.969,False,True,True,0.281,True,True,0.281,False,True,0.059
little-shop-of-horrors-040-original,test,little-shop-of-horrors,library,bw-horror,original,3.0,2813.71,False,True,True,0.04,True,True,0.04,True,True,0.032
little-shop-of-horrors-040-compression,test,little-shop-of-horrors,library,bw-horror,compression,3.0,2813.71,False,True,True,0.46,True,True,0.46,True,True,0.032
little-shop-of-horrors-040-downscale,test,little-shop-of-horrors,library,bw-horror,downscale,3.0,2813.71,False,True,True,0.04,True,True,0.04,True,True,0.032
little-shop-of-horrors-040-crop,test,little-shop-of-horrors,library,bw-horror,crop,3.0,2813.71,False,True,True,0.04,True,True,0.04,True,True,0.032
little-shop-of-horrors-040-letterbox,test,little-shop-of-horrors,library,bw-horror,letterbox,3.0,2813.71,False,True,True,0.04,True,True,0.04,True,True,0.199
little-shop-of-horrors-040-mirror,test,little-shop-of-horrors,library,bw-horror,mirror,3.0,2813.71,False,True,True,0.04,True,True,0.04,True,True,0.032
little-shop-of-horrors-040-color,test,little-shop-of-horrors,library,bw-horror,color,3.0,2813.71,False,True,True,0.04,True,True,0.04,True,True,0.199
little-shop-of-horrors-040-overlay,test,little-shop-of-horrors,library,bw-horror,overlay,3.0,2813.71,False,False,True,0.46,False,True,0.46,True,True,0.032
little-shop-of-horrors-040-speed,test,little-shop-of-horrors,library,bw-horror,speed,3.0,2813.71,False,True,True,0.54,True,True,0.54,True,True,0.134
little-shop-of-horrors-040-screen_recording,test,little-shop-of-horrors,library,bw-horror,screen_recording,3.0,2813.71,False,True,True,0.46,True,True,0.46,True,True,0.032
little-shop-of-horrors-041-original,test,little-shop-of-horrors,library,bw-horror,original,3.0,2854.011,False,True,True,0.239,True,True,0.239,True,True,0.007
little-shop-of-horrors-041-compression,test,little-shop-of-horrors,library,bw-horror,compression,3.0,2854.011,False,True,True,0.261,True,True,0.261,True,True,0.007
little-shop-of-horrors-041-downscale,test,little-shop-of-horrors,library,bw-horror,downscale,3.0,2854.011,False,True,True,0.239,True,True,0.239,True,True,0.007
little-shop-of-horrors-041-crop,test,little-shop-of-horrors,library,bw-horror,crop,3.0,2854.011,False,True,True,197.739,True,True,197.739,False,True,197.838
little-shop-of-horrors-041-letterbox,test,little-shop-of-horrors,library,bw-horror,letterbox,3.0,2854.011,False,True,True,0.239,True,True,0.239,True,True,0.007
little-shop-of-horrors-041-mirror,test,little-shop-of-horrors,library,bw-horror,mirror,3.0,2854.011,False,True,True,0.261,True,True,0.261,True,True,0.007
little-shop-of-horrors-041-color,test,little-shop-of-horrors,library,bw-horror,color,3.0,2854.011,False,True,True,0.239,True,True,0.239,True,True,0.007
little-shop-of-horrors-041-overlay,test,little-shop-of-horrors,library,bw-horror,overlay,3.0,2854.011,False,False,True,0.239,False,True,0.239,True,True,0.007
little-shop-of-horrors-041-speed,test,little-shop-of-horrors,library,bw-horror,speed,3.0,2854.011,False,True,True,0.739,True,True,0.739,True,True,0.174
little-shop-of-horrors-041-screen_recording,test,little-shop-of-horrors,library,bw-horror,screen_recording,3.0,2854.011,False,True,True,0.239,True,True,0.239,True,True,0.174
little-shop-of-horrors-042-original,val,little-shop-of-horrors,library,bw-horror,original,3.0,2941.246,False,True,True,0.504,True,True,0.504,True,True,0.092
little-shop-of-horrors-042-compression,val,little-shop-of-horrors,library,bw-horror,compression,3.0,2941.246,False,True,True,0.504,True,True,0.504,True,True,0.092
little-shop-of-horrors-042-downscale,val,little-shop-of-horrors,library,bw-horror,downscale,3.0,2941.246,False,True,True,0.504,True,True,0.504,True,True,0.074
little-shop-of-horrors-042-crop,val,little-shop-of-horrors,library,bw-horror,crop,3.0,2941.246,False,True,True,0.504,True,True,0.504,True,True,0.241
little-shop-of-horrors-042-letterbox,val,little-shop-of-horrors,library,bw-horror,letterbox,3.0,2941.246,False,True,True,0.504,True,True,0.504,True,True,0.241
little-shop-of-horrors-042-mirror,val,little-shop-of-horrors,library,bw-horror,mirror,3.0,2941.246,False,True,True,0.504,True,True,0.504,True,True,0.241
little-shop-of-horrors-042-color,val,little-shop-of-horrors,library,bw-horror,color,3.0,2941.246,False,True,True,0.504,True,True,0.504,True,True,0.075
little-shop-of-horrors-042-overlay,val,little-shop-of-horrors,library,bw-horror,overlay,3.0,2941.246,False,False,True,0.504,False,True,0.504,True,True,0.093
little-shop-of-horrors-042-speed,val,little-shop-of-horrors,library,bw-horror,speed,3.0,2941.246,False,True,True,0.504,True,True,0.504,True,True,0.426
little-shop-of-horrors-042-screen_recording,val,little-shop-of-horrors,library,bw-horror,screen_recording,3.0,2941.246,False,True,True,0.504,True,True,0.504,True,True,0.927
little-shop-of-horrors-043-original,test,little-shop-of-horrors,library,bw-horror,original,10.0,3006.875,False,True,True,0.125,True,True,0.125,True,True,0.129
little-shop-of-horrors-043-compression,test,little-shop-of-horrors,library,bw-horror,compression,10.0,3006.875,False,True,True,0.125,True,True,0.125,False,True,0.129
little-shop-of-horrors-043-downscale,test,little-shop-of-horrors,library,bw-horror,downscale,10.0,3006.875,False,True,True,0.375,True,True,0.375,True,True,0.129
little-shop-of-horrors-043-crop,test,little-shop-of-horrors,library,bw-horror,crop,10.0,3006.875,False,True,True,73.625,True,True,73.625,False,True,73.044
little-shop-of-horrors-043-letterbox,test,little-shop-of-horrors,library,bw-horror,letterbox,10.0,3006.875,False,True,True,0.125,True,True,0.125,False,True,0.129
little-shop-of-horrors-043-mirror,test,little-shop-of-horrors,library,bw-horror,mirror,10.0,3006.875,False,True,True,0.125,True,True,0.125,True,True,0.038
little-shop-of-horrors-043-color,test,little-shop-of-horrors,library,bw-horror,color,10.0,3006.875,False,True,True,0.125,True,True,0.125,True,True,0.129
little-shop-of-horrors-043-overlay,test,little-shop-of-horrors,library,bw-horror,overlay,10.0,3006.875,False,False,True,0.125,False,True,0.125,False,True,0.038
little-shop-of-horrors-043-speed,test,little-shop-of-horrors,library,bw-horror,speed,10.0,3006.875,False,True,True,1.375,True,True,1.375,False,True,1.63
little-shop-of-horrors-043-screen_recording,test,little-shop-of-horrors,library,bw-horror,screen_recording,10.0,3006.875,False,True,True,0.125,True,True,0.125,False,True,0.205
little-shop-of-horrors-044-original,test,little-shop-of-horrors,library,bw-horror,original,3.0,3043.283,False,True,True,0.033,True,True,0.033,True,True,0.057
little-shop-of-horrors-044-compression,test,little-shop-of-horrors,library,bw-horror,compression,3.0,3043.283,False,True,True,0.033,True,True,0.033,True,True,0.057
little-shop-of-horrors-044-downscale,test,little-shop-of-horrors,library,bw-horror,downscale,3.0,3043.283,False,True,True,0.033,True,True,0.033,True,True,0.057
little-shop-of-horrors-044-crop,test,little-shop-of-horrors,library,bw-horror,crop,3.0,3043.283,False,True,True,0.033,True,True,0.033,True,True,0.11
little-shop-of-horrors-044-letterbox,test,little-shop-of-horrors,library,bw-horror,letterbox,3.0,3043.283,False,True,True,0.033,True,True,0.033,True,True,0.057
little-shop-of-horrors-044-mirror,test,little-shop-of-horrors,library,bw-horror,mirror,3.0,3043.283,False,True,True,0.033,True,True,0.033,True,True,0.057
little-shop-of-horrors-044-color,test,little-shop-of-horrors,library,bw-horror,color,3.0,3043.283,False,True,True,0.033,True,True,0.033,True,True,0.057
little-shop-of-horrors-044-overlay,test,little-shop-of-horrors,library,bw-horror,overlay,3.0,3043.283,False,False,True,0.033,False,True,0.033,True,True,0.11
little-shop-of-horrors-044-speed,test,little-shop-of-horrors,library,bw-horror,speed,3.0,3043.283,False,True,True,0.033,True,True,0.033,True,True,0.224
little-shop-of-horrors-044-screen_recording,test,little-shop-of-horrors,library,bw-horror,screen_recording,3.0,3043.283,False,True,True,0.033,True,True,0.033,True,True,0.276
little-shop-of-horrors-045-original,val,little-shop-of-horrors,library,bw-horror,original,10.0,3095.03,False,True,True,0.22,True,True,0.22,True,True,0.005
little-shop-of-horrors-045-compression,val,little-shop-of-horrors,library,bw-horror,compression,10.0,3095.03,False,True,True,0.22,True,True,0.22,True,True,0.172
little-shop-of-horrors-045-downscale,val,little-shop-of-horrors,library,bw-horror,downscale,10.0,3095.03,False,True,True,0.22,True,True,0.22,True,True,0.005
little-shop-of-horrors-045-crop,val,little-shop-of-horrors,library,bw-horror,crop,10.0,3095.03,False,True,True,0.22,True,True,0.22,True,True,0.296
little-shop-of-horrors-045-letterbox,val,little-shop-of-horrors,library,bw-horror,letterbox,10.0,3095.03,False,True,True,0.22,True,True,0.22,True,True,0.005
little-shop-of-horrors-045-mirror,val,little-shop-of-horrors,library,bw-horror,mirror,10.0,3095.03,False,True,True,0.22,True,True,0.22,True,True,0.005
little-shop-of-horrors-045-color,val,little-shop-of-horrors,library,bw-horror,color,10.0,3095.03,False,True,True,0.22,True,True,0.22,True,True,0.005
little-shop-of-horrors-045-overlay,val,little-shop-of-horrors,library,bw-horror,overlay,10.0,3095.03,False,False,True,0.22,False,True,0.22,False,True,0.005
little-shop-of-horrors-045-speed,val,little-shop-of-horrors,library,bw-horror,speed,10.0,3095.03,False,True,True,0.72,True,True,0.72,False,True,1.497
little-shop-of-horrors-045-screen_recording,val,little-shop-of-horrors,library,bw-horror,screen_recording,10.0,3095.03,False,True,True,0.22,True,True,0.22,False,True,0.005
little-shop-of-horrors-046-original,test,little-shop-of-horrors,library,bw-horror,original,5.0,3152.786,False,True,True,0.036,True,True,0.036,True,True,0.064
little-shop-of-horrors-046-compression,test,little-shop-of-horrors,library,bw-horror,compression,5.0,3152.786,False,True,True,0.036,True,True,0.036,True,True,0.064
little-shop-of-horrors-046-downscale,test,little-shop-of-horrors,library,bw-horror,downscale,5.0,3152.786,False,True,True,0.036,True,True,0.036,True,True,0.064
little-shop-of-horrors-046-crop,test,little-shop-of-horrors,library,bw-horror,crop,5.0,3152.786,False,True,True,0.036,True,True,0.036,True,True,0.103
little-shop-of-horrors-046-letterbox,test,little-shop-of-horrors,library,bw-horror,letterbox,5.0,3152.786,False,True,True,0.036,True,True,0.036,True,True,0.064
little-shop-of-horrors-046-mirror,test,little-shop-of-horrors,library,bw-horror,mirror,5.0,3152.786,False,True,True,0.036,False,True,0.036,False,True,0.103
little-shop-of-horrors-046-color,test,little-shop-of-horrors,library,bw-horror,color,5.0,3152.786,False,True,True,0.036,True,True,0.036,True,True,0.064
little-shop-of-horrors-046-overlay,test,little-shop-of-horrors,library,bw-horror,overlay,5.0,3152.786,False,False,True,0.036,False,True,0.036,True,True,0.064
little-shop-of-horrors-046-speed,test,little-shop-of-horrors,library,bw-horror,speed,5.0,3152.786,False,True,True,0.964,True,True,0.964,True,True,0.564
little-shop-of-horrors-046-screen_recording,test,little-shop-of-horrors,library,bw-horror,screen_recording,5.0,3152.786,False,True,True,0.036,True,True,0.036,True,True,0.064
little-shop-of-horrors-047-original,val,little-shop-of-horrors,library,bw-horror,original,10.0,3211.786,False,True,True,0.036,True,True,0.036,True,True,0.111
little-shop-of-horrors-047-compression,val,little-shop-of-horrors,library,bw-horror,compression,10.0,3211.786,False,True,True,0.036,True,True,0.036,True,True,0.056
little-shop-of-horrors-047-downscale,val,little-shop-of-horrors,library,bw-horror,downscale,10.0,3211.786,False,True,True,0.036,True,True,0.036,True,True,0.056
little-shop-of-horrors-047-crop,val,little-shop-of-horrors,library,bw-horror,crop,10.0,3211.786,False,True,True,0.464,True,True,0.464,True,True,0.056
little-shop-of-horrors-047-letterbox,val,little-shop-of-horrors,library,bw-horror,letterbox,10.0,3211.786,False,True,True,0.036,True,True,0.036,True,True,0.111
little-shop-of-horrors-047-mirror,val,little-shop-of-horrors,library,bw-horror,mirror,10.0,3211.786,False,True,True,0.036,True,True,0.036,True,True,0.111
little-shop-of-horrors-047-color,val,little-shop-of-horrors,library,bw-horror,color,10.0,3211.786,False,False,True,0.036,False,True,0.036,True,True,0.056
little-shop-of-horrors-047-overlay,val,little-shop-of-horrors,library,bw-horror,overlay,10.0,3211.786,False,False,True,0.036,False,True,0.036,True,True,0.056
little-shop-of-horrors-047-speed,val,little-shop-of-horrors,library,bw-horror,speed,10.0,3211.786,False,True,True,0.964,True,True,0.964,True,True,1.391
little-shop-of-horrors-047-screen_recording,val,little-shop-of-horrors,library,bw-horror,screen_recording,10.0,3211.786,False,True,True,0.036,True,True,0.036,True,True,0.111
little-shop-of-horrors-048-original,test,little-shop-of-horrors,library,bw-horror,original,5.0,3295.537,False,True,True,0.213,True,True,0.213,True,True,0.011
little-shop-of-horrors-048-compression,test,little-shop-of-horrors,library,bw-horror,compression,5.0,3295.537,False,True,True,0.213,True,True,0.213,True,True,0.178
little-shop-of-horrors-048-downscale,test,little-shop-of-horrors,library,bw-horror,downscale,5.0,3295.537,False,True,True,0.213,True,True,0.213,True,True,0.178
little-shop-of-horrors-048-crop,test,little-shop-of-horrors,library,bw-horror,crop,5.0,3295.537,False,True,True,0.213,True,True,0.213,True,True,0.011
little-shop-of-horrors-048-letterbox,test,little-shop-of-horrors,library,bw-horror,letterbox,5.0,3295.537,False,True,True,0.287,True,True,0.287,True,True,0.011
little-shop-of-horrors-048-mirror,test,little-shop-of-horrors,library,bw-horror,mirror,5.0,3295.537,False,True,True,0.213,True,True,0.213,True,True,0.011
little-shop-of-horrors-048-color,test,little-shop-of-horrors,library,bw-horror,color,5.0,3295.537,False,True,True,0.213,True,True,0.213,True,True,0.011
little-shop-of-horrors-048-overlay,test,little-shop-of-horrors,library,bw-horror,overlay,5.0,3295.537,False,False,True,0.213,False,True,0.213,True,True,0.011
little-shop-of-horrors-048-speed,test,little-shop-of-horrors,library,bw-horror,speed,5.0,3295.537,False,True,True,0.713,True,True,0.713,True,True,0.489
little-shop-of-horrors-048-screen_recording,test,little-shop-of-horrors,library,bw-horror,screen_recording,5.0,3295.537,False,True,True,0.287,True,True,0.287,True,True,0.011
little-shop-of-horrors-049-original,val,little-shop-of-horrors,library,bw-horror,original,5.0,3345.784,False,True,True,0.034,True,True,0.034,True,True,0.108
little-shop-of-horrors-049-compression,val,little-shop-of-horrors,library,bw-horror,compression,5.0,3345.784,False,True,True,0.034,True,True,0.034,True,True,0.275
little-shop-of-horrors-049-downscale,val,little-shop-of-horrors,library,bw-horror,downscale,5.0,3345.784,False,True,True,0.034,True,True,0.034,True,True,0.058
little-shop-of-horrors-049-crop,val,little-shop-of-horrors,library,bw-horror,crop,5.0,3345.784,False,True,True,0.034,True,True,0.034,False,True,0.059
little-shop-of-horrors-049-letterbox,val,little-shop-of-horrors,library,bw-horror,letterbox,5.0,3345.784,False,True,True,13.966,True,True,13.966,False,True,12.905
little-shop-of-horrors-049-mirror,val,little-shop-of-horrors,library,bw-horror,mirror,5.0,3345.784,False,True,True,0.034,True,True,0.034,True,True,0.059
little-shop-of-horrors-049-color,val,little-shop-of-horrors,library,bw-horror,color,5.0,3345.784,False,True,True,0.034,True,True,0.034,True,True,0.058
little-shop-of-horrors-049-overlay,val,little-shop-of-horrors,library,bw-horror,overlay,5.0,3345.784,False,False,True,0.034,False,True,0.034,True,True,0.058
little-shop-of-horrors-049-speed,val,little-shop-of-horrors,library,bw-horror,speed,5.0,3345.784,False,True,True,0.466,True,True,0.466,True,True,0.559
little-shop-of-horrors-049-screen_recording,val,little-shop-of-horrors,library,bw-horror,screen_recording,5.0,3345.784,False,True,True,0.034,True,True,0.034,True,True,0.108
little-shop-of-horrors-050-original,val,little-shop-of-horrors,library,bw-horror,original,3.0,3406.49,False,True,True,0.26,True,True,0.26,True,True,0.013
little-shop-of-horrors-050-compression,val,little-shop-of-horrors,library,bw-horror,compression,3.0,3406.49,False,True,True,0.26,True,True,0.26,True,True,0.013
little-shop-of-horrors-050-downscale,val,little-shop-of-horrors,library,bw-horror,downscale,3.0,3406.49,False,True,True,0.26,True,True,0.26,True,True,0.013
little-shop-of-horrors-050-crop,val,little-shop-of-horrors,library,bw-horror,crop,3.0,3406.49,False,True,True,0.26,True,True,0.26,True,True,0.18
little-shop-of-horrors-050-letterbox,val,little-shop-of-horrors,library,bw-horror,letterbox,3.0,3406.49,False,True,True,9.74,True,True,9.74,False,True,0.18
little-shop-of-horrors-050-mirror,val,little-shop-of-horrors,library,bw-horror,mirror,3.0,3406.49,False,True,True,0.26,True,True,0.26,True,True,0.013
little-shop-of-horrors-050-color,val,little-shop-of-horrors,library,bw-horror,color,3.0,3406.49,False,True,True,0.26,True,True,0.26,True,True,0.013
little-shop-of-horrors-050-overlay,val,little-shop-of-horrors,library,bw-horror,overlay,3.0,3406.49,False,False,True,0.26,False,True,0.26,True,True,0.013
little-shop-of-horrors-050-speed,val,little-shop-of-horrors,library,bw-horror,speed,3.0,3406.49,False,True,True,0.76,True,True,0.76,True,True,0.347
little-shop-of-horrors-050-screen_recording,val,little-shop-of-horrors,library,bw-horror,screen_recording,3.0,3406.49,False,True,True,0.26,True,True,0.26,True,True,0.013
little-shop-of-horrors-051-original,test,little-shop-of-horrors,library,bw-horror,original,10.0,3491.032,False,True,True,0.282,True,True,0.282,True,True,0.011
little-shop-of-horrors-051-compression,test,little-shop-of-horrors,library,bw-horror,compression,10.0,3491.032,False,True,True,0.282,True,True,0.282,True,True,0.178
little-shop-of-horrors-051-downscale,test,little-shop-of-horrors,library,bw-horror,downscale,10.0,3491.032,False,True,True,0.218,True,True,0.218,True,True,0.011
little-shop-of-horrors-051-crop,test,little-shop-of-horrors,library,bw-horror,crop,10.0,3491.032,False,True,True,0.218,True,True,0.218,True,True,0.011
little-shop-of-horrors-051-letterbox,test,little-shop-of-horrors,library,bw-horror,letterbox,10.0,3491.032,False,True,True,0.282,True,True,0.282,True,True,0.178
little-shop-of-horrors-051-mirror,test,little-shop-of-horrors,library,bw-horror,mirror,10.0,3491.032,False,True,True,0.218,True,True,0.218,True,True,0.011
little-shop-of-horrors-051-color,test,little-shop-of-horrors,library,bw-horror,color,10.0,3491.032,False,True,True,0.218,True,True,0.218,True,True,0.011
little-shop-of-horrors-051-overlay,test,little-shop-of-horrors,library,bw-horror,overlay,10.0,3491.032,False,False,True,0.218,False,True,0.218,True,True,0.011
little-shop-of-horrors-051-speed,test,little-shop-of-horrors,library,bw-horror,speed,10.0,3491.032,False,True,True,0.718,True,True,0.718,True,True,0.656
little-shop-of-horrors-051-screen_recording,test,little-shop-of-horrors,library,bw-horror,screen_recording,10.0,3491.032,False,True,True,0.282,True,True,0.282,True,True,0.178
little-shop-of-horrors-052-original,test,little-shop-of-horrors,library,bw-horror,original,3.0,3535.572,False,False,True,0.322,False,True,0.322,True,True,0.04
little-shop-of-horrors-052-compression,test,little-shop-of-horrors,library,bw-horror,compression,3.0,3535.572,False,False,True,0.678,False,True,0.678,False,True,0.26
little-shop-of-horrors-052-downscale,test,little-shop-of-horrors,library,bw-horror,downscale,3.0,3535.572,False,False,True,0.178,False,True,0.178,True,True,0.094
little-shop-of-horrors-052-crop,test,little-shop-of-horrors,library,bw-horror,crop,3.0,3535.572,False,False,True,0.322,False,True,0.322,False,True,0.407
little-shop-of-horrors-052-letterbox,test,little-shop-of-horrors,library,bw-horror,letterbox,3.0,3535.572,False,False,True,0.178,False,True,0.178,True,True,0.073
little-shop-of-horrors-052-mirror,test,little-shop-of-horrors,library,bw-horror,mirror,3.0,3535.572,False,False,True,0.322,False,True,0.322,True,True,0.094
little-shop-of-horrors-052-color,test,little-shop-of-horrors,library,bw-horror,color,3.0,3535.572,False,False,True,0.178,False,True,0.178,False,True,0.073
little-shop-of-horrors-052-overlay,test,little-shop-of-horrors,library,bw-horror,overlay,3.0,3535.572,False,False,True,0.178,False,True,0.178,False,True,0.073
little-shop-of-horrors-052-speed,test,little-shop-of-horrors,library,bw-horror,speed,3.0,3535.572,False,False,True,0.178,False,True,0.178,True,True,0.26
little-shop-of-horrors-052-screen_recording,test,little-shop-of-horrors,library,bw-horror,screen_recording,3.0,3535.572,False,False,True,0.178,False,True,0.178,False,True,0.094
little-shop-of-horrors-053-original,test,little-shop-of-horrors,library,bw-horror,original,3.0,3595.753,False,True,True,0.003,True,True,0.003,True,True,0.44
little-shop-of-horrors-053-compression,test,little-shop-of-horrors,library,bw-horror,compression,3.0,3595.753,False,True,True,378.003,True,True,378.003,False,True,377.905
little-shop-of-horrors-053-downscale,test,little-shop-of-horrors,library,bw-horror,downscale,3.0,3595.753,False,True,True,1.997,True,True,1.997,True,True,2.275
little-shop-of-horrors-053-crop,test,little-shop-of-horrors,library,bw-horror,crop,3.0,3595.753,False,True,True,0.003,True,True,0.003,True,True,0.395
little-shop-of-horrors-053-letterbox,test,little-shop-of-horrors,library,bw-horror,letterbox,3.0,3595.753,False,True,True,5.503,True,True,5.503,True,True,2.275
little-shop-of-horrors-053-mirror,test,little-shop-of-horrors,library,bw-horror,mirror,3.0,3595.753,False,True,True,2.997,True,True,2.997,True,True,2.275
little-shop-of-horrors-053-color,test,little-shop-of-horrors,library,bw-horror,color,3.0,3595.753,False,True,True,0.003,True,True,0.003,True,True,0.228
little-shop-of-horrors-053-overlay,test,little-shop-of-horrors,library,bw-horror,overlay,3.0,3595.753,False,False,True,0.497,False,True,0.497,False,True,0.394
little-shop-of-horrors-053-speed,test,little-shop-of-horrors,library,bw-horror,speed,3.0,3595.753,False,True,True,0.997,True,True,0.997,True,True,1.441
little-shop-of-horrors-053-screen_recording,test,little-shop-of-horrors,library,bw-horror,screen_recording,3.0,3595.753,False,True,True,2.997,True,True,2.997,True,True,2.775
little-shop-of-horrors-054-original,test,little-shop-of-horrors,library,bw-horror,original,3.0,3659.168,False,True,True,0.082,True,True,0.082,True,True,0.021
little-shop-of-horrors-054-compression,test,little-shop-of-horrors,library,bw-horror,compression,3.0,3659.168,False,False,True,0.082,False,True,0.082,True,True,0.146
little-shop-of-horrors-054-downscale,test,little-shop-of-horrors,library,bw-horror,downscale,3.0,3659.168,False,True,True,0.082,True,True,0.082,True,True,0.146
little-shop-of-horrors-054-crop,test,little-shop-of-horrors,library,bw-horror,crop,3.0,3659.168,False,True,True,8.082,True,True,8.082,False,True,8.988
little-shop-of-horrors-054-letterbox,test,little-shop-of-horrors,library,bw-horror,letterbox,3.0,3659.168,False,True,True,0.082,True,True,0.082,True,True,0.146
little-shop-of-horrors-054-mirror,test,little-shop-of-horrors,library,bw-horror,mirror,3.0,3659.168,False,True,True,0.082,True,True,0.082,True,True,0.146
little-shop-of-horrors-054-color,test,little-shop-of-horrors,library,bw-horror,color,3.0,3659.168,False,True,True,0.082,True,True,0.082,True,True,0.021
little-shop-of-horrors-054-overlay,test,little-shop-of-horrors,library,bw-horror,overlay,3.0,3659.168,False,False,True,0.082,False,True,0.082,True,True,0.354
little-shop-of-horrors-054-speed,test,little-shop-of-horrors,library,bw-horror,speed,3.0,3659.168,False,True,True,0.582,True,True,0.582,True,True,0.354
little-shop-of-horrors-054-screen_recording,test,little-shop-of-horrors,library,bw-horror,screen_recording,3.0,3659.168,False,True,True,0.582,True,True,0.582,True,True,0.021
little-shop-of-horrors-055-original,test,little-shop-of-horrors,library,bw-horror,original,10.0,3702.416,False,True,True,0.166,True,True,0.166,True,True,0.051
little-shop-of-horrors-055-compression,test,little-shop-of-horrors,library,bw-horror,compression,10.0,3702.416,False,False,True,0.166,False,True,0.166,False,True,0.083
little-shop-of-horrors-055-downscale,test,little-shop-of-horrors,library,bw-horror,downscale,10.0,3702.416,False,False,True,0.166,False,True,0.166,True,True,0.084
little-shop-of-horrors-055-crop,test,little-shop-of-horrors,library,bw-horror,crop,10.0,3702.416,False,True,True,0.166,True,True,0.166,True,True,0.084
little-shop-of-horrors-055-letterbox,test,little-shop-of-horrors,library,bw-horror,letterbox,10.0,3702.416,False,True,True,0.166,True,True,0.166,False,True,0.083
little-shop-of-horrors-055-mirror,test,little-shop-of-horrors,library,bw-horror,mirror,10.0,3702.416,False,True,True,0.166,True,True,0.166,True,True,0.084
little-shop-of-horrors-055-color,test,little-shop-of-horrors,library,bw-horror,color,10.0,3702.416,False,False,True,0.166,False,True,0.166,False,True,0.084
little-shop-of-horrors-055-overlay,test,little-shop-of-horrors,library,bw-horror,overlay,10.0,3702.416,False,False,True,0.166,False,True,0.166,True,True,0.083
little-shop-of-horrors-055-speed,test,little-shop-of-horrors,library,bw-horror,speed,10.0,3702.416,False,True,True,1.834,True,True,1.834,True,True,1.584
little-shop-of-horrors-055-screen_recording,test,little-shop-of-horrors,library,bw-horror,screen_recording,10.0,3702.416,False,True,True,0.166,False,True,0.166,False,True,0.083
little-shop-of-horrors-056-original,test,little-shop-of-horrors,library,bw-horror,original,3.0,3768.226,False,False,True,0.024,False,True,0.024,True,True,0.105
little-shop-of-horrors-056-compression,test,little-shop-of-horrors,library,bw-horror,compression,3.0,3768.226,False,True,True,0.024,True,True,0.024,True,True,0.696
little-shop-of-horrors-056-downscale,test,little-shop-of-horrors,library,bw-horror,downscale,3.0,3768.226,False,False,True,0.024,False,True,0.024,True,True,0.139
little-shop-of-horrors-056-crop,test,little-shop-of-horrors,library,bw-horror,crop,3.0,3768.226,False,True,True,117.976,True,True,117.976,True,True,118.213
little-shop-of-horrors-056-letterbox,test,little-shop-of-horrors,library,bw-horror,letterbox,3.0,3768.226,False,True,True,0.024,True,True,0.024,True,True,0.028
little-shop-of-horrors-056-mirror,test,little-shop-of-horrors,library,bw-horror,mirror,3.0,3768.226,False,False,True,0.024,False,True,0.024,True,True,0.305
little-shop-of-horrors-056-color,test,little-shop-of-horrors,library,bw-horror,color,3.0,3768.226,False,True,True,0.024,True,True,0.024,True,True,0.028
little-shop-of-horrors-056-overlay,test,little-shop-of-horrors,library,bw-horror,overlay,3.0,3768.226,False,False,True,0.024,False,True,0.024,True,True,0.195
little-shop-of-horrors-056-speed,test,little-shop-of-horrors,library,bw-horror,speed,3.0,3768.226,False,False,True,0.024,False,True,0.024,True,True,0.272
little-shop-of-horrors-056-screen_recording,test,little-shop-of-horrors,library,bw-horror,screen_recording,3.0,3768.226,False,True,True,0.024,True,True,0.024,True,True,0.696
little-shop-of-horrors-057-original,test,little-shop-of-horrors,library,bw-horror,original,3.0,3864.528,False,True,True,0.222,True,True,0.222,True,True,0.001
little-shop-of-horrors-057-compression,test,little-shop-of-horrors,library,bw-horror,compression,3.0,3864.528,False,True,True,0.222,True,True,0.222,True,True,0.334
little-shop-of-horrors-057-downscale,test,little-shop-of-horrors,library,bw-horror,downscale,3.0,3864.528,False,True,True,0.222,True,True,0.222,True,True,0.001
little-shop-of-horrors-057-crop,test,little-shop-of-horrors,library,bw-horror,crop,3.0,3864.528,False,True,True,0.222,True,True,0.222,True,True,0.001
little-shop-of-horrors-057-letterbox,test,little-shop-of-horrors,library,bw-horror,letterbox,3.0,3864.528,False,True,True,0.278,True,True,0.278,True,True,0.334
little-shop-of-horrors-057-mirror,test,little-shop-of-horrors,library,bw-horror,mirror,3.0,3864.528,False,True,True,0.278,True,True,0.278,True,True,0.001
little-shop-of-horrors-057-color,test,little-shop-of-horrors,library,bw-horror,color,3.0,3864.528,False,True,True,0.222,True,True,0.222,True,True,0.001
little-shop-of-horrors-057-overlay,test,little-shop-of-horrors,library,bw-horror,overlay,3.0,3864.528,False,False,True,0.278,False,True,0.278,True,True,0.168
little-shop-of-horrors-057-speed,test,little-shop-of-horrors,library,bw-horror,speed,3.0,3864.528,False,True,True,0.722,True,True,0.722,True,True,0.166
little-shop-of-horrors-057-screen_recording,test,little-shop-of-horrors,library,bw-horror,screen_recording,3.0,3864.528,False,True,True,0.222,True,True,0.222,True,True,0.001
little-shop-of-horrors-058-original,val,little-shop-of-horrors,library,bw-horror,original,10.0,3906.566,False,True,True,0.184,True,True,0.184,True,True,0.103
little-shop-of-horrors-058-compression,val,little-shop-of-horrors,library,bw-horror,compression,10.0,3906.566,False,True,True,0.184,True,True,0.184,True,True,0.063
little-shop-of-horrors-058-downscale,val,little-shop-of-horrors,library,bw-horror,downscale,10.0,3906.566,False,True,True,0.184,True,True,0.184,True,True,0.063
little-shop-of-horrors-058-crop,val,little-shop-of-horrors,library,bw-horror,crop,10.0,3906.566,False,True,True,0.184,True,True,0.184,True,True,0.063
little-shop-of-horrors-058-letterbox,val,little-shop-of-horrors,library,bw-horror,letterbox,10.0,3906.566,False,True,True,0.184,True,True,0.184,True,True,0.27
little-shop-of-horrors-058-mirror,val,little-shop-of-horrors,library,bw-horror,mirror,10.0,3906.566,False,True,True,0.184,True,True,0.184,True,True,0.103
little-shop-of-horrors-058-color,val,little-shop-of-horrors,library,bw-horror,color,10.0,3906.566,False,True,True,0.184,True,True,0.184,True,True,0.063
little-shop-of-horrors-058-overlay,val,little-shop-of-horrors,library,bw-horror,overlay,10.0,3906.566,False,False,True,0.184,False,True,0.184,True,True,0.103
little-shop-of-horrors-058-speed,val,little-shop-of-horrors,library,bw-horror,speed,10.0,3906.566,False,True,True,1.184,True,True,1.184,True,True,0.938
little-shop-of-horrors-058-screen_recording,val,little-shop-of-horrors,library,bw-horror,screen_recording,10.0,3906.566,False,True,True,0.184,True,True,0.184,True,True,0.103
little-shop-of-horrors-059-original,val,little-shop-of-horrors,library,bw-horror,original,5.0,3972.569,False,True,True,0.181,True,True,0.181,True,True,0.067
little-shop-of-horrors-059-compression,val,little-shop-of-horrors,library,bw-horror,compression,5.0,3972.569,False,False,True,0.181,False,True,0.181,True,True,0.067
little-shop-of-horrors-059-downscale,val,little-shop-of-horrors,library,bw-horror,downscale,5.0,3972.569,False,False,True,0.181,False,True,0.181,True,True,0.067
little-shop-of-horrors-059-crop,val,little-shop-of-horrors,library,bw-horror,crop,5.0,3972.569,False,False,True,0.181,False,True,0.181,True,True,0.234
little-shop-of-horrors-059-letterbox,val,little-shop-of-horrors,library,bw-horror,letterbox,5.0,3972.569,False,False,True,0.181,False,True,0.181,True,True,0.234
little-shop-of-horrors-059-mirror,val,little-shop-of-horrors,library,bw-horror,mirror,5.0,3972.569,False,True,True,0.181,True,True,0.181,True,True,0.067
little-shop-of-horrors-059-color,val,little-shop-of-horrors,library,bw-horror,color,5.0,3972.569,False,True,True,0.181,True,True,0.181,True,True,0.067
little-shop-of-horrors-059-overlay,val,little-shop-of-horrors,library,bw-horror,overlay,5.0,3972.569,False,False,True,0.181,False,True,0.181,True,True,0.234
little-shop-of-horrors-059-speed,val,little-shop-of-horrors,library,bw-horror,speed,5.0,3972.569,False,True,True,0.181,True,True,0.181,True,True,0.6
little-shop-of-horrors-059-screen_recording,val,little-shop-of-horrors,library,bw-horror,screen_recording,5.0,3972.569,False,True,True,0.181,True,True,0.181,True,True,0.067
detour-000-original,test,detour,library,noir,original,3.0,334.651,False,True,True,0.401,True,True,0.401,True,True,0.017
detour-000-compression,test,detour,library,noir,compression,3.0,334.651,False,True,True,0.099,True,True,0.099,True,True,0.017
detour-000-downscale,test,detour,library,noir,downscale,3.0,334.651,False,True,True,0.099,True,True,0.099,True,True,0.017
detour-000-crop,test,detour,library,noir,crop,3.0,334.651,False,False,True,2.901,False,True,2.901,False,True,2.486
detour-000-letterbox,test,detour,library,noir,letterbox,3.0,334.651,False,True,True,1.599,True,True,1.599,True,True,0.484
detour-000-mirror,test,detour,library,noir,mirror,3.0,334.651,False,True,True,1.599,True,True,1.599,True,True,0.017
detour-000-color,test,detour,library,noir,color,3.0,334.651,False,True,True,0.099,True,True,0.099,True,True,0.017
detour-000-overlay,test,detour,library,noir,overlay,3.0,334.651,False,False,True,0.099,False,True,0.099,True,True,1.351
detour-000-speed,test,detour,library,noir,speed,3.0,334.651,False,True,True,0.599,True,True,0.599,True,True,0.35
detour-000-screen_recording,test,detour,library,noir,screen_recording,3.0,334.651,False,True,True,3.099,True,True,3.099,True,True,2.519
detour-001-original,val,detour,library,noir,original,3.0,399.833,False,True,True,0.583,True,True,0.583,True,True,0.0
detour-001-compression,val,detour,library,noir,compression,3.0,399.833,False,True,True,0.083,True,True,0.083,True,True,0.0
detour-001-downscale,val,detour,library,noir,downscale,3.0,399.833,False,True,True,0.583,True,True,0.583,True,True,0.0
detour-001-crop,val,detour,library,noir,crop,3.0,399.833,False,True,True,6.083,True,True,6.083,True,True,7.141
detour-001-letterbox,val,detour,library,noir,letterbox,3.0,399.833,False,True,True,1.083,True,True,1.083,True,True,0.167
detour-001-mirror,val,detour,library,noir,mirror,3.0,399.833,False,True,True,0.083,True,True,0.083,True,True,0.0
detour-001-color,val,detour,library,noir,color,3.0,399.833,False,True,True,0.083,True,True,0.083,True,True,0.0
detour-001-overlay,val,detour,library,noir,overlay,3.0,399.833,False,False,True,1.583,False,True,1.583,True,True,0.0
detour-001-speed,val,detour,library,noir,speed,3.0,399.833,False,True,True,0.083,True,True,0.083,True,True,0.333
detour-001-screen_recording,val,detour,library,noir,screen_recording,3.0,399.833,False,True,True,4.083,True,True,4.083,True,True,0.134
detour-002-original,val,detour,library,noir,original,3.0,440.255,False,True,True,0.005,True,True,0.005,True,True,0.082
detour-002-compression,val,detour,library,noir,compression,3.0,440.255,False,False,True,0.005,False,True,0.005,True,True,0.082
detour-002-downscale,val,detour,library,noir,downscale,3.0,440.255,False,True,True,0.005,True,True,0.005,True,True,0.082
detour-002-crop,val,detour,library,noir,crop,3.0,440.255,False,True,True,0.005,True,True,0.005,True,True,0.082
detour-002-letterbox,val,detour,library,noir,letterbox,3.0,440.255,False,True,True,0.005,True,True,0.005,True,True,0.085
detour-002-mirror,val,detour,library,noir,mirror,3.0,440.255,False,True,True,0.005,True,True,0.005,True,True,0.082
detour-002-color,val,detour,library,noir,color,3.0,440.255,False,False,True,0.005,False,True,0.005,True,True,0.249
detour-002-overlay,val,detour,library,noir,overlay,3.0,440.255,False,False,True,0.005,False,True,0.005,True,True,0.082
detour-002-speed,val,detour,library,noir,speed,3.0,440.255,False,True,True,0.005,True,True,0.005,True,True,0.252
detour-002-screen_recording,val,detour,library,noir,screen_recording,3.0,440.255,False,False,True,0.005,False,True,0.005,True,True,0.082
detour-003-original,test,detour,library,noir,original,3.0,509.387,False,True,True,0.363,True,True,0.363,True,True,0.045
detour-003-compression,test,detour,library,noir,compression,3.0,509.387,False,True,True,12.137,True,True,12.137,False,True,12.357
detour-003-downscale,test,detour,library,noir,downscale,3.0,509.387,False,True,True,0.363,True,True,0.363,True,True,0.122
detour-003-crop,test,detour,library,noir,crop,3.0,509.387,False,False,True,3330.863,False,True,3330.863,False,True,3330.282
detour-003-letterbox,test,detour,library,noir,letterbox,3.0,509.387,False,True,True,0.363,True,True,0.363,True,True,0.622
detour-003-mirror,test,detour,library,noir,mirror,3.0,509.387,False,True,True,0.137,True,True,0.137,True,True,0.122
detour-003-color,test,detour,library,noir,color,3.0,509.387,False,True,True,0.363,True,True,0.363,True,True,0.045
detour-003-overlay,test,detour,library,noir,overlay,3.0,509.387,False,False,True,0.363,False,True,0.363,False,True,0.122
detour-003-speed,test,detour,library,noir,speed,3.0,509.387,False,True,True,0.137,True,True,0.137,True,True,0.289
detour-003-screen_recording,test,detour,library,noir,screen_recording,3.0,509.387,False,True,True,0.363,True,True,0.363,False,True,0.456
detour-004-original,val,detour,library,noir,original,10.0,570.572,False,True,True,0.178,True,True,0.178,True,True,0.069
detour-004-compression,val,detour,library,noir,compression,10.0,570.572,False,True,True,58.822,True,True,58.822,False,True,59.061
detour-004-downscale,val,detour,library,noir,downscale,10.0,570.572,False,True,True,0.322,True,True,0.322,False,True,0.236
detour-004-crop,val,detour,library,noir,crop,10.0,570.572,False,True,True,0.322,True,True,0.322,False,True,0.069
detour-004-letterbox,val,detour,library,noir,letterbox,10.0,570.572,False,True,True,0.178,True,True,0.178,False,True,0.069
detour-004-mirror,val,detour,library,noir,mirror,10.0,570.572,False,True,True,0.178,True,True,0.178,True,True,0.069
detour-004-color,val,detour,library,noir,color,10.0,570.572,False,True,True,0.178,True,True,0.178,True,True,0.069
detour-004-overlay,val,detour,library,noir,overlay,10.0,570.572,False,False,True,0.178,False,True,0.178,False,True,0.236
detour-004-speed,val,detour,library,noir,speed,10.0,570.572,False,True,True,1.678,True,True,1.678,False,True,1.6
detour-004-screen_recording,val,detour,library,noir,screen_recording,10.0,570.572,False,True,True,34.822,True,True,34.822,False,True,61.397
detour-005-original,test,detour,library,noir,original,3.0,612.982,False,True,True,0.232,True,True,0.232,True,True,0.03
detour-005-compression,test,detour,library,noir,compression,3.0,612.982,False,True,True,2.268,True,True,2.268,False,True,2.366
detour-005-downscale,test,detour,library,noir,downscale,3.0,612.982,False,True,True,0.232,True,True,0.232,False,True,0.197
detour-005-crop,test,detour,library,noir,crop,3.0,612.982,False,True,True,0.768,True,True,0.768,True,True,0.136
detour-005-letterbox,test,detour,library,noir,letterbox,3.0,612.982,False,True,True,6.768,True,True,6.768,True,True,5.369
detour-005-mirror,test,detour,library,noir,mirror,3.0,612.982,False,True,True,0.232,True,True,0.232,True,True,0.136
detour-005-color,test,detour,library,noir,color,3.0,612.982,False,True,True,0.268,True,True,0.268,True,True,0.197
detour-005-overlay,test,detour,library,noir,overlay,3.0,612.982,False,False,True,41.268,False,True,41.268,True,True,41.372
detour-005-speed,test,detour,library,noir,speed,3.0,612.982,False,True,True,0.268,True,True,0.268,True,True,0.197
detour-005-screen_recording,test,detour,library,noir,screen_recording,3.0,612.982,False,True,True,5.768,True,True,5.768,False,True,5.536
detour-006-original,val,detour,library,noir,original,5.0,712.071,False,True,True,0.179,True,True,0.179,True,True,0.06
detour-006-compression,val,detour,library,noir,compression,5.0,712.071,False,True,True,0.179,True,True,0.179,True,True,0.227
detour-006-downscale,val,detour,library,noir,downscale,5.0,712.071,False,True,True,0.179,True,True,0.179,True,True,0.227
detour-006-crop,val,detour,library,noir,crop,5.0,712.071,False,True,True,0.179,True,True,0.179,True,True,0.227
detour-006-letterbox,val,detour,library,noir,letterbox,5.0,712.071,False,True,True,0.179,True,True,0.179,True,True,0.227
detour-006-mirror,val,detour,library,noir,mirror,5.0,712.071,False,True,True,0.179,True,True,0.179,True,True,0.06
detour-006-color,val,detour,library,noir,color,5.0,712.071,False,True,True,0.179,True,True,0.179,True,True,0.06
detour-006-overlay,val,detour,library,noir,overlay,5.0,712.071,False,False,True,0.179,False,True,0.179,True,True,0.06
detour-006-speed,val,detour,library,noir,speed,5.0,712.071,False,True,True,1.179,True,True,1.179,True,True,0.441
detour-006-screen_recording,val,detour,library,noir,screen_recording,5.0,712.071,False,True,True,0.179,True,True,0.179,True,True,0.107
detour-007-original,test,detour,library,noir,original,5.0,757.761,False,False,True,0.011,False,True,0.011,True,True,0.071
detour-007-compression,test,detour,library,noir,compression,5.0,757.761,False,False,True,0.011,False,True,0.011,False,True,0.096
detour-007-downscale,test,detour,library,noir,downscale,5.0,757.761,False,False,True,0.011,False,True,0.011,True,True,0.071
detour-007-crop,test,detour,library,noir,crop,5.0,757.761,False,False,True,0.011,False,True,0.011,False,True,0.096
detour-007-letterbox,test,detour,library,noir,letterbox,5.0,757.761,False,False,True,0.011,False,True,0.011,True,True,0.238
detour-007-mirror,test,detour,library,noir,mirror,5.0,757.761,False,False,True,0.011,False,True,0.011,True,True,0.096
detour-007-color,test,detour,library,noir,color,5.0,757.761,False,False,True,0.011,False,True,0.011,True,True,0.071
detour-007-overlay,test,detour,library,noir,overlay,5.0,757.761,False,False,True,0.011,False,True,0.011,True,True,0.071
detour-007-speed,test,detour,library,noir,speed,5.0,757.761,False,True,True,0.489,True,True,0.489,True,True,0.43
detour-007-screen_recording,test,detour,library,noir,screen_recording,5.0,757.761,False,False,True,0.011,False,True,0.011,True,True,0.071
detour-008-original,val,detour,library,noir,original,3.0,823.501,False,True,True,0.251,True,True,0.251,True,True,0.022
detour-008-compression,val,detour,library,noir,compression,3.0,823.501,False,True,True,0.249,True,True,0.249,True,True,0.022
detour-008-downscale,val,detour,library,noir,downscale,3.0,823.501,False,True,True,0.249,True,True,0.249,False,True,0.145
detour-008-crop,val,detour,library,noir,crop,3.0,823.501,False,True,True,16.251,True,True,16.251,False,True,8.487
detour-008-letterbox,val,detour,library,noir,letterbox,3.0,823.501,False,True,True,6.251,True,True,6.251,False,True,6.151
detour-008-mirror,val,detour,library,noir,mirror,3.0,823.501,False,True,True,0.251,True,True,0.251,True,True,0.145
detour-008-color,val,detour,library,noir,color,3.0,823.501,False,True,True,0.251,True,True,0.251,True,True,0.145
detour-008-overlay,val,detour,library,noir,overlay,3.0,823.501,False,False,True,0.249,False,True,0.249,True,True,0.145
detour-008-speed,val,detour,library,noir,speed,3.0,823.501,False,True,True,0.249,True,True,0.249,True,True,0.189
detour-008-screen_recording,val,detour,library,noir,screen_recording,3.0,823.501,False,True,True,16.751,True,True,16.751,False,True,15.661
detour-009-original,test,detour,library,noir,original,10.0,869.981,False,True,True,0.269,True,True,0.269,True,True,0.021
detour-009-compression,test,detour,library,noir,compression,10.0,869.981,False,True,True,0.269,False,True,0.269,True,True,0.312
detour-009-downscale,test,detour,library,noir,downscale,10.0,869.981,False,True,True,0.269,True,True,0.269,True,True,0.021
detour-009-crop,test,detour,library,noir,crop,10.0,869.981,False,True,True,0.269,True,True,0.269,True,True,0.021
detour-009-letterbox,test,detour,library,noir,letterbox,10.0,869.981,False,True,True,0.231,True,True,0.231,True,True,0.145
detour-009-mirror,test,detour,library,noir,mirror,10.0,869.981,False,True,True,0.269,True,True,0.269,True,True,0.145
detour-009-color,test,detour,library,noir,color,10.0,869.981,False,True,True,0.269,True,True,0.269,True,True,0.021
detour-009-overlay,test,detour,library,noir,overlay,10.0,869.981,False,False,True,0.269,False,True,0.269,True,True,0.021
detour-009-speed,test,detour,library,noir,speed,10.0,869.981,False,True,True,1.769,True,True,1.769,True,True,1.189
detour-009-screen_recording,test,detour,library,noir,screen_recording,10.0,869.981,False,True,True,0.231,True,True,0.231,True,True,0.021
detour-010-original,val,detour,library,noir,original,3.0,907.059,False,True,True,0.809,True,True,0.809,True,True,0.053
detour-010-compression,val,detour,library,noir,compression,3.0,907.059,False,True,True,0.191,True,True,0.191,True,True,0.387
detour-010-downscale,val,detour,library,noir,downscale,3.0,907.059,False,True,True,0.309,True,True,0.309,True,True,0.948
detour-010-crop,val,detour,library,noir,crop,3.0,907.059,False,True,True,0.691,True,True,0.691,True,True,0.614
detour-010-letterbox,val,detour,library,noir,letterbox,3.0,907.059,False,True,True,0.809,True,True,0.809,True,True,1.054
detour-010-mirror,val,detour,library,noir,mirror,3.0,907.059,False,True,True,0.309,True,True,0.309,True,True,0.053
detour-010-color,val,detour,library,noir,color,3.0,907.059,False,True,True,0.809,True,True,0.809,True,True,0.053
detour-010-overlay,val,detour,library,noir,overlay,3.0,907.059,False,False,True,0.191,False,True,0.191,True,True,0.053
detour-010-speed,val,detour,library,noir,speed,3.0,907.059,False,True,True,0.191,True,True,0.191,True,True,0.281
detour-010-screen_recording,val,detour,library,noir,screen_recording,3.0,907.059,False,True,True,0.191,True,True,0.191,True,True,0.053
detour-011-original,test,detour,library,noir,original,5.0,996.46,False,True,True,0.29,True,True,0.29,True,True,0.069
detour-011-compression,test,detour,library,noir,compression,5.0,996.46,False,True,True,0.29,True,True,0.29,False,True,0.265
detour-011-downscale,test,detour,library,noir,downscale,5.0,996.46,False,True,True,0.29,True,True,0.29,True,True,0.098
detour-011-crop,test,detour,library,noir,crop,5.0,996.46,False,True,True,0.29,True,True,0.29,True,True,0.069
detour-011-letterbox,test,detour,library,noir,letterbox,5.0,996.46,False,True,True,0.29,True,True,0.29,True,True,0.069
detour-011-mirror,test,detour,library,noir,mirror,5.0,996.46,False,True,True,0.29,True,True,0.29,True,True,0.069
detour-011-color,test,detour,library,noir,color,5.0,996.46,False,True,True,0.29,True,True,0.29,True,True,0.098
detour-011-overlay,test,detour,library,noir,overlay,5.0,996.46,False,False,True,0.29,False,True,0.29,False,True,0.069
detour-011-speed,test,detour,library,noir,speed,5.0,996.46,False,True,True,0.79,True,True,0.79,True,True,0.569
detour-011-screen_recording,test,detour,library,noir,screen_recording,5.0,996.46,False,True,True,0.71,True,True,0.71,False,True,11.047
detour-012-original,test,detour,library,noir,original,10.0,1007.173,False,True,True,0.077,True,True,0.077,True,True,0.0
detour-012-compression,test,detour,library,noir,compression,10.0,1007.173,False,True,True,0.077,True,True,0.077,True,True,0.167
detour-012-downscale,test,detour,library,noir,downscale,10.0,1007.173,False,True,True,0.077,True,True,0.077,True,True,0.0
detour-012-crop,test,detour,library,noir,crop,10.0,1007.173,False,False,True,626.077,False,True,626.077,False,True,629.996
detour-012-letterbox,test,detour,library,noir,letterbox,10.0,1007.173,False,True,True,0.077,True,True,0.077,True,True,0.167
detour-012-mirror,test,detour,library,noir,mirror,10.0,1007.173,False,True,True,0.077,True,True,0.077,True,True,0.0
detour-012-color,test,detour,library,noir,color,10.0,1007.173,False,True,True,0.077,True,True,0.077,True,True,0.0
detour-012-overlay,test,detour,library,noir,overlay,10.0,1007.173,False,False,True,0.077,False,True,0.077,False,True,0.0
detour-012-speed,test,detour,library,noir,speed,10.0,1007.173,False,True,True,1.577,True,True,1.577,True,True,1.335
detour-012-screen_recording,test,detour,library,noir,screen_recording,10.0,1007.173,False,True,True,0.077,True,True,0.077,False,True,0.167
detour-013-original,test,detour,library,noir,original,3.0,1074.585,False,True,True,0.165,True,True,0.165,True,True,0.078
detour-013-compression,test,detour,library,noir,compression,3.0,1074.585,False,True,True,5.665,True,True,5.665,False,True,294.75
detour-013-downscale,test,detour,library,noir,downscale,3.0,1074.585,False,True,True,0.335,True,True,0.335,True,True,0.078
detour-013-crop,test,detour,library,noir,crop,3.0,1074.585,False,True,True,17.165,False,True,17.165,False,True,17.439
detour-013-letterbox,test,detour,library,noir,letterbox,3.0,1074.585,False,True,True,0.335,True,True,0.335,True,True,0.078
detour-013-mirror,test,detour,library,noir,mirror,3.0,1074.585,False,True,True,0.165,True,True,0.165,True,True,0.078
detour-013-color,test,detour,library,noir,color,3.0,1074.585,False,True,True,0.165,True,True,0.165,True,True,0.078
detour-013-overlay,test,detour,library,noir,overlay,3.0,1074.585,False,False,True,0.335,False,True,0.335,False,True,0.245
detour-013-speed,test,detour,library,noir,speed,3.0,1074.585,False,True,True,0.165,True,True,0.165,True,True,0.422
detour-013-screen_recording,test,detour,library,noir,screen_recording,3.0,1074.585,False,True,True,5.665,True,True,5.665,False,True,302.591
detour-014-original,test,detour,library,noir,original,10.0,1128.402,False,True,True,0.152,True,True,0.152,True,True,0.041
detour-014-compression,test,detour,library,noir,compression,10.0,1128.402,False,True,True,0.152,False,True,0.152,False,True,0.208
detour-014-downscale,test,detour,library,noir,downscale,10.0,1128.402,False,True,True,0.152,True,True,0.152,True,True,0.092
detour-014-crop,test,detour,library,noir,crop,10.0,1128.402,False,True,True,0.152,True,True,0.152,False,True,0.242
detour-014-letterbox,test,detour,library,noir,letterbox,10.0,1128.402,False,True,True,0.152,True,True,0.152,False,True,37.596
detour-014-mirror,test,detour,library,noir,mirror,10.0,1128.402,False,True,True,0.152,True,True,0.152,True,True,0.041
detour-014-color,test,detour,library,noir,color,10.0,1128.402,False,True,True,0.152,True,True,0.152,False,True,0.208
detour-014-overlay,test,detour,library,noir,overlay,10.0,1128.402,False,False,True,0.152,False,True,0.152,False,True,0.041
detour-014-speed,test,detour,library,noir,speed,10.0,1128.402,False,True,True,1.348,True,True,1.348,True,True,1.126
detour-014-screen_recording,test,detour,library,noir,screen_recording,10.0,1128.402,False,True,True,0.848,False,True,0.848,False,True,0.125
detour-015-original,val,detour,library,noir,original,10.0,1218.314,False,True,True,0.064,True,True,0.064,True,True,0.036
detour-015-compression,val,detour,library,noir,compression,10.0,1218.314,False,True,True,0.436,True,True,0.436,True,True,0.13
detour-015-downscale,val,detour,library,noir,downscale,10.0,1218.314,False,True,True,0.064,True,True,0.064,True,True,0.13
detour-015-crop,val,detour,library,noir,crop,10.0,1218.314,False,True,True,0.436,True,True,0.436,True,True,0.036
detour-015-letterbox,val,detour,library,noir,letterbox,10.0,1218.314,False,True,True,0.064,True,True,0.064,True,True,0.13
detour-015-mirror,val,detour,library,noir,mirror,10.0,1218.314,False,True,True,0.064,True,True,0.064,True,True,0.036
detour-015-color,val,detour,library,noir,color,10.0,1218.314,False,True,True,0.064,True,True,0.064,True,True,0.036
detour-015-overlay,val,detour,library,noir,overlay,10.0,1218.314,False,False,True,0.064,False,True,0.064,True,True,0.13
detour-015-speed,val,detour,library,noir,speed,10.0,1218.314,False,True,True,1.436,True,True,1.436,True,True,1.705
detour-015-screen_recording,val,detour,library,noir,screen_recording,10.0,1218.314,False,True,True,0.064,True,True,0.064,True,True,0.037
detour-016-original,val,detour,library,noir,original,3.0,1272.146,False,True,True,0.104,True,True,0.104,True,True,0.025
detour-016-compression,val,detour,library,noir,compression,3.0,1272.146,False,True,True,0.104,True,True,0.104,True,True,0.142
detour-016-downscale,val,detour,library,noir,downscale,3.0,1272.146,False,True,True,0.104,True,True,0.104,True,True,0.025
detour-016-crop,val,detour,library,noir,crop,3.0,1272.146,False,False,True,0.104,False,True,0.104,True,True,1.143
detour-016-letterbox,val,detour,library,noir,letterbox,3.0,1272.146,False,True,True,0.396,True,True,0.396,True,True,0.642
detour-016-mirror,val,detour,library,noir,mirror,3.0,1272.146,False,True,True,0.104,True,True,0.104,True,True,0.025
detour-016-color,val,detour,library,noir,color,3.0,1272.146,False,True,True,0.104,True,True,0.104,True,True,0.025
detour-016-overlay,val,detour,library,noir,overlay,3.0,1272.146,False,False,True,0.104,False,True,0.104,True,True,0.142
detour-016-speed,val,detour,library,noir,speed,3.0,1272.146,False,True,True,0.104,True,True,0.104,True,True,0.359
detour-016-screen_recording,val,detour,library,noir,screen_recording,3.0,1272.146,False,True,True,12.604,True,True,12.604,True,True,0.142
detour-017-original,test,detour,library,noir,original,5.0,1313.452,False,True,True,0.202,True,True,0.202,True,True,0.107
detour-017-compression,test,detour,library,noir,compression,5.0,1313.452,False,True,True,2492.298,True,True,2492.298,False,True,1.729
detour-017-downscale,test,detour,library,noir,downscale,5.0,1313.452,False,True,True,0.202,True,True,0.202,False,True,0.107
detour-017-crop,test,detour,library,noir,crop,5.0,1313.452,False,False,True,2493.798,False,True,2493.798,False,True,2493.718
detour-017-letterbox,test,detour,library,noir,letterbox,5.0,1313.452,False,True,True,0.202,True,True,0.202,False,True,0.273
detour-017-mirror,test,detour,library,noir,mirror,5.0,1313.452,False,True,True,0.202,True,True,0.202,True,True,0.06
detour-017-color,test,detour,library,noir,color,5.0,1313.452,False,True,True,0.202,True,True,0.202,True,True,0.107
detour-017-overlay,test,detour,library,noir,overlay,5.0,1313.452,False,False,True,0.798,False,True,0.798,False,True,57.551
detour-017-speed,test,detour,library,noir,speed,5.0,1313.452,False,True,True,0.798,True,True,0.798,True,True,0.561
detour-017-screen_recording,test,detour,library,noir,screen_recording,5.0,1313.452,False,False,True,46.798,False,True,46.798,False,True,10.45
detour-018-original,test,detour,library,noir,original,10.0,1378.857,False,True,True,0.107,True,True,0.107,True,True,0.013
detour-018-compression,test,detour,library,noir,compression,10.0,1378.857,False,True,True,11.607,True,True,11.607,False,True,11.191
detour-018-downscale,test,detour,library,noir,downscale,10.0,1378.857,False,True,True,0.107,True,True,0.107,True,True,0.013
detour-018-crop,test,detour,library,noir,crop,10.0,1378.857,False,False,True,0.107,False,True,0.107,False,True,0.013
detour-018-letterbox,test,detour,library,noir,letterbox,10.0,1378.857,False,True,True,0.107,True,True,0.107,False,True,0.18
detour-018-mirror,test,detour,library,noir,mirror,10.0,1378.857,False,True,True,0.107,True,True,0.107,True,True,0.18
detour-018-color,test,detour,library,noir,color,10.0,1378.857,False,True,True,0.107,True,True,0.107,True,True,0.013
detour-018-overlay,test,detour,library,noir,overlay,10.0,1378.857,False,False,True,0.107,False,True,0.107,False,True,0.18
detour-018-speed,test,detour,library,noir,speed,10.0,1378.857,False,True,True,1.893,True,True,1.893,True,True,1.656
detour-018-screen_recording,test,detour,library,noir,screen_recording,10.0,1378.857,False,False,True,9.607,False,True,9.607,False,True,10.023
detour-019-original,test,detour,library,noir,original,3.0,1430.204,False,True,True,0.046,True,True,0.046,True,True,0.009
detour-019-compression,test,detour,library,noir,compression,3.0,1430.204,False,False,True,2377.546,False,True,2377.546,False,True,2377.633
detour-019-downscale,test,detour,library,noir,downscale,3.0,1430.204,False,True,True,2376.046,True,True,2376.046,False,True,2376.299
detour-019-crop,test,detour,library,noir,crop,3.0,1430.204,False,False,True,2391.546,False,True,2391.546,False,True,113.471
detour-019-letterbox,test,detour,library,noir,letterbox,3.0,1430.204,False,True,True,0.454,True,True,0.454,False,True,0.342
detour-019-mirror,test,detour,library,noir,mirror,3.0,1430.204,False,True,True,0.046,True,True,0.046,True,True,0.009
detour-019-color,test,detour,library,noir,color,3.0,1430.204,False,True,True,0.046,True,True,0.046,True,True,0.009
detour-019-overlay,test,detour,library,noir,overlay,3.0,1430.204,False,False,True,0.046,False,True,0.046,False,True,0.175
detour-019-speed,test,detour,library,noir,speed,3.0,1430.204,False,True,True,0.546,True,True,0.546,True,True,0.492
detour-019-screen_recording,test,detour,library,noir,screen_recording,3.0,1430.204,False,False,True,2361.546,False,True,2361.546,False,False,2679.468
detour-020-original,val,detour,library,noir,original,10.0,1475.643,False,True,True,0.107,True,True,0.107,True,True,0.031
detour-020-compression,val,detour,library,noir,compression,10.0,1475.643,False,True,True,0.107,True,True,0.107,False,True,0.136
detour-020-downscale,val,detour,library,noir,downscale,10.0,1475.643,False,True,True,0.107,True,True,0.107,True,True,0.136
detour-020-crop,val,detour,library,noir,crop,10.0,1475.643,False,True,True,0.107,False,True,0.107,False,True,0.136
detour-020-letterbox,val,detour,library,noir,letterbox,10.0,1475.643,False,True,True,0.107,True,True,0.107,True,True,0.136
detour-020-mirror,val,detour,library,noir,mirror,10.0,1475.643,False,True,True,0.393,True,True,0.393,True,True,0.031
detour-020-color,val,detour,library,noir,color,10.0,1475.643,False,False,False,1222.607,False,False,1222.607,False,False,3666.392
detour-020-overlay,val,detour,library,noir,overlay,10.0,1475.643,False,False,True,0.107,False,True,0.107,False,True,0.136
detour-020-speed,val,detour,library,noir,speed,10.0,1475.643,False,True,True,0.607,True,True,0.607,True,True,1.7
detour-020-screen_recording,val,detour,library,noir,screen_recording,10.0,1475.643,False,True,True,0.107,False,True,0.107,False,True,0.198
detour-021-original,test,detour,library,noir,original,10.0,1560.046,False,True,True,0.204,True,True,0.204,True,True,0.021
detour-021-compression,test,detour,library,noir,compression,10.0,1560.046,False,True,True,35.204,True,True,35.204,False,True,30.81
detour-021-downscale,test,detour,library,noir,downscale,10.0,1560.046,False,True,True,0.296,True,True,0.296,True,True,0.113
detour-021-crop,test,detour,library,noir,crop,10.0,1560.046,False,True,True,0.204,True,True,0.204,False,True,0.188
detour-021-letterbox,test,detour,library,noir,letterbox,10.0,1560.046,False,True,True,45.704,True,True,45.704,False,True,45.458
detour-021-mirror,test,detour,library,noir,mirror,10.0,1560.046,False,True,True,0.296,True,True,0.296,True,True,0.021
detour-021-color,test,detour,library,noir,color,10.0,1560.046,False,True,True,0.204,True,True,0.204,True,True,0.021
detour-021-overlay,test,detour,library,noir,overlay,10.0,1560.046,False,False,True,53.704,False,True,53.704,False,True,52.632
detour-021-speed,test,detour,library,noir,speed,10.0,1560.046,False,True,True,1.204,True,True,1.204,True,True,1.481
detour-021-screen_recording,test,detour,library,noir,screen_recording,10.0,1560.046,False,True,True,59.204,True,True,59.204,False,True,59.639
detour-022-original,val,detour,library,noir,original,3.0,1579.08,False,True,True,0.17,True,True,0.17,True,True,0.069
detour-022-compression,val,detour,library,noir,compression,3.0,1579.08,False,True,True,5.67,True,True,5.67,True,True,0.737
detour-022-downscale,val,detour,library,noir,downscale,3.0,1579.08,False,True,True,0.33,True,True,0.33,True,True,0.403
detour-022-crop,val,detour,library,noir,crop,3.0,1579.08,False,True,True,0.17,True,True,0.17,False,True,0.069
detour-022-letterbox,val,detour,library,noir,letterbox,3.0,1579.08,False,True,True,5.67,True,True,5.67,False,True,0.098
detour-022-mirror,val,detour,library,noir,mirror,3.0,1579.08,False,True,True,0.17,True,True,0.17,True,True,0.098
detour-022-color,val,detour,library,noir,color,3.0,1579.08,False,True,True,0.17,True,True,0.17,True,True,0.069
detour-022-overlay,val,detour,library,noir,overlay,3.0,1579.08,False,False,True,6.17,False,True,6.17,False,True,6.27
detour-022-speed,val,detour,library,noir,speed,3.0,1579.08,False,True,True,0.17,True,True,0.17,True,True,0.098
detour-022-screen_recording,val,detour,library,noir,screen_recording,3.0,1579.08,False,True,True,4.67,True,True,4.67,True,True,4.435
detour-023-original,val,detour,library,noir,original,3.0,1682.64,False,True,True,0.11,True,True,0.11,True,True,0.041
detour-023-compression,val,detour,library,noir,compression,3.0,1682.64,False,True,True,0.11,True,True,0.11,True,True,0.208
detour-023-downscale,val,detour,library,noir,downscale,3.0,1682.64,False,True,True,0.11,True,True,0.11,True,True,0.208
detour-023-crop,val,detour,library,noir,crop,3.0,1682.64,False,True,True,1.11,False,True,1.11,False,True,0.875
detour-023-letterbox,val,detour,library,noir,letterbox,3.0,1682.64,False,True,True,0.61,True,True,0.61,True,True,0.208
detour-023-mirror,val,detour,library,noir,mirror,3.0,1682.64,False,True,True,0.11,True,True,0.11,True,True,0.208
detour-023-color,val,detour,library,noir,color,3.0,1682.64,False,True,True,0.11,True,True,0.11,True,True,0.041
detour-023-overlay,val,detour,library,noir,overlay,3.0,1682.64,False,False,True,0.11,False,True,0.11,True,True,0.375
detour-023-speed,val,detour,library,noir,speed,3.0,1682.64,False,True,True,0.11,True,True,0.11,True,True,0.208
detour-023-screen_recording,val,detour,library,noir,screen_recording,3.0,1682.64,False,True,True,0.61,True,True,0.61,True,True,0.041
detour-024-original,val,detour,library,noir,original,10.0,1693.738,False,True,True,0.012,True,True,0.012,True,True,0.046
detour-024-compression,val,detour,library,noir,compression,10.0,1693.738,False,True,True,0.012,True,True,0.012,True,True,0.046
detour-024-downscale,val,detour,library,noir,downscale,10.0,1693.738,False,True,True,0.012,True,True,0.012,True,True,0.046
detour-024-crop,val,detour,library,noir,crop,10.0,1693.738,False,True,True,0.012,True,True,0.012,True,True,0.046
detour-024-letterbox,val,detour,library,noir,letterbox,10.0,1693.738,False,True,True,0.012,True,True,0.012,True,True,0.046
detour-024-mirror,val,detour,library,noir,mirror,10.0,1693.738,False,True,True,0.012,True,True,0.012,True,True,0.046
detour-024-color,val,detour,library,noir,color,10.0,1693.738,False,True,True,0.012,True,True,0.012,True,True,0.046
detour-024-overlay,val,detour,library,noir,overlay,10.0,1693.738,False,False,True,0.012,False,True,0.012,True,True,0.046
detour-024-speed,val,detour,library,noir,speed,10.0,1693.738,False,True,True,1.012,True,True,1.012,True,True,2.09
detour-024-screen_recording,val,detour,library,noir,screen_recording,10.0,1693.738,False,True,True,0.012,True,True,0.012,True,True,0.046
detour-025-original,val,detour,library,noir,original,3.0,1756.401,False,True,True,0.349,True,True,0.349,True,True,0.12
detour-025-compression,val,detour,library,noir,compression,3.0,1756.401,False,False,True,0.151,False,True,0.151,False,True,0.547
detour-025-downscale,val,detour,library,noir,downscale,3.0,1756.401,False,True,True,0.151,True,True,0.151,False,True,0.046
detour-025-crop,val,detour,library,noir,crop,3.0,1756.401,False,False,True,0.151,False,True,0.151,False,True,0.046
detour-025-letterbox,val,detour,library,noir,letterbox,3.0,1756.401,False,True,True,0.151,True,True,0.151,False,True,0.714
detour-025-mirror,val,detour,library,noir,mirror,3.0,1756.401,False,True,True,0.151,True,True,0.151,True,True,0.046
detour-025-color,val,detour,library,noir,color,3.0,1756.401,False,True,True,0.151,True,True,0.151,True,True,0.046
detour-025-overlay,val,detour,library,noir,overlay,3.0,1756.401,False,False,True,141.651,False,True,141.651,False,True,142.889
detour-025-speed,val,detour,library,noir,speed,3.0,1756.401,False,True,True,0.349,True,True,0.349,True,True,0.287
detour-025-screen_recording,val,detour,library,noir,screen_recording,3.0,1756.401,False,False,True,365.651,False,True,365.651,False,True,365.879
detour-026-original,val,detour,library,noir,original,5.0,1816.516,False,True,True,0.234,True,True,0.234,True,True,0.001
detour-026-compression,val,detour,library,noir,compression,5.0,1816.516,False,True,True,0.234,False,True,0.234,True,True,0.168
detour-026-downscale,val,detour,library,noir,downscale,5.0,1816.516,False,True,True,0.266,True,True,0.266,True,True,0.001
detour-026-crop,val,detour,library,noir,crop,5.0,1816.516,False,True,True,0.234,True,True,0.234,True,True,0.166
detour-026-letterbox,val,detour,library,noir,letterbox,5.0,1816.516,False,True,True,0.266,True,True,0.266,True,True,0.332
detour-026-mirror,val,detour,library,noir,mirror,5.0,1816.516,False,True,True,0.234,True,True,0.234,True,True,0.001
detour-026-color,val,detour,library,noir,color,5.0,1816.516,False,True,True,0.234,True,True,0.234,True,True,0.001
detour-026-overlay,val,detour,library,noir,overlay,5.0,1816.516,False,False,True,0.234,False,True,0.234,True,True,0.168
detour-026-speed,val,detour,library,noir,speed,5.0,1816.516,False,True,True,0.734,True,True,0.734,True,True,0.499
detour-026-screen_recording,val,detour,library,noir,screen_recording,5.0,1816.516,False,True,True,0.266,True,True,0.266,True,True,0.001
detour-027-original,test,detour,library,noir,original,10.0,1875.301,False,True,True,0.051,True,True,0.051,True,True,0.039
detour-027-compression,test,detour,library,noir,compression,10.0,1875.301,False,True,True,0.051,True,True,0.051,True,True,0.039
detour-027-downscale,test,detour,library,noir,downscale,10.0,1875.301,False,True,True,0.051,True,True,0.051,True,True,0.039
detour-027-crop,test,detour,library,noir,crop,10.0,1875.301,False,True,True,0.051,True,True,0.051,False,True,0.039
detour-027-letterbox,test,detour,library,noir,letterbox,10.0,1875.301,False,True,True,9.449,True,True,9.449,False,True,9.882
detour-027-mirror,test,detour,library,noir,mirror,10.0,1875.301,False,True,True,0.449,True,True,0.449,True,True,0.128
detour-027-color,test,detour,library,noir,color,10.0,1875.301,False,True,True,0.051,True,True,0.051,True,True,0.128
detour-027-overlay,test,detour,library,noir,overlay,10.0,1875.301,False,False,True,0.051,False,True,0.051,False,True,0.206
detour-027-speed,test,detour,library,noir,speed,10.0,1875.301,False,True,True,1.449,True,True,1.449,True,True,1.207
detour-027-screen_recording,test,detour,library,noir,screen_recording,10.0,1875.301,False,True,True,3.551,True,True,3.551,False,True,3.131
detour-028-original,val,detour,library,noir,original,10.0,1949.325,False,True,True,0.075,True,True,0.075,True,True,0.022
detour-028-compression,val,detour,library,noir,compression,10.0,1949.325,False,True,True,0.075,True,True,0.075,True,True,0.311
detour-028-downscale,val,detour,library,noir,downscale,10.0,1949.325,False,True,True,0.075,True,True,0.075,True,True,0.144
detour-028-crop,val,detour,library,noir,crop,10.0,1949.325,False,True,True,0.075,True,True,0.075,True,True,0.311
detour-028-letterbox,val,detour,library,noir,letterbox,10.0,1949.325,False,True,True,0.075,False,True,0.075,True,True,0.022
detour-028-mirror,val,detour,library,noir,mirror,10.0,1949.325,False,True,True,0.075,True,True,0.075,True,True,0.022
detour-028-color,val,detour,library,noir,color,10.0,1949.325,False,True,True,0.075,True,True,0.075,True,True,0.022
detour-028-overlay,val,detour,library,noir,overlay,10.0,1949.325,False,False,True,0.075,False,True,0.075,True,True,0.022
detour-028-speed,val,detour,library,noir,speed,10.0,1949.325,False,True,True,1.425,True,True,1.425,True,True,1.19
detour-028-screen_recording,val,detour,library,noir,screen_recording,10.0,1949.325,False,True,True,0.925,False,True,0.925,False,True,0.189
detour-029-original,test,detour,library,noir,original,3.0,2007.127,False,True,True,0.123,True,True,0.123,True,True,0.045
detour-029-compression,test,detour,library,noir,compression,3.0,2007.127,False,True,True,0.123,True,True,0.123,True,True,0.122
detour-029-downscale,test,detour,library,noir,downscale,3.0,2007.127,False,True,True,0.123,True,True,0.123,True,True,0.045
detour-029-crop,test,detour,library,noir,crop,3.0,2007.127,False,True,True,0.123,True,True,0.123,True,True,0.122
detour-029-letterbox,test,detour,library,noir,letterbox,3.0,2007.127,False,True,True,4.623,True,True,4.623,True,True,1.123
detour-029-mirror,test,detour,library,noir,mirror,3.0,2007.127,False,True,True,0.123,True,True,0.123,True,True,0.045
detour-029-color,test,detour,library,noir,color,3.0,2007.127,False,True,True,2.623,True,True,2.623,True,True,0.045
detour-029-overlay,test,detour,library,noir,overlay,3.0,2007.127,False,False,True,0.123,False,True,0.123,True,True,0.045
detour-029-speed,test,detour,library,noir,speed,3.0,2007.127,False,True,True,0.623,True,True,0.623,True,True,0.378
detour-029-screen_recording,test,detour,library,noir,screen_recording,3.0,2007.127,False,True,True,0.123,True,True,0.123,True,True,0.045
detour-030-original,test,detour,library,noir,original,3.0,2049.514,False,True,True,0.236,True,True,0.236,True,True,0.0
detour-030-compression,test,detour,library,noir,compression,3.0,2049.514,False,True,True,0.236,True,True,0.236,True,True,0.0
detour-030-downscale,test,detour,library,noir,downscale,3.0,2049.514,False,True,True,0.236,True,True,0.236,True,True,0.0
detour-030-crop,test,detour,library,noir,crop,3.0,2049.514,False,True,True,0.236,True,True,0.236,True,True,0.0
detour-030-letterbox,test,detour,library,noir,letterbox,3.0,2049.514,False,True,True,37.764,True,True,37.764,False,True,0.167
detour-030-mirror,test,detour,library,noir,mirror,3.0,2049.514,False,True,True,0.236,True,True,0.236,True,True,0.167
detour-030-color,test,detour,library,noir,color,3.0,2049.514,False,True,True,0.236,True,True,0.236,True,True,0.0
detour-030-overlay,test,detour,library,noir,overlay,3.0,2049.514,False,True,True,0.236,True,True,0.236,True,True,0.0
detour-030-speed,test,detour,library,noir,speed,3.0,2049.514,False,True,True,0.236,True,True,0.236,True,True,0.334
detour-030-screen_recording,test,detour,library,noir,screen_recording,3.0,2049.514,False,True,True,0.236,True,True,0.236,True,True,0.0
detour-031-original,val,detour,library,noir,original,5.0,2112.583,False,True,True,0.167,True,True,0.167,True,True,0.094
detour-031-compression,val,detour,library,noir,compression,5.0,2112.583,False,True,True,0.167,True,True,0.167,False,True,0.406
detour-031-downscale,val,detour,library,noir,downscale,5.0,2112.583,False,True,True,0.167,True,True,0.167,True,True,0.406
detour-031-crop,val,detour,library,noir,crop,5.0,2112.583,False,True,True,15.167,True,True,15.167,False,True,14.942
detour-031-letterbox,val,detour,library,noir,letterbox,5.0,2112.583,False,True,True,0.167,True,True,0.167,False,True,0.073
detour-031-mirror,val,detour,library,noir,mirror,5.0,2112.583,False,True,True,0.333,True,True,0.333,True,True,0.073
detour-031-color,val,detour,library,noir,color,5.0,2112.583,False,True,True,0.167,True,True,0.167,True,True,0.094
detour-031-overlay,val,detour,library,noir,overlay,5.0,2112.583,False,False,True,0.667,False,True,0.667,False,True,0.428
detour-031-speed,val,detour,library,noir,speed,5.0,2112.583,False,True,True,0.667,True,True,0.667,True,True,0.595
detour-031-screen_recording,val,detour,library,noir,screen_recording,5.0,2112.583,False,True,True,23.833,True,True,23.833,False,True,23.396
detour-032-original,val,detour,library,noir,original,3.0,2143.528,False,True,True,0.222,True,True,0.222,True,True,0.02
detour-032-compression,val,detour,library,noir,compression,3.0,2143.528,False,True,True,5.778,True,True,5.778,True,True,5.692
detour-032-downscale,val,detour,library,noir,downscale,3.0,2143.528,False,True,True,0.222,True,True,0.222,True,True,0.02
detour-032-crop,val,detour,library,noir,crop,3.0,2143.528,False,True,True,119.222,True,True,119.222,False,True,142.996
detour-032-letterbox,val,detour,library,noir,letterbox,3.0,2143.528,False,True,True,10.722,True,True,10.722,True,True,10.657
detour-032-mirror,val,detour,library,noir,mirror,3.0,2143.528,False,True,True,0.278,True,True,0.278,True,True,0.187
detour-032-color,val,detour,library,noir,color,3.0,2143.528,False,True,True,0.222,True,True,0.222,True,True,0.02
detour-032-overlay,val,detour,library,noir,overlay,3.0,2143.528,False,False,True,2.278,False,True,2.278,False,True,2.522
detour-032-speed,val,detour,library,noir,speed,3.0,2143.528,False,True,True,0.222,True,True,0.222,True,True,0.314
detour-032-screen_recording,val,detour,library,noir,screen_recording,3.0,2143.528,False,True,True,3.278,True,True,3.278,True,True,2.522
detour-033-original,val,detour,library,noir,original,5.0,2205.412,False,False,True,0.162,False,True,0.162,True,True,0.075
detour-033-compression,val,detour,library,noir,compression,5.0,2205.412,False,True,True,0.662,True,True,0.662,True,True,0.91
detour-033-downscale,val,detour,library,noir,downscale,5.0,2205.412,False,True,True,0.338,True,True,0.338,True,True,0.075
detour-033-crop,val,detour,library,noir,crop,5.0,2205.412,False,True,True,0.162,True,True,0.162,True,True,3.412
detour-033-letterbox,val,detour,library,noir,letterbox,5.0,2205.412,False,True,True,0.338,True,True,0.338,True,True,0.075
detour-033-mirror,val,detour,library,noir,mirror,5.0,2205.412,False,True,True,0.162,True,True,0.162,True,True,0.075
detour-033-color,val,detour,library,noir,color,5.0,2205.412,False,True,True,0.162,True,True,0.162,True,True,0.075
detour-033-overlay,val,detour,library,noir,overlay,5.0,2205.412,False,False,True,0.162,False,True,0.162,True,True,0.075
detour-033-speed,val,detour,library,noir,speed,5.0,2205.412,False,True,True,0.338,True,True,0.338,True,True,0.425
detour-033-screen_recording,val,detour,library,noir,screen_recording,5.0,2205.412,False,True,True,1.662,True,True,1.662,True,True,1.744
detour-034-original,val,detour,library,noir,original,5.0,2281.023,False,True,True,0.227,True,True,0.227,True,True,0.011
detour-034-compression,val,detour,library,noir,compression,5.0,2281.023,False,True,True,0.227,False,True,0.227,True,True,0.011
detour-034-downscale,val,detour,library,noir,downscale,5.0,2281.023,False,True,True,0.227,True,True,0.227,True,True,0.011
detour-034-crop,val,detour,library,noir,crop,5.0,2281.023,False,True,True,0.227,True,True,0.227,True,True,0.178
detour-034-letterbox,val,detour,library,noir,letterbox,5.0,2281.023,False,True,True,0.227,True,True,0.227,True,True,0.011
detour-034-mirror,val,detour,library,noir,mirror,5.0,2281.023,False,True,True,0.227,True,True,0.227,True,True,0.011
detour-034-color,val,detour,library,noir,color,5.0,2281.023,False,True,True,0.227,True,True,0.227,True,True,0.011
detour-034-overlay,val,detour,library,noir,overlay,5.0,2281.023,False,False,True,0.227,False,True,0.227,True,True,0.011
detour-034-speed,val,detour,library,noir,speed,5.0,2281.023,False,True,True,0.727,True,True,0.727,True,True,0.823
detour-034-screen_recording,val,detour,library,noir,screen_recording,5.0,2281.023,False,True,True,0.227,True,True,0.227,True,True,0.011
detour-035-original,val,detour,library,noir,original,3.0,2363.955,False,True,True,0.205,True,True,0.205,True,True,0.094
detour-035-compression,val,detour,library,noir,compression,3.0,2363.955,False,True,True,0.205,True,True,0.205,True,True,0.094
detour-035-downscale,val,detour,library,noir,downscale,3.0,2363.955,False,True,True,0.205,True,True,0.205,True,True,0.094
detour-035-crop,val,detour,library,noir,crop,3.0,2363.955,False,True,True,0.205,True,True,0.205,True,True,0.928
detour-035-letterbox,val,detour,library,noir,letterbox,3.0,2363.955,False,True,True,0.295,True,True,0.295,True,True,0.26
detour-035-mirror,val,detour,library,noir,mirror,3.0,2363.955,False,True,True,0.295,True,True,0.295,True,True,0.094
detour-035-color,val,detour,library,noir,color,3.0,2363.955,False,True,True,0.295,True,True,0.295,True,True,0.094
detour-035-overlay,val,detour,library,noir,overlay,3.0,2363.955,False,False,True,0.205,False,True,0.205,True,True,0.094
detour-035-speed,val,detour,library,noir,speed,3.0,2363.955,False,True,True,0.295,True,True,0.295,True,True,0.24
detour-035-screen_recording,val,detour,library,noir,screen_recording,3.0,2363.955,False,True,True,0.205,True,True,0.205,True,True,0.094
detour-036-original,val,detour,library,noir,original,3.0,2374.957,False,True,True,0.293,True,True,0.293,True,True,0.049
detour-036-compression,val,detour,library,noir,compression,3.0,2374.957,False,True,True,0.293,True,True,0.293,True,True,0.118
detour-036-downscale,val,detour,library,noir,downscale,3.0,2374.957,False,True,True,0.207,True,True,0.207,True,True,0.049
detour-036-crop,val,detour,library,noir,crop,3.0,2374.957,False,True,True,0.293,True,True,0.293,True,True,0.049
detour-036-letterbox,val,detour,library,noir,letterbox,3.0,2374.957,False,True,True,3.293,True,True,3.293,True,True,3.052
detour-036-mirror,val,detour,library,noir,mirror,3.0,2374.957,False,True,True,0.293,True,True,0.293,True,True,0.049
detour-036-color,val,detour,library,noir,color,3.0,2374.957,False,True,True,0.293,True,True,0.293,True,True,0.049
detour-036-overlay,val,detour,library,noir,overlay,3.0,2374.957,False,False,True,0.293,False,True,0.293,True,True,0.049
detour-036-speed,val,detour,library,noir,speed,3.0,2374.957,False,True,True,0.207,True,True,0.207,True,True,0.383
detour-036-screen_recording,val,detour,library,noir,screen_recording,3.0,2374.957,False,True,True,0.207,True,True,0.207,True,True,0.118
detour-037-original,val,detour,library,noir,original,5.0,2441.031,False,True,True,0.219,True,True,0.219,True,True,0.026
detour-037-compression,val,detour,library,noir,compression,5.0,2441.031,False,False,True,0.219,False,True,0.219,True,True,0.193
detour-037-downscale,val,detour,library,noir,downscale,5.0,2441.031,False,True,True,0.219,True,True,0.219,True,True,0.026
detour-037-crop,val,detour,library,noir,crop,5.0,2441.031,False,False,True,1398.781,False,True,1398.781,False,True,1402.026
detour-037-letterbox,val,detour,library,noir,letterbox,5.0,2441.031,False,True,True,0.281,True,True,0.281,True,True,0.359
detour-037-mirror,val,detour,library,noir,mirror,5.0,2441.031,False,True,True,0.219,True,True,0.219,True,True,0.026
detour-037-color,val,detour,library,noir,color,5.0,2441.031,False,True,True,0.219,True,True,0.219,True,True,0.026
detour-037-overlay,val,detour,library,noir,overlay,5.0,2441.031,False,False,True,0.219,False,True,0.219,True,True,0.192
detour-037-speed,val,detour,library,noir,speed,5.0,2441.031,False,True,True,0.719,True,True,0.719,True,True,0.642
detour-037-screen_recording,val,detour,library,noir,screen_recording,5.0,2441.031,False,False,True,0.281,False,True,0.281,True,True,0.526
detour-038-original,val,detour,library,noir,original,3.0,2525.301,False,True,True,0.051,True,True,0.051,True,True,0.112
detour-038-compression,val,detour,library,noir,compression,3.0,2525.301,False,True,True,0.051,True,True,0.051,True,True,0.445
detour-038-downscale,val,detour,library,noir,downscale,3.0,2525.301,False,True,True,0.051,True,True,0.051,True,True,0.112
detour-038-crop,val,detour,library,noir,crop,3.0,2525.301,False,False,False,1649.051,False,False,1649.051,False,False,1648.959
detour-038-letterbox,val,detour,library,noir,letterbox,3.0,2525.301,False,True,True,0.051,True,True,0.051,True,True,0.779
detour-038-mirror,val,detour,library,noir,mirror,3.0,2525.301,False,True,True,0.551,True,True,0.551,True,True,0.112
detour-038-color,val,detour,library,noir,color,3.0,2525.301,False,True,True,0.051,True,True,0.051,True,True,0.112
detour-038-overlay,val,detour,library,noir,overlay,3.0,2525.301,False,False,True,0.051,False,True,0.051,True,True,0.112
detour-038-speed,val,detour,library,noir,speed,3.0,2525.301,False,True,True,0.449,True,True,0.449,True,True,0.222
detour-038-screen_recording,val,detour,library,noir,screen_recording,3.0,2525.301,False,True,True,0.051,True,True,0.051,True,True,0.055
detour-039-original,val,detour,library,noir,original,10.0,2549.938,False,True,True,0.188,True,True,0.188,True,True,0.076
detour-039-compression,val,detour,library,noir,compression,10.0,2549.938,False,True,True,0.688,True,True,0.688,True,True,0.591
detour-039-downscale,val,detour,library,noir,downscale,10.0,2549.938,False,True,True,0.188,True,True,0.188,True,True,0.091
detour-039-crop,val,detour,library,noir,crop,10.0,2549.938,False,False,True,1.688,False,True,1.688,False,True,1.259
detour-039-letterbox,val,detour,library,noir,letterbox,10.0,2549.938,False,True,True,0.188,True,True,0.188,False,True,0.591
detour-039-mirror,val,detour,library,noir,mirror,10.0,2549.938,False,True,True,0.312,True,True,0.312,True,True,0.076
detour-039-color,val,detour,library,noir,color,10.0,2549.938,False,True,True,0.312,False,True,0.312,True,True,0.076
detour-039-overlay,val,detour,library,noir,overlay,10.0,2549.938,False,False,True,0.312,False,True,0.312,True,True,0.243
detour-039-speed,val,detour,library,noir,speed,10.0,2549.938,False,True,True,0.812,True,True,0.812,True,True,0.743
detour-039-screen_recording,val,detour,library,noir,screen_recording,10.0,2549.938,False,True,True,0.312,True,True,0.312,True,True,0.076
detour-040-original,test,detour,library,noir,original,5.0,2636.318,False,True,True,0.068,True,True,0.068,True,True,0.016
detour-040-compression,test,detour,library,noir,compression,5.0,2636.318,False,True,True,0.068,True,True,0.068,True,True,0.151
detour-040-downscale,test,detour,library,noir,downscale,5.0,2636.318,False,True,True,0.432,True,True,0.432,True,True,0.151
detour-040-crop,test,detour,library,noir,crop,5.0,2636.318,False,True,True,0.432,True,True,0.432,False,True,0.182
detour-040-letterbox,test,detour,library,noir,letterbox,5.0,2636.318,False,True,True,0.432,True,True,0.432,True,True,0.182
detour-040-mirror,test,detour,library,noir,mirror,5.0,2636.318,False,True,True,0.432,True,True,0.432,True,True,0.016
detour-040-color,test,detour,library,noir,color,5.0,2636.318,False,True,True,0.432,True,True,0.432,True,True,0.516
detour-040-overlay,test,detour,library,noir,overlay,5.0,2636.318,False,False,True,0.068,False,True,0.068,False,True,0.182
detour-040-speed,test,detour,library,noir,speed,5.0,2636.318,False,True,True,0.432,True,True,0.432,True,True,0.683
detour-040-screen_recording,test,detour,library,noir,screen_recording,5.0,2636.318,False,True,True,0.432,True,True,0.432,True,True,0.016
detour-041-original,test,detour,library,noir,original,10.0,2656.624,False,True,True,0.126,True,True,0.126,True,True,0.103
detour-041-compression,test,detour,library,noir,compression,10.0,2656.624,False,True,True,0.126,False,True,0.126,False,True,0.104
detour-041-downscale,test,detour,library,noir,downscale,10.0,2656.624,False,True,True,0.126,True,True,0.126,True,True,0.063
detour-041-crop,test,detour,library,noir,crop,10.0,2656.624,False,True,True,0.126,True,True,0.126,True,True,0.063
detour-041-letterbox,test,detour,library,noir,letterbox,10.0,2656.624,False,True,True,0.126,True,True,0.126,True,True,0.063
detour-041-mirror,test,detour,library,noir,mirror,10.0,2656.624,False,True,True,0.126,True,True,0.126,True,True,0.063
detour-041-color,test,detour,library,noir,color,10.0,2656.624,False,True,True,0.126,True,True,0.126,True,True,0.063
detour-041-overlay,test,detour,library,noir,overlay,10.0,2656.624,False,False,True,0.126,False,True,0.126,True,True,0.103
detour-041-speed,test,detour,library,noir,speed,10.0,2656.624,False,True,True,1.626,True,True,1.626,True,True,1.231
detour-041-screen_recording,test,detour,library,noir,screen_recording,10.0,2656.624,False,True,True,0.126,True,True,0.126,True,True,0.063
detour-042-original,test,detour,library,noir,original,10.0,2754.225,False,True,True,0.025,True,True,0.025,True,True,0.04
detour-042-compression,test,detour,library,noir,compression,10.0,2754.225,False,True,True,0.025,True,True,0.025,True,True,0.207
detour-042-downscale,test,detour,library,noir,downscale,10.0,2754.225,False,True,True,0.025,True,True,0.025,True,True,0.04
detour-042-crop,test,detour,library,noir,crop,10.0,2754.225,False,True,True,27.475,True,True,27.475,False,True,26.7
detour-042-letterbox,test,detour,library,noir,letterbox,10.0,2754.225,False,True,True,0.025,True,True,0.025,True,True,0.207
detour-042-mirror,test,detour,library,noir,mirror,10.0,2754.225,False,True,True,0.025,True,True,0.025,True,True,0.04
detour-042-color,test,detour,library,noir,color,10.0,2754.225,False,True,True,0.025,True,True,0.025,True,True,0.04
detour-042-overlay,test,detour,library,noir,overlay,10.0,2754.225,False,False,True,0.025,False,True,0.025,True,True,0.04
detour-042-speed,test,detour,library,noir,speed,10.0,2754.225,False,True,True,0.525,True,True,0.525,True,True,0.794
detour-042-screen_recording,test,detour,library,noir,screen_recording,10.0,2754.225,False,True,True,0.025,True,True,0.025,False,True,0.627
detour-043-original,test,detour,library,noir,original,10.0,2772.788,False,True,True,0.038,True,True,0.038,True,True,0.049
detour-043-compression,test,detour,library,noir,compression,10.0,2772.788,False,True,True,0.038,True,True,0.038,False,True,0.285
detour-043-downscale,test,detour,library,noir,downscale,10.0,2772.788,False,True,True,0.538,True,True,0.538,True,True,0.118
detour-043-crop,test,detour,library,noir,crop,10.0,2772.788,False,True,True,0.462,True,True,0.462,False,True,0.382
detour-043-letterbox,test,detour,library,noir,letterbox,10.0,2772.788,False,True,True,0.038,True,True,0.038,False,True,0.285
detour-043-mirror,test,detour,library,noir,mirror,10.0,2772.788,False,True,True,0.038,True,True,0.038,True,True,0.118
detour-043-color,test,detour,library,noir,color,10.0,2772.788,False,True,True,0.038,True,True,0.038,True,True,0.118
detour-043-overlay,test,detour,library,noir,overlay,10.0,2772.788,False,False,True,0.038,False,True,0.038,True,True,0.049
detour-043-speed,test,detour,library,noir,speed,10.0,2772.788,False,True,True,1.462,True,True,1.462,True,True,1.217
detour-043-screen_recording,test,detour,library,noir,screen_recording,10.0,2772.788,False,True,True,0.038,True,True,0.038,False,True,0.049
detour-044-original,test,detour,library,noir,original,5.0,2829.69,False,True,True,0.06,True,True,0.06,True,True,0.004
detour-044-compression,test,detour,library,noir,compression,5.0,2829.69,False,False,True,0.06,False,True,0.06,True,True,0.004
detour-044-downscale,test,detour,library,noir,downscale,5.0,2829.69,False,True,True,0.06,True,True,0.06,True,True,0.004
detour-044-crop,test,detour,library,noir,crop,5.0,2829.69,False,True,True,0.06,True,True,0.06,True,True,0.004
detour-044-letterbox,test,detour,library,noir,letterbox,5.0,2829.69,False,True,True,0.06,True,True,0.06,True,True,0.004
detour-044-mirror,test,detour,library,noir,mirror,5.0,2829.69,False,True,True,0.06,True,True,0.06,True,True,0.004
detour-044-color,test,detour,library,noir,color,5.0,2829.69,False,True,True,0.06,True,True,0.06,True,True,0.004
detour-044-overlay,test,detour,library,noir,overlay,5.0,2829.69,False,False,True,0.06,False,True,0.06,True,True,0.004
detour-044-speed,test,detour,library,noir,speed,5.0,2829.69,False,True,True,0.56,True,True,0.56,True,True,0.504
detour-044-screen_recording,test,detour,library,noir,screen_recording,5.0,2829.69,False,False,True,0.06,False,True,0.06,True,True,0.004
detour-045-original,val,detour,library,noir,original,3.0,2892.192,False,True,True,0.058,True,True,0.058,True,True,0.003
detour-045-compression,val,detour,library,noir,compression,3.0,2892.192,False,False,True,0.058,False,True,0.058,False,True,0.17
detour-045-downscale,val,detour,library,noir,downscale,3.0,2892.192,False,True,True,0.442,True,True,0.442,True,True,0.003
detour-045-crop,val,detour,library,noir,crop,3.0,2892.192,False,False,True,22.058,False,True,22.058,False,True,21.819
detour-045-letterbox,val,detour,library,noir,letterbox,3.0,2892.192,False,True,True,0.442,True,True,0.442,True,True,0.003
detour-045-mirror,val,detour,library,noir,mirror,3.0,2892.192,False,True,True,0.058,True,True,0.058,True,True,0.003
detour-045-color,val,detour,library,noir,color,3.0,2892.192,False,True,True,0.058,True,True,0.058,True,True,0.003
detour-045-overlay,val,detour,library,noir,overlay,3.0,2892.192,False,False,True,0.058,False,True,0.058,False,True,0.17
detour-045-speed,val,detour,library,noir,speed,3.0,2892.192,False,True,True,0.558,True,True,0.558,True,True,0.331
detour-045-screen_recording,val,detour,library,noir,screen_recording,3.0,2892.192,False,True,True,0.058,True,True,0.058,True,True,0.17
detour-046-original,val,detour,library,noir,original,5.0,2977.067,False,True,True,0.183,True,True,0.183,True,True,0.06
detour-046-compression,val,detour,library,noir,compression,5.0,2977.067,False,True,True,0.317,True,True,0.317,True,True,0.227
detour-046-downscale,val,detour,library,noir,downscale,5.0,2977.067,False,True,True,0.183,True,True,0.183,True,True,0.06
detour-046-crop,val,detour,library,noir,crop,5.0,2977.067,False,False,True,0.183,False,True,0.183,False,True,0.107
detour-046-letterbox,val,detour,library,noir,letterbox,5.0,2977.067,False,False,True,0.183,False,True,0.183,True,True,0.107
detour-046-mirror,val,detour,library,noir,mirror,5.0,2977.067,False,True,True,0.183,True,True,0.183,True,True,0.107
detour-046-color,val,detour,library,noir,color,5.0,2977.067,False,True,True,0.183,True,True,0.183,True,True,0.06
detour-046-overlay,val,detour,library,noir,overlay,5.0,2977.067,False,False,True,0.183,False,True,0.183,False,True,0.06
detour-046-speed,val,detour,library,noir,speed,5.0,2977.067,False,True,True,0.683,True,True,0.683,True,True,0.608
detour-046-screen_recording,val,detour,library,noir,screen_recording,5.0,2977.067,False,False,True,0.317,False,True,0.317,True,True,0.227
detour-047-original,val,detour,library,noir,original,5.0,3019.149,False,True,True,0.101,True,True,0.101,True,True,0.034
detour-047-compression,val,detour,library,noir,compression,5.0,3019.149,False,True,True,0.101,True,True,0.101,True,True,0.034
detour-047-downscale,val,detour,library,noir,downscale,5.0,3019.149,False,False,True,0.101,False,True,0.101,True,True,0.201
detour-047-crop,val,detour,library,noir,crop,5.0,3019.149,False,True,True,0.101,True,True,0.101,True,True,0.034
detour-047-letterbox,val,detour,library,noir,letterbox,5.0,3019.149,False,True,True,0.101,True,True,0.101,True,True,0.034
detour-047-mirror,val,detour,library,noir,mirror,5.0,3019.149,False,True,True,0.601,True,True,0.601,True,True,0.034
detour-047-color,val,detour,library,noir,color,5.0,3019.149,False,True,True,0.601,True,True,0.601,True,True,0.201
detour-047-overlay,val,detour,library,noir,overlay,5.0,3019.149,False,False,True,0.101,False,True,0.101,True,True,0.034
detour-047-speed,val,detour,library,noir,speed,5.0,3019.149,False,True,True,1.101,True,True,1.101,True,True,0.701
detour-047-screen_recording,val,detour,library,noir,screen_recording,5.0,3019.149,False,True,True,0.399,True,True,0.399,True,True,0.201
detour-048-original,val,detour,library,noir,original,5.0,3069.042,False,True,True,0.292,True,True,0.292,True,True,0.043
detour-048-compression,val,detour,library,noir,compression,5.0,3069.042,False,True,True,0.208,True,True,0.208,False,True,0.291
detour-048-downscale,val,detour,library,noir,downscale,5.0,3069.042,False,True,True,0.292,True,True,0.292,True,True,0.043
detour-048-crop,val,detour,library,noir,crop,5.0,3069.042,False,True,True,1915.792,True,True,1915.792,False,True,1915.356
detour-048-letterbox,val,detour,library,noir,letterbox,5.0,3069.042,False,True,True,631.792,True,True,631.792,False,True,631.874
detour-048-mirror,val,detour,library,noir,mirror,5.0,3069.042,False,True,True,0.292,True,True,0.292,True,True,0.043
detour-048-color,val,detour,library,noir,color,5.0,3069.042,False,True,True,0.292,True,True,0.292,True,True,0.043
detour-048-overlay,val,detour,library,noir,overlay,5.0,3069.042,False,False,True,0.292,False,True,0.292,True,True,0.043
detour-048-speed,val,detour,library,noir,speed,5.0,3069.042,False,True,True,1.208,True,True,1.208,True,True,0.458
detour-048-screen_recording,val,detour,library,noir,screen_recording,5.0,3069.042,False,True,True,0.292,True,True,0.292,False,True,0.21
detour-049-original,test,detour,library,noir,original,10.0,3142.95,False,True,True,0.3,True,True,0.3,True,True,0.056
detour-049-compression,test,detour,library,noir,compression,10.0,3142.95,False,True,True,0.2,True,True,0.2,True,True,0.11
detour-049-downscale,test,detour,library,noir,downscale,10.0,3142.95,False,True,True,0.2,True,True,0.2,True,True,0.11
detour-049-crop,test,detour,library,noir,crop,10.0,3142.95,False,False,True,0.3,False,True,0.3,False,True,0.11
detour-049-letterbox,test,detour,library,noir,letterbox,10.0,3142.95,False,True,True,0.2,True,True,0.2,True,True,0.11
detour-049-mirror,test,detour,library,noir,mirror,10.0,3142.95,False,True,True,0.2,True,True,0.2,True,True,0.11
detour-049-color,test,detour,library,noir,color,10.0,3142.95,False,True,True,0.2,True,True,0.2,True,True,0.057
detour-049-overlay,test,detour,library,noir,overlay,10.0,3142.95,False,False,True,0.3,False,True,0.3,True,True,0.057
detour-049-speed,test,detour,library,noir,speed,10.0,3142.95,False,True,True,1.3,True,True,1.3,True,True,1.224
detour-049-screen_recording,test,detour,library,noir,screen_recording,10.0,3142.95,False,True,True,0.3,True,True,0.3,True,True,0.11
detour-050-original,test,detour,library,noir,original,10.0,3185.307,False,True,True,0.057,True,True,0.057,True,True,0.042
detour-050-compression,test,detour,library,noir,compression,10.0,3185.307,False,True,True,0.057,True,True,0.057,True,True,0.042
detour-050-downscale,test,detour,library,noir,downscale,10.0,3185.307,False,True,True,0.057,True,True,0.057,True,True,0.042
detour-050-crop,test,detour,library,noir,crop,10.0,3185.307,False,True,True,0.057,True,True,0.057,True,True,0.042
detour-050-letterbox,test,detour,library,noir,letterbox,10.0,3185.307,False,True,True,0.057,True,True,0.057,True,True,0.125
detour-050-mirror,test,detour,library,noir,mirror,10.0,3185.307,False,True,True,0.057,True,True,0.057,True,True,0.042
detour-050-color,test,detour,library,noir,color,10.0,3185.307,False,True,True,0.057,True,True,0.057,True,True,0.042
detour-050-overlay,test,detour,library,noir,overlay,10.0,3185.307,False,False,True,0.443,False,True,0.443,True,True,0.042
detour-050-speed,test,detour,library,noir,speed,10.0,3185.307,False,True,True,0.943,True,True,0.943,True,True,0.709
detour-050-screen_recording,test,detour,library,noir,screen_recording,10.0,3185.307,False,True,True,0.057,True,True,0.057,True,True,0.042
detour-051-original,test,detour,library,noir,original,3.0,3236.45,False,True,True,0.3,True,True,0.3,True,True,0.05
detour-051-compression,test,detour,library,noir,compression,3.0,3236.45,False,True,True,1.7,True,True,1.7,True,True,0.083
detour-051-downscale,test,detour,library,noir,downscale,3.0,3236.45,False,True,True,0.3,True,True,0.3,True,True,0.05
detour-051-crop,test,detour,library,noir,crop,3.0,3236.45,False,True,True,4.2,False,True,4.2,False,True,3145.092
detour-051-letterbox,test,detour,library,noir,letterbox,3.0,3236.45,False,True,True,0.3,True,True,0.3,True,True,2.086
detour-051-mirror,test,detour,library,noir,mirror,3.0,3236.45,False,True,True,0.3,True,True,0.3,True,True,0.05
detour-051-color,test,detour,library,noir,color,3.0,3236.45,False,True,True,0.3,True,True,0.3,True,True,0.117
detour-051-overlay,test,detour,library,noir,overlay,3.0,3236.45,False,False,True,0.3,False,True,0.3,True,True,0.117
detour-051-speed,test,detour,library,noir,speed,3.0,3236.45,False,True,True,0.8,True,True,0.8,True,True,0.384
detour-051-screen_recording,test,detour,library,noir,screen_recording,3.0,3236.45,False,True,True,0.7,True,True,0.7,True,True,0.117
detour-052-original,test,detour,library,noir,original,3.0,3302.264,False,True,True,0.014,True,True,0.014,True,True,0.065
detour-052-compression,test,detour,library,noir,compression,3.0,3302.264,False,False,True,0.014,False,True,0.014,True,True,0.098
detour-052-downscale,test,detour,library,noir,downscale,3.0,3302.264,False,True,True,0.014,True,True,0.014,True,True,0.098
detour-052-crop,test,detour,library,noir,crop,3.0,3302.264,False,False,True,0.014,False,True,0.014,False,True,0.265
detour-052-letterbox,test,detour,library,noir,letterbox,3.0,3302.264,False,True,True,0.014,True,True,0.014,True,True,0.098
detour-052-mirror,test,detour,library,noir,mirror,3.0,3302.264,False,True,True,0.014,True,True,0.014,True,True,0.065
detour-052-color,test,detour,library,noir,color,3.0,3302.264,False,True,True,0.014,True,True,0.014,True,True,0.065
detour-052-overlay,test,detour,library,noir,overlay,3.0,3302.264,False,False,True,0.014,False,True,0.014,False,True,0.098
detour-052-speed,test,detour,library,noir,speed,3.0,3302.264,False,True,True,0.014,True,True,0.014,True,True,0.402
detour-052-screen_recording,test,detour,library,noir,screen_recording,3.0,3302.264,False,False,True,0.014,False,True,0.014,False,True,0.098
detour-053-original,test,detour,library,noir,original,5.0,3356.765,False,True,True,0.015,True,True,0.015,True,True,0.089
detour-053-compression,test,detour,library,noir,compression,5.0,3356.765,False,True,True,0.015,True,True,0.015,True,True,0.088
detour-053-downscale,test,detour,library,noir,downscale,5.0,3356.765,False,True,True,0.015,True,True,0.015,True,True,0.088
detour-053-crop,test,detour,library,noir,crop,5.0,3356.765,False,True,True,0.015,True,True,0.015,True,True,0.088
detour-053-letterbox,test,detour,library,noir,letterbox,5.0,3356.765,False,True,True,0.015,True,True,0.015,True,True,0.089
detour-053-mirror,test,detour,library,noir,mirror,5.0,3356.765,False,True,True,0.485,True,True,0.485,True,True,0.255
detour-053-color,test,detour,library,noir,color,5.0,3356.765,False,True,True,0.015,True,True,0.015,True,True,0.088
detour-053-overlay,test,detour,library,noir,overlay,5.0,3356.765,False,False,True,0.015,False,True,0.015,False,True,0.089
detour-053-speed,test,detour,library,noir,speed,5.0,3356.765,False,True,True,0.485,True,True,0.485,True,True,0.589
detour-053-screen_recording,test,detour,library,noir,screen_recording,5.0,3356.765,False,True,True,0.015,True,True,0.015,False,True,0.245
detour-054-original,test,detour,library,noir,original,10.0,3435.262,False,True,True,0.012,True,True,0.012,True,True,0.07
detour-054-compression,test,detour,library,noir,compression,10.0,3435.262,False,True,True,0.012,True,True,0.012,True,True,0.07
detour-054-downscale,test,detour,library,noir,downscale,10.0,3435.262,False,True,True,0.012,True,True,0.012,True,True,0.063
detour-054-crop,test,detour,library,noir,crop,10.0,3435.262,False,True,True,0.012,True,True,0.012,True,True,0.404
detour-054-letterbox,test,detour,library,noir,letterbox,10.0,3435.262,False,True,True,0.012,True,True,0.012,False,True,0.404
detour-054-mirror,test,detour,library,noir,mirror,10.0,3435.262,False,True,True,0.012,True,True,0.012,True,True,0.07
detour-054-color,test,detour,library,noir,color,10.0,3435.262,False,True,True,0.012,True,True,0.012,True,True,0.07
detour-054-overlay,test,detour,library,noir,overlay,10.0,3435.262,False,False,True,0.012,False,True,0.012,True,True,0.07
detour-054-speed,test,detour,library,noir,speed,10.0,3435.262,False,True,True,0.988,True,True,0.988,True,True,0.737
detour-054-screen_recording,test,detour,library,noir,screen_recording,10.0,3435.262,False,True,True,0.012,True,True,0.012,False,True,0.07
detour-055-original,val,detour,library,noir,original,3.0,3453.29,False,True,True,0.04,True,True,0.04,True,True,0.06
detour-055-compression,val,detour,library,noir,compression,3.0,3453.29,False,True,True,0.04,True,True,0.04,True,True,0.06
detour-055-downscale,val,detour,library,noir,downscale,3.0,3453.29,False,True,True,0.04,True,True,0.04,True,True,0.06
detour-055-crop,val,detour,library,noir,crop,3.0,3453.29,False,True,True,0.46,True,True,0.46,False,True,0.06
detour-055-letterbox,val,detour,library,noir,letterbox,3.0,3453.29,False,True,True,0.04,True,True,0.04,True,True,0.274
detour-055-mirror,val,detour,library,noir,mirror,3.0,3453.29,False,True,True,0.04,True,True,0.04,True,True,0.227
detour-055-color,val,detour,library,noir,color,3.0,3453.29,False,True,True,0.04,True,True,0.04,True,True,0.06
detour-055-overlay,val,detour,library,noir,overlay,3.0,3453.29,False,False,True,0.04,False,True,0.04,False,True,0.227
detour-055-speed,val,detour,library,noir,speed,3.0,3453.29,False,True,True,0.46,True,True,0.46,True,True,0.394
detour-055-screen_recording,val,detour,library,noir,screen_recording,3.0,3453.29,False,True,True,5.54,True,True,5.54,True,True,5.279
detour-056-original,val,detour,library,noir,original,10.0,3521.717,False,True,True,0.033,True,True,0.033,True,True,0.032
detour-056-compression,val,detour,library,noir,compression,10.0,3521.717,False,True,True,0.033,True,True,0.033,True,True,0.199
detour-056-downscale,val,detour,library,noir,downscale,10.0,3521.717,False,True,True,0.033,True,True,0.033,True,True,0.032
detour-056-crop,val,detour,library,noir,crop,10.0,3521.717,False,True,True,0.467,True,True,0.467,False,True,0.366
detour-056-letterbox,val,detour,library,noir,letterbox,10.0,3521.717,False,True,True,0.033,True,True,0.033,True,True,0.533
detour-056-mirror,val,detour,library,noir,mirror,10.0,3521.717,False,True,True,0.033,True,True,0.033,True,True,0.032
detour-056-color,val,detour,library,noir,color,10.0,3521.717,False,True,True,0.033,True,True,0.033,True,True,0.032
detour-056-overlay,val,detour,library,noir,overlay,10.0,3521.717,False,False,True,0.033,False,True,0.033,True,True,0.032
detour-056-speed,val,detour,library,noir,speed,10.0,3521.717,False,True,True,0.533,True,True,0.533,True,True,0.802
detour-056-screen_recording,val,detour,library,noir,screen_recording,10.0,3521.717,False,True,True,0.033,True,True,0.033,True,True,0.366
detour-057-original,test,detour,library,noir,original,3.0,3582.095,False,True,True,0.155,True,True,0.155,True,True,0.083
detour-057-compression,test,detour,library,noir,compression,3.0,3582.095,False,True,True,0.155,True,True,0.155,True,True,0.083
detour-057-downscale,test,detour,library,noir,downscale,3.0,3582.095,False,True,True,0.155,True,True,0.155,True,True,0.083
detour-057-crop,test,detour,library,noir,crop,3.0,3582.095,False,True,True,0.155,True,True,0.155,True,True,0.083
detour-057-letterbox,test,detour,library,noir,letterbox,3.0,3582.095,False,True,True,0.155,True,True,0.155,True,True,0.25
detour-057-mirror,test,detour,library,noir,mirror,3.0,3582.095,False,True,True,0.155,True,True,0.155,True,True,0.083
detour-057-color,test,detour,library,noir,color,3.0,3582.095,False,True,True,0.155,True,True,0.155,True,True,0.084
detour-057-overlay,test,detour,library,noir,overlay,3.0,3582.095,False,False,True,0.155,False,True,0.155,True,True,0.084
detour-057-speed,test,detour,library,noir,speed,3.0,3582.095,False,True,True,0.655,True,True,0.655,True,True,0.417
detour-057-screen_recording,test,detour,library,noir,screen_recording,3.0,3582.095,False,True,True,0.655,True,True,0.655,True,True,0.417
detour-058-original,test,detour,library,noir,original,3.0,3620.924,False,True,True,0.174,True,True,0.174,True,True,0.074
detour-058-compression,test,detour,library,noir,compression,3.0,3620.924,False,False,True,0.826,False,True,0.826,True,True,0.093
detour-058-downscale,test,detour,library,noir,downscale,3.0,3620.924,False,False,True,0.326,False,True,0.326,True,True,0.24
detour-058-crop,test,detour,library,noir,crop,3.0,3620.924,False,True,True,2.326,True,True,2.326,True,True,2.096
detour-058-letterbox,test,detour,library,noir,letterbox,3.0,3620.924,False,True,True,0.326,True,True,0.326,True,True,0.427
detour-058-mirror,test,detour,library,noir,mirror,3.0,3620.924,False,True,True,0.174,True,True,0.174,True,True,0.093
detour-058-color,test,detour,library,noir,color,3.0,3620.924,False,True,True,0.326,True,True,0.326,True,True,0.074
detour-058-overlay,test,detour,library,noir,overlay,3.0,3620.924,False,False,True,0.174,False,True,0.174,False,True,0.074
detour-058-speed,test,detour,library,noir,speed,3.0,3620.924,False,False,True,0.326,False,True,0.326,True,True,0.427
detour-058-screen_recording,test,detour,library,noir,screen_recording,3.0,3620.924,False,False,True,1.326,False,True,1.326,True,True,0.427
detour-059-original,test,detour,library,noir,original,3.0,3683.577,False,True,True,0.173,True,True,0.173,True,True,0.103
detour-059-compression,test,detour,library,noir,compression,3.0,3683.577,False,True,True,0.327,True,True,0.327,True,True,0.231
detour-059-downscale,test,detour,library,noir,downscale,3.0,3683.577,False,True,True,0.173,True,True,0.173,True,True,0.064
detour-059-crop,test,detour,library,noir,crop,3.0,3683.577,False,True,True,0.327,True,True,0.327,True,True,0.231
detour-059-letterbox,test,detour,library,noir,letterbox,3.0,3683.577,False,True,True,0.173,True,True,0.173,True,True,0.398
detour-059-mirror,test,detour,library,noir,mirror,3.0,3683.577,False,True,True,0.173,True,True,0.173,True,True,0.064
detour-059-color,test,detour,library,noir,color,3.0,3683.577,False,True,True,0.173,True,True,0.173,True,True,0.064
detour-059-overlay,test,detour,library,noir,overlay,3.0,3683.577,False,False,True,0.173,False,True,0.173,True,True,0.064
detour-059-speed,test,detour,library,noir,speed,3.0,3683.577,False,True,True,0.173,True,True,0.173,True,True,0.27
detour-059-screen_recording,test,detour,library,noir,screen_recording,3.0,3683.577,False,True,True,0.173,True,True,0.173,True,True,0.231
the-general-000-original,test,the-general,library,silent,original,10.0,385.356,False,True,True,0.106,True,True,0.106,True,True,0.16
the-general-000-compression,test,the-general,library,silent,compression,10.0,385.356,False,True,True,0.606,True,True,0.606,True,True,0.16
the-general-000-downscale,test,the-general,library,silent,downscale,10.0,385.356,False,True,True,0.394,True,True,0.394,True,True,0.16
the-general-000-crop,test,the-general,library,silent,crop,10.0,385.356,False,True,True,0.394,False,True,0.394,True,True,0.16
the-general-000-letterbox,test,the-general,library,silent,letterbox,10.0,385.356,False,True,True,0.106,True,True,0.106,True,True,0.16
the-general-000-mirror,test,the-general,library,silent,mirror,10.0,385.356,False,True,True,0.106,False,True,0.106,False,True,0.007
the-general-000-color,test,the-general,library,silent,color,10.0,385.356,False,True,True,0.106,True,True,0.106,True,True,0.007
the-general-000-overlay,test,the-general,library,silent,overlay,10.0,385.356,False,False,True,0.106,False,True,0.106,True,True,0.007
the-general-000-speed,test,the-general,library,silent,speed,10.0,385.356,False,True,True,1.394,True,True,1.394,True,True,1.508
the-general-000-screen_recording,test,the-general,library,silent,screen_recording,10.0,385.356,False,True,True,0.394,True,True,0.394,True,True,0.007
the-general-001-original,val,the-general,library,silent,original,5.0,445.999,False,True,True,0.251,True,True,0.251,True,True,0.039
the-general-001-compression,val,the-general,library,silent,compression,5.0,445.999,False,True,True,0.251,True,True,0.251,True,True,0.039
the-general-001-downscale,val,the-general,library,silent,downscale,5.0,445.999,False,True,True,0.251,True,True,0.251,True,True,0.039
the-general-001-crop,val,the-general,library,silent,crop,5.0,445.999,False,True,True,0.249,True,True,0.249,True,True,0.461
the-general-001-letterbox,val,the-general,library,silent,letterbox,5.0,445.999,False,True,True,8.751,True,True,8.751,False,True,8.171
the-general-001-mirror,val,the-general,library,silent,mirror,5.0,445.999,False,True,True,0.251,True,True,0.251,True,True,0.039
the-general-001-color,val,the-general,library,silent,color,5.0,445.999,False,True,True,0.251,True,True,0.251,True,True,0.039
the-general-001-overlay,val,the-general,library,silent,overlay,5.0,445.999,False,False,True,0.249,False,True,0.249,True,True,0.039
the-general-001-speed,val,the-general,library,silent,speed,5.0,445.999,False,True,True,0.751,True,True,0.751,True,True,0.665
the-general-001-screen_recording,val,the-general,library,silent,screen_recording,5.0,445.999,False,True,True,0.751,False,True,0.751,False,True,0.206
the-general-002-original,test,the-general,library,silent,original,3.0,530.333,False,True,True,0.083,True,True,0.083,True,True,0.026
the-general-002-compression,test,the-general,library,silent,compression,3.0,530.333,False,False,True,0.083,False,True,0.083,False,True,1.142
the-general-002-downscale,test,the-general,library,silent,downscale,3.0,530.333,False,True,True,0.083,True,True,0.083,True,True,0.026
the-general-002-crop,test,the-general,library,silent,crop,3.0,530.333,False,True,True,0.083,False,True,0.083,True,True,0.141
the-general-002-letterbox,test,the-general,library,silent,letterbox,3.0,530.333,False,False,True,0.417,False,True,0.417,True,True,0.026
the-general-002-mirror,test,the-general,library,silent,mirror,3.0,530.333,False,True,True,0.083,True,True,0.083,True,True,0.026
the-general-002-color,test,the-general,library,silent,color,3.0,530.333,False,False,True,0.083,False,True,0.083,True,True,0.026
the-general-002-overlay,test,the-general,library,silent,overlay,3.0,530.333,False,False,True,0.083,False,True,0.083,False,True,0.141
the-general-002-speed,test,the-general,library,silent,speed,3.0,530.333,False,True,True,0.417,True,True,0.417,True,True,0.526
the-general-002-screen_recording,test,the-general,library,silent,screen_recording,3.0,530.333,False,True,True,0.083,False,True,0.083,True,True,0.141
the-general-003-original,val,the-general,library,silent,original,3.0,593.68,False,True,True,0.07,True,True,0.07,True,True,0.144
the-general-003-compression,val,the-general,library,silent,compression,3.0,593.68,False,True,True,0.07,True,True,0.07,True,True,0.311
the-general-003-downscale,val,the-general,library,silent,downscale,3.0,593.68,False,True,True,0.07,True,True,0.07,True,True,0.144
the-general-003-crop,val,the-general,library,silent,crop,3.0,593.68,False,True,True,0.07,True,True,0.07,True,True,0.477
the-general-003-letterbox,val,the-general,library,silent,letterbox,3.0,593.68,False,True,True,0.07,True,True,0.07,True,True,0.023
the-general-003-mirror,val,the-general,library,silent,mirror,3.0,593.68,False,True,True,289.93,False,True,289.93,False,True,6.153
the-general-003-color,val,the-general,library,silent,color,3.0,593.68,False,True,True,0.07,True,True,0.07,True,True,0.144
the-general-003-overlay,val,the-general,library,silent,overlay,3.0,593.68,False,False,True,0.07,False,True,0.07,True,True,0.477
the-general-003-speed,val,the-general,library,silent,speed,3.0,593.68,False,True,True,0.57,True,True,0.57,True,True,0.357
the-general-003-screen_recording,val,the-general,library,silent,screen_recording,3.0,593.68,False,True,True,0.07,False,True,0.07,True,True,0.023
the-general-004-original,val,the-general,library,silent,original,10.0,678.89,False,True,True,0.14,True,True,0.14,True,True,0.033
the-general-004-compression,val,the-general,library,silent,compression,10.0,678.89,False,True,True,0.14,True,True,0.14,True,True,0.033
the-general-004-downscale,val,the-general,library,silent,downscale,10.0,678.89,False,True,True,0.36,True,True,0.36,True,True,0.033
the-general-004-crop,val,the-general,library,silent,crop,10.0,678.89,False,False,True,0.14,False,True,0.14,False,True,0.033
the-general-004-letterbox,val,the-general,library,silent,letterbox,10.0,678.89,False,True,True,0.36,True,True,0.36,True,True,0.033
the-general-004-mirror,val,the-general,library,silent,mirror,10.0,678.89,False,False,True,0.14,False,True,0.14,False,True,0.033
the-general-004-color,val,the-general,library,silent,color,10.0,678.89,False,True,True,0.14,True,True,0.14,True,True,0.033
the-general-004-overlay,val,the-general,library,silent,overlay,10.0,678.89,False,False,True,0.14,False,True,0.14,False,True,0.134
the-general-004-speed,val,the-general,library,silent,speed,10.0,678.89,False,True,True,1.36,True,True,1.36,True,True,1.135
the-general-004-screen_recording,val,the-general,library,silent,screen_recording,10.0,678.89,False,True,True,0.14,False,True,0.14,True,True,0.134
the-general-005-original,test,the-general,library,silent,original,5.0,726.524,False,True,True,1.726,True,True,1.726,True,True,0.165
the-general-005-compression,test,the-general,library,silent,compression,5.0,726.524,False,True,True,4.726,True,True,4.726,False,True,5.67
the-general-005-downscale,test,the-general,library,silent,downscale,5.0,726.524,False,True,True,0.274,True,True,0.274,True,True,0.165
the-general-005-crop,test,the-general,library,silent,crop,5.0,726.524,False,True,True,5.226,True,True,5.226,False,True,4.835
the-general-005-letterbox,test,the-general,library,silent,letterbox,5.0,726.524,False,True,True,4.226,True,True,4.226,False,True,4.669
the-general-005-mirror,test,the-general,library,silent,mirror,5.0,726.524,False,False,True,609.274,False,True,609.274,False,True,608.843
the-general-005-color,test,the-general,library,silent,color,5.0,726.524,False,True,True,6.726,True,True,6.726,False,True,5.503
the-general-005-overlay,test,the-general,library,silent,overlay,5.0,726.524,False,True,True,4.226,True,True,4.226,True,True,4.001
the-general-005-speed,test,the-general,library,silent,speed,5.0,726.524,False,True,True,1.226,True,True,1.226,True,True,1.333
the-general-005-screen_recording,test,the-general,library,silent,screen_recording,5.0,726.524,False,True,True,5.226,True,True,5.226,True,True,4.835
the-general-006-original,val,the-general,library,silent,original,5.0,787.352,False,False,True,0.102,False,True,0.102,True,True,0.012
the-general-006-compression,val,the-general,library,silent,compression,5.0,787.352,False,False,True,0.102,False,True,0.102,False,True,0.154
the-general-006-downscale,val,the-general,library,silent,downscale,5.0,787.352,False,False,True,0.398,False,True,0.398,False,True,0.012
the-general-006-crop,val,the-general,library,silent,crop,5.0,787.352,False,False,True,0.398,False,True,0.398,False,True,0.179
the-general-006-letterbox,val,the-general,library,silent,letterbox,5.0,787.352,False,False,True,0.398,False,True,0.398,False,True,0.012
the-general-006-mirror,val,the-general,library,silent,mirror,5.0,787.352,False,False,True,0.102,False,True,0.102,False,True,0.012
the-general-006-color,val,the-general,library,silent,color,5.0,787.352,False,False,True,0.398,False,True,0.398,True,True,0.012
the-general-006-overlay,val,the-general,library,silent,overlay,5.0,787.352,False,False,True,0.398,False,True,0.398,False,True,0.012
the-general-006-speed,val,the-general,library,silent,speed,5.0,787.352,False,False,True,0.898,False,True,0.898,True,True,0.68
the-general-006-screen_recording,val,the-general,library,silent,screen_recording,5.0,787.352,False,False,True,0.398,False,True,0.398,False,True,0.346
the-general-007-original,val,the-general,library,silent,original,10.0,877.443,False,True,True,0.307,True,True,0.307,True,True,0.08
the-general-007-compression,val,the-general,library,silent,compression,10.0,877.443,False,True,True,0.307,False,True,0.307,True,True,0.087
the-general-007-downscale,val,the-general,library,silent,downscale,10.0,877.443,False,True,True,0.307,True,True,0.307,True,True,0.087
the-general-007-crop,val,the-general,library,silent,crop,10.0,877.443,False,True,True,0.193,True,True,0.193,False,True,0.08
the-general-007-letterbox,val,the-general,library,silent,letterbox,10.0,877.443,False,True,True,0.307,True,True,0.307,True,True,0.08
the-general-007-mirror,val,the-general,library,silent,mirror,10.0,877.443,False,True,True,0.307,True,True,0.307,True,True,0.08
the-general-007-color,val,the-general,library,silent,color,10.0,877.443,False,False,True,0.307,False,True,0.307,True,True,0.08
the-general-007-overlay,val,the-general,library,silent,overlay,10.0,877.443,False,False,True,0.307,False,True,0.307,False,True,0.247
the-general-007-speed,val,the-general,library,silent,speed,10.0,877.443,False,True,True,0.807,True,True,0.807,True,True,0.58
the-general-007-screen_recording,val,the-general,library,silent,screen_recording,10.0,877.443,False,False,True,0.307,False,True,0.307,False,True,0.08
the-general-008-original,test,the-general,library,silent,original,5.0,963.264,False,True,True,0.014,True,True,0.014,True,True,0.08
the-general-008-compression,test,the-general,library,silent,compression,5.0,963.264,False,True,True,0.486,True,True,0.486,True,True,0.08
the-general-008-downscale,test,the-general,library,silent,downscale,5.0,963.264,False,True,True,0.014,True,True,0.014,True,True,0.08
the-general-008-crop,test,the-general,library,silent,crop,5.0,963.264,False,True,True,0.014,False,True,0.014,True,True,0.086
the-general-008-letterbox,test,the-general,library,silent,letterbox,5.0,963.264,False,True,True,0.014,False,True,0.014,True,True,0.08
the-general-008-mirror,test,the-general,library,silent,mirror,5.0,963.264,False,True,True,0.486,True,True,0.486,True,True,0.08
the-general-008-color,test,the-general,library,silent,color,5.0,963.264,False,True,True,0.486,True,True,0.486,True,True,0.08
the-general-008-overlay,test,the-general,library,silent,overlay,5.0,963.264,False,False,True,0.014,False,True,0.014,True,True,0.247
the-general-008-speed,test,the-general,library,silent,speed,5.0,963.264,False,True,True,0.986,True,True,0.986,True,True,0.914
the-general-008-screen_recording,test,the-general,library,silent,screen_recording,5.0,963.264,False,True,True,0.014,False,True,0.014,True,True,0.247
the-general-009-original,val,the-general,library,silent,original,5.0,976.868,False,True,True,0.118,True,True,0.118,True,True,0.012
the-general-009-compression,val,the-general,library,silent,compression,5.0,976.868,False,True,True,20.382,True,True,20.382,True,True,0.321
the-general-009-downscale,val,the-general,library,silent,downscale,5.0,976.868,False,True,True,0.118,True,True,0.118,True,True,0.012
the-general-009-crop,val,the-general,library,silent,crop,5.0,976.868,False,True,True,0.118,True,True,0.118,False,True,0.012
the-general-009-letterbox,val,the-general,library,silent,letterbox,5.0,976.868,False,True,True,0.382,True,True,0.382,False,True,0.155
the-general-009-mirror,val,the-general,library,silent,mirror,5.0,976.868,False,True,True,0.118,True,True,0.118,True,True,0.155
the-general-009-color,val,the-general,library,silent,color,5.0,976.868,False,True,True,0.382,True,True,0.382,True,True,0.012
the-general-009-overlay,val,the-general,library,silent,overlay,5.0,976.868,False,False,True,0.118,False,True,0.118,True,True,0.155
the-general-009-speed,val,the-general,library,silent,speed,5.0,976.868,False,True,True,0.118,True,True,0.118,True,True,0.655
the-general-009-screen_recording,val,the-general,library,silent,screen_recording,5.0,976.868,False,True,True,1.618,True,True,1.618,True,True,1.847
the-general-010-original,test,the-general,library,silent,original,10.0,1042.133,False,True,True,0.117,True,True,0.117,True,True,0.069
the-general-010-compression,test,the-general,library,silent,compression,10.0,1042.133,False,True,True,0.117,True,True,0.117,False,True,0.265
the-general-010-downscale,test,the-general,library,silent,downscale,10.0,1042.133,False,True,True,0.117,True,True,0.117,True,True,0.069
the-general-010-crop,test,the-general,library,silent,crop,10.0,1042.133,False,True,True,0.117,True,True,0.117,True,True,0.098
the-general-010-letterbox,test,the-general,library,silent,letterbox,10.0,1042.133,False,True,True,0.117,True,True,0.117,True,True,0.098
the-general-010-mirror,test,the-general,library,silent,mirror,10.0,1042.133,False,True,True,0.117,True,True,0.117,True,True,0.069
the-general-010-color,test,the-general,library,silent,color,10.0,1042.133,False,True,True,0.117,True,True,0.117,True,True,0.194
the-general-010-overlay,test,the-general,library,silent,overlay,10.0,1042.133,False,False,True,0.117,False,True,0.117,True,True,0.069
the-general-010-speed,test,the-general,library,silent,speed,10.0,1042.133,False,True,True,1.117,True,True,1.117,True,True,0.903
the-general-010-screen_recording,test,the-general,library,silent,screen_recording,10.0,1042.133,False,True,True,0.117,True,True,0.117,True,True,0.069
the-general-011-original,test,the-general,library,silent,original,10.0,1130.846,False,True,True,0.096,True,True,0.096,True,True,0.154
the-general-011-compression,test,the-general,library,silent,compression,10.0,1130.846,False,True,True,0.096,True,True,0.096,True,True,0.154
the-general-011-downscale,test,the-general,library,silent,downscale,10.0,1130.846,False,True,True,0.096,True,True,0.096,True,True,0.013
the-general-011-crop,test,the-general,library,silent,crop,10.0,1130.846,False,True,True,2487.404,False,True,2487.404,False,True,2487.169
the-general-011-letterbox,test,the-general,library,silent,letterbox,10.0,1130.846,False,True,True,0.096,True,True,0.096,True,True,0.18
the-general-011-mirror,test,the-general,library,silent,mirror,10.0,1130.846,False,True,True,0.096,True,True,0.096,True,True,0.013
the-general-011-color,test,the-general,library,silent,color,10.0,1130.846,False,True,True,0.096,True,True,0.096,True,True,0.013
the-general-011-overlay,test,the-general,library,silent,overlay,10.0,1130.846,False,False,True,0.096,False,True,0.096,False,True,0.013
the-general-011-speed,test,the-general,library,silent,speed,10.0,1130.846,False,True,True,1.404,True,True,1.404,True,True,1.014
the-general-011-screen_recording,test,the-general,library,silent,screen_recording,10.0,1130.846,False,True,True,0.096,True,True,0.096,True,True,0.18
the-general-012-original,test,the-general,library,silent,original,3.0,1209.033,False,True,True,0.217,True,True,0.217,True,True,0.141
the-general-012-compression,test,the-general,library,silent,compression,3.0,1209.033,False,True,True,0.283,True,True,0.283,True,True,0.526
the-general-012-downscale,test,the-general,library,silent,downscale,3.0,1209.033,False,True,True,0.283,True,True,0.283,True,True,1.193
the-general-012-crop,test,the-general,library,silent,crop,3.0,1209.033,False,False,True,0.283,False,True,0.283,True,True,0.526
the-general-012-letterbox,test,the-general,library,silent,letterbox,3.0,1209.033,False,True,True,0.283,False,True,0.283,True,True,0.86
the-general-012-mirror,test,the-general,library,silent,mirror,3.0,1209.033,False,False,True,566.783,False,True,566.783,False,True,906.364
the-general-012-color,test,the-general,library,silent,color,3.0,1209.033,False,False,True,0.283,False,True,0.283,True,True,0.86
the-general-012-overlay,test,the-general,library,silent,overlay,3.0,1209.033,False,False,True,0.283,False,True,0.283,True,True,0.475
the-general-012-speed,test,the-general,library,silent,speed,3.0,1209.033,False,True,True,0.217,True,True,0.217,True,True,0.026
the-general-012-screen_recording,test,the-general,library,silent,screen_recording,3.0,1209.033,False,False,True,0.217,False,True,0.217,True,True,0.693
the-general-013-original,val,the-general,library,silent,original,5.0,1267.42,False,True,True,0.33,True,True,0.33,True,True,0.095
the-general-013-compression,val,the-general,library,silent,compression,5.0,1267.42,False,False,True,0.33,False,True,0.33,False,True,0.261
the-general-013-downscale,val,the-general,library,silent,downscale,5.0,1267.42,False,True,True,0.33,False,True,0.33,True,True,0.095
the-general-013-crop,val,the-general,library,silent,crop,5.0,1267.42,False,False,True,0.33,False,True,0.33,False,True,0.261
the-general-013-letterbox,val,the-general,library,silent,letterbox,5.0,1267.42,False,True,True,0.33,True,True,0.33,True,True,0.261
the-general-013-mirror,val,the-general,library,silent,mirror,5.0,1267.42,False,True,True,0.33,True,True,0.33,True,True,0.095
the-general-013-color,val,the-general,library,silent,color,5.0,1267.42,False,True,True,0.33,True,True,0.33,True,True,0.095
the-general-013-overlay,val,the-general,library,silent,overlay,5.0,1267.42,False,False,True,0.33,False,True,0.33,True,True,0.095
the-general-013-speed,val,the-general,library,silent,speed,5.0,1267.42,False,True,True,0.33,True,True,0.33,True,True,0.428
the-general-013-screen_recording,val,the-general,library,silent,screen_recording,5.0,1267.42,False,True,True,0.33,True,True,0.33,True,True,0.261
the-general-014-original,val,the-general,library,silent,original,10.0,1353.613,False,True,True,0.137,True,True,0.137,True,True,0.057
the-general-014-compression,val,the-general,library,silent,compression,10.0,1353.613,False,True,True,0.137,True,True,0.137,True,True,0.11
the-general-014-downscale,val,the-general,library,silent,downscale,10.0,1353.613,False,True,True,0.137,True,True,0.137,True,True,0.11
the-general-014-crop,val,the-general,library,silent,crop,10.0,1353.613,False,True,True,0.137,True,True,0.137,True,True,0.057
the-general-014-letterbox,val,the-general,library,silent,letterbox,10.0,1353.613,False,True,True,0.137,True,True,0.137,True,True,0.057
the-general-014-mirror,val,the-general,library,silent,mirror,10.0,1353.613,False,True,True,0.137,True,True,0.137,True,True,0.057
the-general-014-color,val,the-general,library,silent,color,10.0,1353.613,False,True,True,0.137,True,True,0.137,True,True,0.057
the-general-014-overlay,val,the-general,library,silent,overlay,10.0,1353.613,False,False,True,0.137,False,True,0.137,True,True,0.057
the-general-014-speed,val,the-general,library,silent,speed,10.0,1353.613,False,True,True,0.637,True,True,0.637,True,True,0.724
the-general-014-screen_recording,val,the-general,library,silent,screen_recording,10.0,1353.613,False,True,True,0.137,True,True,0.137,True,True,0.39
the-general-015-original,test,the-general,library,silent,original,10.0,1413.117,False,True,True,0.133,True,True,0.133,True,True,0.061
the-general-015-compression,test,the-general,library,silent,compression,10.0,1413.117,False,True,True,0.133,False,True,0.133,True,True,0.273
the-general-015-downscale,test,the-general,library,silent,downscale,10.0,1413.117,False,True,True,0.133,False,True,0.133,True,True,0.106
the-general-015-crop,test,the-general,library,silent,crop,10.0,1413.117,False,True,True,0.133,False,True,0.133,False,True,0.106
the-general-015-letterbox,test,the-general,library,silent,letterbox,10.0,1413.117,False,True,True,0.133,False,True,0.133,True,True,0.106
the-general-015-mirror,test,the-general,library,silent,mirror,10.0,1413.117,False,True,True,0.133,True,True,0.133,True,True,0.061
the-general-015-color,test,the-general,library,silent,color,10.0,1413.117,False,True,True,0.133,True,True,0.133,True,True,0.061
the-general-015-overlay,test,the-general,library,silent,overlay,10.0,1413.117,False,False,True,0.133,False,True,0.133,False,True,0.061
the-general-015-speed,test,the-general,library,silent,speed,10.0,1413.117,False,True,True,1.133,True,True,1.133,True,True,1.061
the-general-015-screen_recording,test,the-general,library,silent,screen_recording,10.0,1413.117,False,True,True,0.133,False,True,0.133,False,True,0.061
the-general-016-original,val,the-general,library,silent,original,10.0,1466.802,False,True,True,0.052,True,True,0.052,True,True,0.045
the-general-016-compression,val,the-general,library,silent,compression,10.0,1466.802,False,True,True,0.052,True,True,0.052,False,True,0.288
the-general-016-downscale,val,the-general,library,silent,downscale,10.0,1466.802,False,True,True,0.052,True,True,0.052,True,True,0.121
the-general-016-crop,val,the-general,library,silent,crop,10.0,1466.802,False,True,True,0.052,True,True,0.052,False,True,0.045
the-general-016-letterbox,val,the-general,library,silent,letterbox,10.0,1466.802,False,True,True,0.052,True,True,0.052,True,True,0.121
the-general-016-mirror,val,the-general,library,silent,mirror,10.0,1466.802,False,True,True,0.052,True,True,0.052,True,True,0.045
the-general-016-color,val,the-general,library,silent,color,10.0,1466.802,False,True,True,0.052,True,True,0.052,True,True,0.045
the-general-016-overlay,val,the-general,library,silent,overlay,10.0,1466.802,False,False,True,0.052,False,True,0.052,False,True,0.045
the-general-016-speed,val,the-general,library,silent,speed,10.0,1466.802,False,True,True,0.448,True,True,0.448,True,True,1.213
the-general-016-screen_recording,val,the-general,library,silent,screen_recording,10.0,1466.802,False,True,True,0.052,True,True,0.052,True,True,0.379
the-general-017-original,test,the-general,library,silent,original,5.0,1534.825,False,True,True,0.075,True,True,0.075,True,True,0.037
the-general-017-compression,test,the-general,library,silent,compression,5.0,1534.825,False,True,True,0.075,False,True,0.075,True,True,0.129
the-general-017-downscale,test,the-general,library,silent,downscale,5.0,1534.825,False,True,True,0.075,True,True,0.075,True,True,0.037
the-general-017-crop,test,the-general,library,silent,crop,5.0,1534.825,False,True,True,0.075,False,True,0.075,False,True,0.129
the-general-017-letterbox,test,the-general,library,silent,letterbox,5.0,1534.825,False,True,True,0.075,False,True,0.075,False,True,0.129
the-general-017-mirror,test,the-general,library,silent,mirror,5.0,1534.825,False,True,True,0.075,True,True,0.075,True,True,0.129
the-general-017-color,test,the-general,library,silent,color,5.0,1534.825,False,True,True,0.075,True,True,0.075,True,True,0.129
the-general-017-overlay,test,the-general,library,silent,overlay,5.0,1534.825,False,False,True,0.075,False,True,0.075,False,True,0.037
the-general-017-speed,test,the-general,library,silent,speed,5.0,1534.825,False,True,True,0.925,True,True,0.925,True,True,0.538
the-general-017-screen_recording,test,the-general,library,silent,screen_recording,5.0,1534.825,False,False,True,0.075,False,True,0.075,True,True,0.129
the-general-018-original,test,the-general,library,silent,original,10.0,1597.963,False,True,True,0.213,True,True,0.213,True,True,0.035
the-general-018-compression,test,the-general,library,silent,compression,10.0,1597.963,False,True,True,0.213,True,True,0.213,True,True,0.131
the-general-018-downscale,test,the-general,library,silent,downscale,10.0,1597.963,False,True,True,0.213,True,True,0.213,True,True,0.035
the-general-018-crop,test,the-general,library,silent,crop,10.0,1597.963,False,True,True,0.213,True,True,0.213,False,True,0.035
the-general-018-letterbox,test,the-general,library,silent,letterbox,10.0,1597.963,False,True,True,0.287,True,True,0.287,True,True,0.035
the-general-018-mirror,test,the-general,library,silent,mirror,10.0,1597.963,False,True,True,0.287,True,True,0.287,True,True,0.035
the-general-018-color,test,the-general,library,silent,color,10.0,1597.963,False,True,True,0.213,True,True,0.213,True,True,0.035
the-general-018-overlay,test,the-general,library,silent,overlay,10.0,1597.963,False,False,True,0.213,False,True,0.213,True,True,0.035
the-general-018-speed,test,the-general,library,silent,speed,10.0,1597.963,False,True,True,1.287,True,True,1.287,True,True,1.036
the-general-018-screen_recording,test,the-general,library,silent,screen_recording,10.0,1597.963,False,True,True,0.213,True,True,0.213,True,True,0.077
the-general-019-original,val,the-general,library,silent,original,5.0,1647.006,False,True,True,0.256,True,True,0.256,True,True,0.033
the-general-019-compression,val,the-general,library,silent,compression,5.0,1647.006,False,True,True,0.256,True,True,0.256,True,True,0.467
the-general-019-downscale,val,the-general,library,silent,downscale,5.0,1647.006,False,True,True,0.256,True,True,0.256,True,True,0.175
the-general-019-crop,val,the-general,library,silent,crop,5.0,1647.006,False,True,True,0.256,True,True,0.256,True,True,0.008
the-general-019-letterbox,val,the-general,library,silent,letterbox,5.0,1647.006,False,True,True,2.756,True,True,2.756,False,True,2.636
the-general-019-mirror,val,the-general,library,silent,mirror,5.0,1647.006,False,True,True,0.256,True,True,0.256,True,True,0.009
the-general-019-color,val,the-general,library,silent,color,5.0,1647.006,False,True,True,1.256,True,True,1.256,True,True,0.175
the-general-019-overlay,val,the-general,library,silent,overlay,5.0,1647.006,False,False,True,0.256,False,True,0.256,True,True,0.134
the-general-019-speed,val,the-general,library,silent,speed,5.0,1647.006,False,True,True,0.744,True,True,0.744,True,True,0.634
the-general-019-screen_recording,val,the-general,library,silent,screen_recording,5.0,1647.006,False,True,True,0.256,True,True,0.256,True,True,0.467
the-general-020-original,test,the-general,library,silent,original,5.0,1720.817,False,False,True,0.067,False,True,0.067,True,True,0.034
the-general-020-compression,test,the-general,library,silent,compression,5.0,1720.817,False,False,True,0.067,False,True,0.067,False,True,0.3
the-general-020-downscale,test,the-general,library,silent,downscale,5.0,1720.817,False,False,True,0.067,False,True,0.067,True,True,0.034
the-general-020-crop,test,the-general,library,silent,crop,5.0,1720.817,False,False,True,0.067,False,True,0.067,False,True,0.034
the-general-020-letterbox,test,the-general,library,silent,letterbox,5.0,1720.817,False,False,True,0.067,False,True,0.067,True,True,0.3
the-general-020-mirror,test,the-general,library,silent,mirror,5.0,1720.817,False,True,True,0.067,True,True,0.067,True,True,0.133
the-general-020-color,test,the-general,library,silent,color,5.0,1720.817,False,False,True,0.067,False,True,0.067,True,True,0.034
the-general-020-overlay,test,the-general,library,silent,overlay,5.0,1720.817,False,False,True,0.067,False,True,0.067,False,True,0.133
the-general-020-speed,test,the-general,library,silent,speed,5.0,1720.817,False,True,True,0.067,True,True,0.067,True,True,0.367
the-general-020-screen_recording,test,the-general,library,silent,screen_recording,5.0,1720.817,False,False,True,0.067,False,True,0.067,True,True,0.3
the-general-021-original,test,the-general,library,silent,original,3.0,1801.71,False,False,True,0.04,False,True,0.04,True,True,0.042
the-general-021-compression,test,the-general,library,silent,compression,3.0,1801.71,False,True,True,0.04,True,True,0.04,True,True,0.292
the-general-021-downscale,test,the-general,library,silent,downscale,3.0,1801.71,False,True,True,0.04,True,True,0.04,True,True,0.125
the-general-021-crop,test,the-general,library,silent,crop,3.0,1801.71,False,True,True,0.04,True,True,0.04,True,True,0.125
the-general-021-letterbox,test,the-general,library,silent,letterbox,3.0,1801.71,False,True,True,0.04,True,True,0.04,True,True,0.042
the-general-021-mirror,test,the-general,library,silent,mirror,3.0,1801.71,False,True,True,0.04,True,True,0.04,True,True,0.042
the-general-021-color,test,the-general,library,silent,color,3.0,1801.71,False,False,True,0.04,False,True,0.04,True,True,0.042
the-general-021-overlay,test,the-general,library,silent,overlay,3.0,1801.71,False,False,True,2.04,False,True,2.04,True,True,0.292
the-general-021-speed,test,the-general,library,silent,speed,3.0,1801.71,False,True,True,0.04,True,True,0.04,True,True,0.458
the-general-021-screen_recording,test,the-general,library,silent,screen_recording,3.0,1801.71,False,True,True,0.04,True,True,0.04,True,True,0.042
the-general-022-original,val,the-general,library,silent,original,5.0,1877.939,False,True,True,0.189,True,True,0.189,True,True,0.084
the-general-022-compression,val,the-general,library,silent,compression,5.0,1877.939,False,True,True,0.311,True,True,0.311,True,True,0.084
the-general-022-downscale,val,the-general,library,silent,downscale,5.0,1877.939,False,True,True,0.189,True,True,0.189,True,True,0.084
the-general-022-crop,val,the-general,library,silent,crop,5.0,1877.939,False,True,True,0.189,True,True,0.189,True,True,0.251
the-general-022-letterbox,val,the-general,library,silent,letterbox,5.0,1877.939,False,True,True,0.311,True,True,0.311,True,True,0.083
the-general-022-mirror,val,the-general,library,silent,mirror,5.0,1877.939,False,True,True,0.189,True,True,0.189,True,True,0.084
the-general-022-color,val,the-general,library,silent,color,5.0,1877.939,False,True,True,0.311,True,True,0.311,True,True,0.082
the-general-022-overlay,val,the-general,library,silent,overlay,5.0,1877.939,False,False,True,0.189,False,True,0.189,False,True,0.082
the-general-022-speed,val,the-general,library,silent,speed,5.0,1877.939,False,True,True,0.311,True,True,0.311,True,True,0.251
the-general-022-screen_recording,val,the-general,library,silent,screen_recording,5.0,1877.939,False,True,True,0.189,True,True,0.189,True,True,0.084
the-general-023-original,test,the-general,library,silent,original,5.0,1951.471,False,True,True,0.279,True,True,0.279,True,True,0.03
the-general-023-compression,test,the-general,library,silent,compression,5.0,1951.471,False,True,True,0.279,True,True,0.279,True,True,0.03
the-general-023-downscale,test,the-general,library,silent,downscale,5.0,1951.471,False,True,True,0.279,True,True,0.279,True,True,0.03
the-general-023-crop,test,the-general,library,silent,crop,5.0,1951.471,False,True,True,0.221,False,True,0.221,False,True,0.137
the-general-023-letterbox,test,the-general,library,silent,letterbox,5.0,1951.471,False,True,True,0.279,False,True,0.279,False,True,0.03
the-general-023-mirror,test,the-general,library,silent,mirror,5.0,1951.471,False,True,True,0.279,True,True,0.279,True,True,0.03
the-general-023-color,test,the-general,library,silent,color,5.0,1951.471,False,True,True,0.279,True,True,0.279,True,True,0.03
the-general-023-overlay,test,the-general,library,silent,overlay,5.0,1951.471,False,False,True,0.279,False,True,0.279,False,True,0.03
the-general-023-speed,test,the-general,library,silent,speed,5.0,1951.471,False,True,True,0.779,True,True,0.779,True,True,0.698
the-general-023-screen_recording,test,the-general,library,silent,screen_recording,5.0,1951.471,False,True,True,0.279,False,True,0.279,False,True,1.198
the-general-024-original,val,the-general,library,silent,original,3.0,1983.442,False,True,True,0.192,True,True,0.192,True,True,0.086
the-general-024-compression,val,the-general,library,silent,compression,3.0,1983.442,False,True,True,0.308,True,True,0.308,True,True,1.087
the-general-024-downscale,val,the-general,library,silent,downscale,3.0,1983.442,False,True,True,0.308,False,True,0.308,True,True,1.254
the-general-024-crop,val,the-general,library,silent,crop,3.0,1983.442,False,True,True,1.308,True,True,1.308,True,True,0.42
the-general-024-letterbox,val,the-general,library,silent,letterbox,3.0,1983.442,False,True,True,1.308,True,True,1.308,True,True,1.087
the-general-024-mirror,val,the-general,library,silent,mirror,3.0,1983.442,False,False,True,0.308,False,True,0.308,True,True,0.081
the-general-024-color,val,the-general,library,silent,color,3.0,1983.442,False,False,True,0.808,False,True,0.808,True,True,0.753
the-general-024-overlay,val,the-general,library,silent,overlay,3.0,1983.442,False,False,True,0.808,False,True,0.808,True,True,0.253
the-general-024-speed,val,the-general,library,silent,speed,3.0,1983.442,False,True,True,0.308,True,True,0.308,True,True,0.42
the-general-024-screen_recording,val,the-general,library,silent,screen_recording,3.0,1983.442,False,True,True,0.808,True,True,0.808,True,True,0.748
the-general-025-original,val,the-general,library,silent,original,10.0,2050.347,False,True,True,0.403,True,True,0.403,True,True,0.013
the-general-025-compression,val,the-general,library,silent,compression,10.0,2050.347,False,True,True,0.097,False,True,0.097,False,True,0.347
the-general-025-downscale,val,the-general,library,silent,downscale,10.0,2050.347,False,True,True,0.097,True,True,0.097,True,True,0.013
the-general-025-crop,val,the-general,library,silent,crop,10.0,2050.347,False,True,True,0.403,True,True,0.403,True,True,0.013
the-general-025-letterbox,val,the-general,library,silent,letterbox,10.0,2050.347,False,True,True,0.097,False,True,0.097,False,True,0.014
the-general-025-mirror,val,the-general,library,silent,mirror,10.0,2050.347,False,True,True,0.097,True,True,0.097,True,True,0.013
the-general-025-color,val,the-general,library,silent,color,10.0,2050.347,False,True,True,0.403,True,True,0.403,True,True,0.013
the-general-025-overlay,val,the-general,library,silent,overlay,10.0,2050.347,False,False,True,0.097,False,True,0.097,False,True,0.013
the-general-025-speed,val,the-general,library,silent,speed,10.0,2050.347,False,True,True,0.903,True,True,0.903,True,True,1.321
the-general-025-screen_recording,val,the-general,library,silent,screen_recording,10.0,2050.347,False,True,True,0.403,True,True,0.403,True,True,0.013
the-general-026-original,val,the-general,library,silent,original,10.0,2141.594,False,True,True,0.156,True,True,0.156,True,True,0.066
the-general-026-compression,val,the-general,library,silent,compression,10.0,2141.594,False,True,True,0.156,True,True,0.156,True,True,0.059
the-general-026-downscale,val,the-general,library,silent,downscale,10.0,2141.594,False,True,True,0.156,True,True,0.156,True,True,0.059
the-general-026-crop,val,the-general,library,silent,crop,10.0,2141.594,False,True,True,0.156,False,True,0.156,True,True,0.226
the-general-026-letterbox,val,the-general,library,silent,letterbox,10.0,2141.594,False,True,True,0.156,True,True,0.156,True,True,0.107
the-general-026-mirror,val,the-general,library,silent,mirror,10.0,2141.594,False,True,True,0.156,True,True,0.156,True,True,0.059
the-general-026-color,val,the-general,library,silent,color,10.0,2141.594,False,True,True,0.156,True,True,0.156,True,True,0.107
the-general-026-overlay,val,the-general,library,silent,overlay,10.0,2141.594,False,False,True,0.156,False,True,0.156,True,True,0.059
the-general-026-speed,val,the-general,library,silent,speed,10.0,2141.594,False,True,True,1.156,True,True,1.156,True,True,1.4
the-general-026-screen_recording,val,the-general,library,silent,screen_recording,10.0,2141.594,False,True,True,0.156,True,True,0.156,True,True,0.107
the-general-027-original,val,the-general,library,silent,original,5.0,2190.267,False,True,True,0.017,True,True,0.017,True,True,0.067
the-general-027-compression,val,the-general,library,silent,compression,5.0,2190.267,False,True,True,0.017,True,True,0.017,True,True,0.234
the-general-027-downscale,val,the-general,library,silent,downscale,5.0,2190.267,False,True,True,0.017,True,True,0.017,True,True,0.234
the-general-027-crop,val,the-general,library,silent,crop,5.0,2190.267,False,True,True,0.017,True,True,0.017,True,True,0.067
the-general-027-letterbox,val,the-general,library,silent,letterbox,5.0,2190.267,False,True,True,0.017,True,True,0.017,True,True,0.4
the-general-027-mirror,val,the-general,library,silent,mirror,5.0,2190.267,False,True,True,0.017,True,True,0.017,True,True,0.234
the-general-027-color,val,the-general,library,silent,color,5.0,2190.267,False,True,True,0.017,True,True,0.017,True,True,0.067
the-general-027-overlay,val,the-general,library,silent,overlay,5.0,2190.267,False,False,True,0.017,False,True,0.017,True,True,0.1
the-general-027-speed,val,the-general,library,silent,speed,5.0,2190.267,False,True,True,0.483,True,True,0.483,True,True,0.434
the-general-027-screen_recording,val,the-general,library,silent,screen_recording,5.0,2190.267,False,True,True,0.017,True,True,0.017,True,True,0.1
the-general-028-original,test,the-general,library,silent,original,5.0,2265.967,False,True,True,0.283,True,True,0.283,True,True,0.046
the-general-028-compression,test,the-general,library,silent,compression,5.0,2265.967,False,True,True,0.283,True,True,0.283,False,True,0.121
the-general-028-downscale,test,the-general,library,silent,downscale,5.0,2265.967,False,True,True,0.283,True,True,0.283,False,True,0.12
the-general-028-crop,test,the-general,library,silent,crop,5.0,2265.967,False,True,True,0.283,True,True,0.283,False,True,0.713
the-general-028-letterbox,test,the-general,library,silent,letterbox,5.0,2265.967,False,True,True,0.283,True,True,0.283,True,True,0.12
the-general-028-mirror,test,the-general,library,silent,mirror,5.0,2265.967,False,True,True,0.283,True,True,0.283,True,True,0.38
the-general-028-color,test,the-general,library,silent,color,5.0,2265.967,False,False,True,0.283,False,True,0.283,True,True,0.046
the-general-028-overlay,test,the-general,library,silent,overlay,5.0,2265.967,False,False,True,0.283,False,True,0.283,True,True,0.12
the-general-028-speed,test,the-general,library,silent,speed,5.0,2265.967,False,True,True,0.283,True,True,0.283,True,True,0.213
the-general-028-screen_recording,test,the-general,library,silent,screen_recording,5.0,2265.967,False,False,True,0.283,False,True,0.283,False,True,0.046
the-general-029-original,test,the-general,library,silent,original,10.0,2299.207,False,True,True,0.043,True,True,0.043,True,True,0.041
the-general-029-compression,test,the-general,library,silent,compression,10.0,2299.207,False,False,True,0.043,False,True,0.043,False,True,0.375
the-general-029-downscale,test,the-general,library,silent,downscale,10.0,2299.207,False,False,True,0.043,False,True,0.043,True,True,0.041
the-general-029-crop,test,the-general,library,silent,crop,10.0,2299.207,False,True,True,0.043,True,True,0.043,True,True,0.126
the-general-029-letterbox,test,the-general,library,silent,letterbox,10.0,2299.207,False,True,True,0.043,True,True,0.043,True,True,0.041
the-general-029-mirror,test,the-general,library,silent,mirror,10.0,2299.207,False,True,True,0.043,True,True,0.043,True,True,0.041
the-general-029-color,test,the-general,library,silent,color,10.0,2299.207,False,False,True,0.043,False,True,0.043,True,True,0.001
the-general-029-overlay,test,the-general,library,silent,overlay,10.0,2299.207,False,False,True,0.043,False,True,0.043,False,True,0.126
the-general-029-speed,test,the-general,library,silent,speed,10.0,2299.207,False,True,True,1.543,True,True,1.543,True,True,1.293
the-general-029-screen_recording,test,the-general,library,silent,screen_recording,10.0,2299.207,False,False,True,0.043,False,True,0.043,True,True,0.041
the-general-030-original,val,the-general,library,silent,original,5.0,2397.671,False,True,True,0.079,True,True,0.079,True,True,0.006
the-general-030-compression,val,the-general,library,silent,compression,5.0,2397.671,False,False,True,0.921,False,True,0.921,False,True,0.006
the-general-030-downscale,val,the-general,library,silent,downscale,5.0,2397.671,False,True,True,0.079,True,True,0.079,False,True,0.202
the-general-030-crop,val,the-general,library,silent,crop,5.0,2397.671,False,True,True,0.079,True,True,0.079,False,True,0.131
the-general-030-letterbox,val,the-general,library,silent,letterbox,5.0,2397.671,False,False,True,1.079,False,True,1.079,True,True,0.327
the-general-030-mirror,val,the-general,library,silent,mirror,5.0,2397.671,False,True,True,0.079,True,True,0.079,True,True,0.131
the-general-030-color,val,the-general,library,silent,color,5.0,2397.671,False,True,True,0.079,True,True,0.079,True,True,0.006
the-general-030-overlay,val,the-general,library,silent,overlay,5.0,2397.671,False,False,True,0.079,False,True,0.079,False,True,0.131
the-general-030-speed,val,the-general,library,silent,speed,5.0,2397.671,False,True,True,0.079,True,True,0.079,True,True,0.536
the-general-030-screen_recording,val,the-general,library,silent,screen_recording,5.0,2397.671,False,False,True,0.079,False,True,0.079,False,True,0.173
the-general-031-original,val,the-general,library,silent,original,10.0,2452.857,False,True,True,0.107,True,True,0.107,True,True,0.021
the-general-031-compression,val,the-general,library,silent,compression,10.0,2452.857,False,True,True,0.107,True,True,0.107,False,True,0.021
the-general-031-downscale,val,the-general,library,silent,downscale,10.0,2452.857,False,True,True,0.107,True,True,0.107,False,True,0.021
the-general-031-crop,val,the-general,library,silent,crop,10.0,2452.857,False,True,True,0.107,True,True,0.107,False,True,0.021
the-general-031-letterbox,val,the-general,library,silent,letterbox,10.0,2452.857,False,True,True,0.107,True,True,0.107,False,True,0.021
the-general-031-mirror,val,the-general,library,silent,mirror,10.0,2452.857,False,True,True,0.107,True,True,0.107,False,True,0.021
the-general-031-color,val,the-general,library,silent,color,10.0,2452.857,False,True,True,0.107,True,True,0.107,True,True,0.021
the-general-031-overlay,val,the-general,library,silent,overlay,10.0,2452.857,False,False,True,0.107,False,True,0.107,False,True,0.145
the-general-031-speed,val,the-general,library,silent,speed,10.0,2452.857,False,True,True,1.893,True,True,1.893,False,True,1.814
the-general-031-screen_recording,val,the-general,library,silent,screen_recording,10.0,2452.857,False,True,True,0.107,True,True,0.107,False,True,0.188
the-general-032-original,val,the-general,library,silent,original,5.0,2530.045,False,True,True,0.205,True,True,0.205,True,True,0.02
the-general-032-compression,val,the-general,library,silent,compression,5.0,2530.045,False,True,True,3.205,True,True,3.205,False,True,0.354
the-general-032-downscale,val,the-general,library,silent,downscale,5.0,2530.045,False,True,True,0.295,True,True,0.295,True,True,0.02
the-general-032-crop,val,the-general,library,silent,crop,5.0,2530.045,False,True,True,0.205,True,True,0.205,True,True,0.147
the-general-032-letterbox,val,the-general,library,silent,letterbox,5.0,2530.045,False,True,True,0.205,True,True,0.205,False,True,0.187
the-general-032-mirror,val,the-general,library,silent,mirror,5.0,2530.045,False,True,True,0.205,True,True,0.205,True,True,0.02
the-general-032-color,val,the-general,library,silent,color,5.0,2530.045,False,False,True,0.205,False,True,0.205,False,True,2.649
the-general-032-overlay,val,the-general,library,silent,overlay,5.0,2530.045,False,False,True,0.205,False,True,0.205,False,True,0.187
the-general-032-speed,val,the-general,library,silent,speed,5.0,2530.045,False,True,True,0.205,True,True,0.205,True,True,0.48
the-general-032-screen_recording,val,the-general,library,silent,screen_recording,5.0,2530.045,False,True,True,0.205,True,True,0.205,False,True,2.188
the-general-033-original,test,the-general,library,silent,original,10.0,2610.643,False,True,True,0.107,True,True,0.107,True,True,0.033
the-general-033-compression,test,the-general,library,silent,compression,10.0,2610.643,False,True,True,0.107,True,True,0.107,True,True,0.199
the-general-033-downscale,test,the-general,library,silent,downscale,10.0,2610.643,False,True,True,0.107,True,True,0.107,True,True,0.033
the-general-033-crop,test,the-general,library,silent,crop,10.0,2610.643,False,True,True,0.107,True,True,0.107,False,True,0.033
the-general-033-letterbox,test,the-general,library,silent,letterbox,10.0,2610.643,False,True,True,0.393,True,True,0.393,False,True,0.033
the-general-033-mirror,test,the-general,library,silent,mirror,10.0,2610.643,False,True,True,0.107,True,True,0.107,True,True,0.033
the-general-033-color,test,the-general,library,silent,color,10.0,2610.643,False,True,True,0.107,True,True,0.107,True,True,0.033
the-general-033-overlay,test,the-general,library,silent,overlay,10.0,2610.643,False,False,True,0.107,False,True,0.107,True,True,0.199
the-general-033-speed,test,the-general,library,silent,speed,10.0,2610.643,False,True,True,1.107,True,True,1.107,True,True,1.367
the-general-033-screen_recording,test,the-general,library,silent,screen_recording,10.0,2610.643,False,True,True,0.607,True,True,0.607,True,True,0.366
the-general-034-original,test,the-general,library,silent,original,10.0,2669.158,False,True,True,0.092,True,True,0.092,True,True,0.025
the-general-034-compression,test,the-general,library,silent,compression,10.0,2669.158,False,True,True,0.092,True,True,0.092,True,True,0.025
the-general-034-downscale,test,the-general,library,silent,downscale,10.0,2669.158,False,True,True,0.092,True,True,0.092,True,True,0.025
the-general-034-crop,test,the-general,library,silent,crop,10.0,2669.158,False,True,True,0.092,True,True,0.092,True,True,0.025
the-general-034-letterbox,test,the-general,library,silent,letterbox,10.0,2669.158,False,True,True,0.092,True,True,0.092,True,True,0.142
the-general-034-mirror,test,the-general,library,silent,mirror,10.0,2669.158,False,True,True,0.092,True,True,0.092,True,True,0.025
the-general-034-color,test,the-general,library,silent,color,10.0,2669.158,False,True,True,0.092,True,True,0.092,True,True,0.191
the-general-034-overlay,test,the-general,library,silent,overlay,10.0,2669.158,False,False,True,0.092,False,True,0.092,False,True,0.025
the-general-034-speed,test,the-general,library,silent,speed,10.0,2669.158,False,True,True,0.592,True,True,0.592,True,True,0.692
the-general-034-screen_recording,test,the-general,library,silent,screen_recording,10.0,2669.158,False,True,True,0.092,True,True,0.092,True,True,0.142
the-general-035-original,val,the-general,library,silent,original,5.0,2710.242,False,True,True,0.008,True,True,0.008,True,True,0.067
the-general-035-compression,val,the-general,library,silent,compression,5.0,2710.242,False,True,True,2.008,True,True,2.008,False,True,2.102
the-general-035-downscale,val,the-general,library,silent,downscale,5.0,2710.242,False,True,True,0.008,True,True,0.008,True,True,0.067
the-general-035-crop,val,the-general,library,silent,crop,5.0,2710.242,False,True,True,0.008,True,True,0.008,False,True,0.1
the-general-035-letterbox,val,the-general,library,silent,letterbox,5.0,2710.242,False,True,True,2.508,True,True,2.508,False,True,2.769
the-general-035-mirror,val,the-general,library,silent,mirror,5.0,2710.242,False,True,True,0.008,True,True,0.008,True,True,0.1
the-general-035-color,val,the-general,library,silent,color,5.0,2710.242,False,True,True,0.008,False,True,0.008,False,True,0.1
the-general-035-overlay,val,the-general,library,silent,overlay,5.0,2710.242,False,False,True,0.008,False,True,0.008,False,True,0.1
the-general-035-speed,val,the-general,library,silent,speed,5.0,2710.242,False,True,True,0.508,True,True,0.508,True,True,0.6
the-general-035-screen_recording,val,the-general,library,silent,screen_recording,5.0,2710.242,False,True,True,0.008,True,True,0.008,True,True,0.234
the-general-036-original,test,the-general,library,silent,original,3.0,2798.772,False,False,True,0.022,False,True,0.022,True,True,0.06
the-general-036-compression,test,the-general,library,silent,compression,3.0,2798.772,False,True,True,0.022,True,True,0.022,True,True,0.398
the-general-036-downscale,test,the-general,library,silent,downscale,3.0,2798.772,False,True,True,0.022,True,True,0.022,True,True,0.107
the-general-036-crop,test,the-general,library,silent,crop,3.0,2798.772,False,True,True,0.522,True,True,0.522,False,True,0.94
the-general-036-letterbox,test,the-general,library,silent,letterbox,3.0,2798.772,False,True,True,0.022,True,True,0.022,True,True,0.398
the-general-036-mirror,test,the-general,library,silent,mirror,3.0,2798.772,False,True,True,0.022,True,True,0.022,True,True,0.065
the-general-036-color,test,the-general,library,silent,color,3.0,2798.772,False,False,True,0.022,False,True,0.022,True,True,0.06
the-general-036-overlay,test,the-general,library,silent,overlay,3.0,2798.772,False,False,True,0.022,False,True,0.022,True,True,0.231
the-general-036-speed,test,the-general,library,silent,speed,3.0,2798.772,False,False,True,0.022,False,True,0.022,True,True,0.227
the-general-036-screen_recording,test,the-general,library,silent,screen_recording,3.0,2798.772,False,True,True,0.022,True,True,0.022,True,True,0.394
the-general-037-original,val,the-general,library,silent,original,3.0,2831.793,False,True,True,0.457,True,True,0.457,True,True,0.067
the-general-037-compression,val,the-general,library,silent,compression,3.0,2831.793,False,True,True,4.543,True,True,4.543,True,True,5.438
the-general-037-downscale,val,the-general,library,silent,downscale,3.0,2831.793,False,True,True,4.543,True,True,4.543,True,True,5.271
the-general-037-crop,val,the-general,library,silent,crop,3.0,2831.793,False,True,True,1.457,True,True,1.457,True,True,1.568
the-general-037-letterbox,val,the-general,library,silent,letterbox,3.0,2831.793,False,False,True,1.457,False,True,1.457,True,True,0.234
the-general-037-mirror,val,the-general,library,silent,mirror,3.0,2831.793,False,False,True,2713.543,False,True,2713.543,False,True,2713.444
the-general-037-color,val,the-general,library,silent,color,3.0,2831.793,False,True,True,1.043,True,True,1.043,True,True,0.434
the-general-037-overlay,val,the-general,library,silent,overlay,3.0,2831.793,False,True,True,0.957,True,True,0.957,True,True,0.567
the-general-037-speed,val,the-general,library,silent,speed,3.0,2831.793,False,True,True,0.043,True,True,0.043,True,True,0.567
the-general-037-screen_recording,val,the-general,library,silent,screen_recording,3.0,2831.793,False,True,True,3.543,False,True,3.543,True,True,5.104
the-general-038-original,test,the-general,library,silent,original,5.0,2924.219,False,True,True,0.031,True,True,0.031,True,True,0.032
the-general-038-compression,test,the-general,library,silent,compression,5.0,2924.219,False,True,True,0.031,True,True,0.031,True,True,0.135
the-general-038-downscale,test,the-general,library,silent,downscale,5.0,2924.219,False,True,True,0.031,True,True,0.031,True,True,0.199
the-general-038-crop,test,the-general,library,silent,crop,5.0,2924.219,False,True,True,1496.969,False,True,1496.969,False,True,1040.691
the-general-038-letterbox,test,the-general,library,silent,letterbox,5.0,2924.219,False,True,True,0.031,True,True,0.031,True,True,0.135
the-general-038-mirror,test,the-general,library,silent,mirror,5.0,2924.219,False,True,True,0.031,True,True,0.031,True,True,0.032
the-general-038-color,test,the-general,library,silent,color,5.0,2924.219,False,True,True,0.031,True,True,0.031,True,True,0.032
the-general-038-overlay,test,the-general,library,silent,overlay,5.0,2924.219,False,False,True,0.031,False,True,0.031,False,True,0.301
the-general-038-speed,test,the-general,library,silent,speed,5.0,2924.219,False,True,True,0.531,True,True,0.531,True,True,0.468
the-general-038-screen_recording,test,the-general,library,silent,screen_recording,5.0,2924.219,False,True,True,0.031,False,True,0.031,True,True,0.032
the-general-039-original,val,the-general,library,silent,original,10.0,2979.893,False,True,True,0.143,True,True,0.143,True,True,0.035
the-general-039-compression,val,the-general,library,silent,compression,10.0,2979.893,False,True,True,0.143,True,True,0.143,True,True,0.132
the-general-039-downscale,val,the-general,library,silent,downscale,10.0,2979.893,False,True,True,0.143,True,True,0.143,True,True,0.035
the-general-039-crop,val,the-general,library,silent,crop,10.0,2979.893,False,True,True,0.143,True,True,0.143,True,True,0.702
the-general-039-letterbox,val,the-general,library,silent,letterbox,10.0,2979.893,False,True,True,0.357,True,True,0.357,False,True,0.035
the-general-039-mirror,val,the-general,library,silent,mirror,10.0,2979.893,False,True,True,0.143,True,True,0.143,True,True,0.035
the-general-039-color,val,the-general,library,silent,color,10.0,2979.893,False,True,True,0.143,True,True,0.143,True,True,0.035
the-general-039-overlay,val,the-general,library,silent,overlay,10.0,2979.893,False,False,True,0.143,False,True,0.143,False,True,0.035
the-general-039-speed,val,the-general,library,silent,speed,10.0,2979.893,False,True,True,0.857,True,True,0.857,True,True,0.466
the-general-039-screen_recording,val,the-general,library,silent,screen_recording,10.0,2979.893,False,True,True,0.143,True,True,0.143,False,True,0.299
the-general-040-original,test,the-general,library,silent,original,3.0,3055.302,False,True,True,0.052,True,True,0.052,True,True,0.131
the-general-040-compression,test,the-general,library,silent,compression,3.0,3055.302,False,True,True,0.448,True,True,0.448,True,True,0.131
the-general-040-downscale,test,the-general,library,silent,downscale,3.0,3055.302,False,True,True,4.948,True,True,4.948,True,True,0.298
the-general-040-crop,test,the-general,library,silent,crop,3.0,3055.302,False,True,True,14.552,True,True,14.552,True,True,14.101
the-general-040-letterbox,test,the-general,library,silent,letterbox,3.0,3055.302,False,True,True,1.948,True,True,1.948,False,True,23.275
the-general-040-mirror,test,the-general,library,silent,mirror,3.0,3055.302,False,True,True,25.052,True,True,25.052,False,True,25.777
the-general-040-color,test,the-general,library,silent,color,3.0,3055.302,False,True,True,0.052,True,True,0.052,True,True,0.131
the-general-040-overlay,test,the-general,library,silent,overlay,3.0,3055.302,False,False,True,4.552,False,True,4.552,False,True,4.468
the-general-040-speed,test,the-general,library,silent,speed,3.0,3055.302,False,True,True,0.948,True,True,0.948,True,True,0.369
the-general-040-screen_recording,test,the-general,library,silent,screen_recording,3.0,3055.302,False,True,True,2.948,True,True,2.948,True,True,2.538
the-general-041-original,test,the-general,library,silent,original,3.0,3090.693,False,False,True,0.057,False,True,0.057,True,True,0.008
the-general-041-compression,test,the-general,library,silent,compression,3.0,3090.693,False,True,True,0.443,True,True,0.443,True,True,0.008
the-general-041-downscale,test,the-general,library,silent,downscale,3.0,3090.693,False,False,True,0.057,False,True,0.057,True,True,0.159
the-general-041-crop,test,the-general,library,silent,crop,3.0,3090.693,False,True,True,11.443,True,True,11.443,True,True,11.502
the-general-041-letterbox,test,the-general,library,silent,letterbox,3.0,3090.693,False,True,True,0.443,True,True,0.443,True,True,0.174
the-general-041-mirror,test,the-general,library,silent,mirror,3.0,3090.693,False,True,True,0.057,True,True,0.057,True,True,0.159
the-general-041-color,test,the-general,library,silent,color,3.0,3090.693,False,False,True,0.057,False,True,0.057,True,True,0.008
the-general-041-overlay,test,the-general,library,silent,overlay,3.0,3090.693,False,False,True,0.057,False,True,0.057,True,True,0.007
the-general-041-speed,test,the-general,library,silent,speed,3.0,3090.693,False,True,True,0.557,True,True,0.557,True,True,0.341
the-general-041-screen_recording,test,the-general,library,silent,screen_recording,3.0,3090.693,False,True,True,0.057,True,True,0.057,True,True,0.008
the-general-042-original,test,the-general,library,silent,original,10.0,3207.73,False,True,True,0.02,True,True,0.02,True,True,0.057
the-general-042-compression,test,the-general,library,silent,compression,10.0,3207.73,False,True,True,0.02,True,True,0.02,True,True,0.224
the-general-042-downscale,test,the-general,library,silent,downscale,10.0,3207.73,False,True,True,0.02,True,True,0.02,True,True,0.057
the-general-042-crop,test,the-general,library,silent,crop,10.0,3207.73,False,True,True,0.02,True,True,0.02,True,True,0.391
the-general-042-letterbox,test,the-general,library,silent,letterbox,10.0,3207.73,False,True,True,0.02,True,True,0.02,True,True,0.224
the-general-042-mirror,test,the-general,library,silent,mirror,10.0,3207.73,False,True,True,0.02,True,True,0.02,True,True,0.057
the-general-042-color,test,the-general,library,silent,color,10.0,3207.73,False,True,True,0.02,True,True,0.02,True,True,0.11
the-general-042-overlay,test,the-general,library,silent,overlay,10.0,3207.73,False,False,True,0.02,False,True,0.02,False,True,0.057
the-general-042-speed,test,the-general,library,silent,speed,10.0,3207.73,False,True,True,1.02,True,True,1.02,True,True,1.111
the-general-042-screen_recording,test,the-general,library,silent,screen_recording,10.0,3207.73,False,True,True,0.02,True,True,0.02,True,True,0.277
the-general-043-original,val,the-general,library,silent,original,10.0,3262.961,False,True,True,0.289,True,True,0.289,True,True,0.05
the-general-043-compression,val,the-general,library,silent,compression,10.0,3262.961,False,True,True,0.211,True,True,0.211,True,True,0.117
the-general-043-downscale,val,the-general,library,silent,downscale,10.0,3262.961,False,True,True,0.211,True,True,0.211,True,True,0.05
the-general-043-crop,val,the-general,library,silent,crop,10.0,3262.961,False,True,True,0.289,True,True,0.289,True,True,0.117
the-general-043-letterbox,val,the-general,library,silent,letterbox,10.0,3262.961,False,True,True,0.289,True,True,0.289,True,True,0.05
the-general-043-mirror,val,the-general,library,silent,mirror,10.0,3262.961,False,True,True,0.211,True,True,0.211,True,True,0.117
the-general-043-color,val,the-general,library,silent,color,10.0,3262.961,False,True,True,0.211,True,True,0.211,True,True,0.05
the-general-043-overlay,val,the-general,library,silent,overlay,10.0,3262.961,False,False,True,0.289,False,True,0.289,False,True,0.05
the-general-043-speed,val,the-general,library,silent,speed,10.0,3262.961,False,True,True,1.289,True,True,1.289,True,True,1.384
the-general-043-screen_recording,val,the-general,library,silent,screen_recording,10.0,3262.961,False,True,True,0.289,True,True,0.289,True,True,0.05
the-general-044-original,test,the-general,library,silent,original,10.0,3317.282,False,True,True,0.032,True,True,0.032,True,True,0.066
the-general-044-compression,test,the-general,library,silent,compression,10.0,3317.282,False,True,True,0.032,False,True,0.032,True,True,0.101
the-general-044-downscale,test,the-general,library,silent,downscale,10.0,3317.282,False,True,True,0.032,True,True,0.032,True,True,0.066
the-general-044-crop,test,the-general,library,silent,crop,10.0,3317.282,False,True,True,0.032,True,True,0.032,False,True,0.066
the-general-044-letterbox,test,the-general,library,silent,letterbox,10.0,3317.282,False,True,True,0.032,True,True,0.032,True,True,0.066
the-general-044-mirror,test,the-general,library,silent,mirror,10.0,3317.282,False,True,True,0.032,True,True,0.032,True,True,0.066
the-general-044-color,test,the-general,library,silent,color,10.0,3317.282,False,True,True,0.032,True,True,0.032,True,True,0.066
the-general-044-overlay,test,the-general,library,silent,overlay,10.0,3317.282,False,False,True,0.032,False,True,0.032,True,True,0.101
the-general-044-speed,test,the-general,library,silent,speed,10.0,3317.282,False,True,True,1.468,True,True,1.468,True,True,1.4
the-general-044-screen_recording,test,the-general,library,silent,screen_recording,10.0,3317.282,False,True,True,0.032,False,True,0.032,False,True,0.268
the-general-045-original,val,the-general,library,silent,original,10.0,3378.049,False,True,True,0.201,True,True,0.201,True,True,0.026
the-general-045-compression,val,the-general,library,silent,compression,10.0,3378.049,False,True,True,0.201,True,True,0.201,False,True,0.026
the-general-045-downscale,val,the-general,library,silent,downscale,10.0,3378.049,False,True,True,0.201,True,True,0.201,True,True,0.026
the-general-045-crop,val,the-general,library,silent,crop,10.0,3378.049,False,False,True,379.799,False,True,379.799,False,True,379.675
the-general-045-letterbox,val,the-general,library,silent,letterbox,10.0,3378.049,False,True,True,0.201,True,True,0.201,False,True,0.192
the-general-045-mirror,val,the-general,library,silent,mirror,10.0,3378.049,False,True,True,0.201,True,True,0.201,True,True,0.026
the-general-045-color,val,the-general,library,silent,color,10.0,3378.049,False,True,True,0.201,True,True,0.201,True,True,0.026
the-general-045-overlay,val,the-general,library,silent,overlay,10.0,3378.049,False,False,True,0.201,False,True,0.201,True,True,0.026
the-general-045-speed,val,the-general,library,silent,speed,10.0,3378.049,False,True,True,0.701,True,True,0.701,True,True,0.975
the-general-045-screen_recording,val,the-general,library,silent,screen_recording,10.0,3378.049,False,True,True,16.799,False,True,16.799,False,True,0.192
the-general-046-original,test,the-general,library,silent,original,5.0,3477.633,False,True,True,0.117,True,True,0.117,True,True,0.057
the-general-046-compression,test,the-general,library,silent,compression,5.0,3477.633,False,True,True,0.117,True,True,0.117,True,True,0.057
the-general-046-downscale,test,the-general,library,silent,downscale,5.0,3477.633,False,True,True,0.117,True,True,0.117,True,True,0.223
the-general-046-crop,test,the-general,library,silent,crop,5.0,3477.633,False,True,True,0.117,True,True,0.117,False,True,0.223
the-general-046-letterbox,test,the-general,library,silent,letterbox,5.0,3477.633,False,True,True,0.117,True,True,0.117,False,True,0.057
the-general-046-mirror,test,the-general,library,silent,mirror,5.0,3477.633,False,True,True,0.117,True,True,0.117,True,True,0.057
the-general-046-color,test,the-general,library,silent,color,5.0,3477.633,False,True,True,0.117,True,True,0.117,True,True,0.057
the-general-046-overlay,test,the-general,library,silent,overlay,5.0,3477.633,False,False,True,0.117,False,True,0.117,False,True,0.057
the-general-046-speed,test,the-general,library,silent,speed,5.0,3477.633,False,True,True,1.117,True,True,1.117,True,True,0.724
the-general-046-screen_recording,test,the-general,library,silent,screen_recording,5.0,3477.633,False,True,True,0.117,True,True,0.117,False,True,0.11
the-general-047-original,val,the-general,library,silent,original,3.0,3538.953,False,True,True,0.203,True,True,0.203,True,True,0.08
the-general-047-compression,val,the-general,library,silent,compression,3.0,3538.953,False,True,True,16.703,True,True,16.703,True,True,16.935
the-general-047-downscale,val,the-general,library,silent,downscale,3.0,3538.953,False,True,True,0.203,True,True,0.203,True,True,0.254
the-general-047-crop,val,the-general,library,silent,crop,3.0,3538.953,False,True,True,514.797,True,True,514.797,False,True,514.55
the-general-047-letterbox,val,the-general,library,silent,letterbox,3.0,3538.953,False,True,True,0.203,True,True,0.203,True,True,0.087
the-general-047-mirror,val,the-general,library,silent,mirror,3.0,3538.953,False,True,True,1.203,True,True,1.203,True,True,0.087
the-general-047-color,val,the-general,library,silent,color,3.0,3538.953,False,True,True,0.203,True,True,0.203,True,True,0.087
the-general-047-overlay,val,the-general,library,silent,overlay,3.0,3538.953,False,False,True,0.297,False,True,0.297,True,True,0.087
the-general-047-speed,val,the-general,library,silent,speed,3.0,3538.953,False,True,True,0.297,True,True,0.297,True,True,0.246
the-general-047-screen_recording,val,the-general,library,silent,screen_recording,3.0,3538.953,False,True,True,0.203,True,True,0.203,True,True,0.588
the-general-048-original,val,the-general,library,silent,original,3.0,3609.624,False,True,True,0.126,True,True,0.126,True,True,0.051
the-general-048-compression,val,the-general,library,silent,compression,3.0,3609.624,False,True,True,0.126,True,True,0.126,False,True,0.283
the-general-048-downscale,val,the-general,library,silent,downscale,3.0,3609.624,False,True,True,0.126,True,True,0.126,True,True,0.051
the-general-048-crop,val,the-general,library,silent,crop,3.0,3609.624,False,True,True,9.374,False,True,9.374,False,True,9.457
the-general-048-letterbox,val,the-general,library,silent,letterbox,3.0,3609.624,False,True,True,0.126,True,True,0.126,False,True,0.051
the-general-048-mirror,val,the-general,library,silent,mirror,3.0,3609.624,False,True,True,0.126,True,True,0.126,True,True,0.116
the-general-048-color,val,the-general,library,silent,color,3.0,3609.624,False,True,True,0.126,True,True,0.126,True,True,0.051
the-general-048-overlay,val,the-general,library,silent,overlay,3.0,3609.624,False,False,True,0.126,False,True,0.126,True,True,0.283
the-general-048-speed,val,the-general,library,silent,speed,3.0,3609.624,False,True,True,0.626,True,True,0.626,True,True,0.384
the-general-048-screen_recording,val,the-general,library,silent,screen_recording,3.0,3609.624,False,True,True,0.126,True,True,0.126,False,True,0.116
the-general-049-original,test,the-general,library,silent,original,3.0,3643.472,False,True,True,0.222,True,True,0.222,True,True,0.102
the-general-049-compression,test,the-general,library,silent,compression,3.0,3643.472,False,True,True,7.222,True,True,7.222,True,True,7.442
the-general-049-downscale,test,the-general,library,silent,downscale,3.0,3643.472,False,True,True,7.222,True,True,7.222,True,True,7.776
the-general-049-crop,test,the-general,library,silent,crop,3.0,3643.472,False,True,True,0.278,True,True,0.278,True,True,0.231
the-general-049-letterbox,test,the-general,library,silent,letterbox,3.0,3643.472,False,False,True,4.222,False,True,4.222,True,True,4.773
the-general-049-mirror,test,the-general,library,silent,mirror,3.0,3643.472,False,True,True,7.222,True,True,7.222,True,True,7.275
the-general-049-color,test,the-general,library,silent,color,3.0,3643.472,False,True,True,0.222,True,True,0.222,True,True,0.102
the-general-049-overlay,test,the-general,library,silent,overlay,3.0,3643.472,False,False,True,0.278,False,True,0.278,True,True,0.103
the-general-049-speed,test,the-general,library,silent,speed,3.0,3643.472,False,True,True,0.278,True,True,0.278,True,True,0.064
the-general-049-screen_recording,test,the-general,library,silent,screen_recording,3.0,3643.472,False,True,True,0.722,True,True,0.722,True,True,0.269
the-general-050-original,test,the-general,library,silent,original,5.0,3743.447,False,True,True,0.303,True,True,0.303,True,True,0.078
the-general-050-compression,test,the-general,library,silent,compression,5.0,3743.447,False,True,True,0.197,True,True,0.197,True,True,0.244
the-general-050-downscale,test,the-general,library,silent,downscale,5.0,3743.447,False,True,True,0.303,True,True,0.303,True,True,0.089
the-general-050-crop,test,the-general,library,silent,crop,5.0,3743.447,False,True,True,0.197,True,True,0.197,True,True,0.078
the-general-050-letterbox,test,the-general,library,silent,letterbox,5.0,3743.447,False,True,True,0.197,True,True,0.197,True,True,0.078
the-general-050-mirror,test,the-general,library,silent,mirror,5.0,3743.447,False,True,True,0.197,True,True,0.197,True,True,0.078
the-general-050-color,test,the-general,library,silent,color,5.0,3743.447,False,True,True,0.697,True,True,0.697,True,True,0.244
the-general-050-overlay,test,the-general,library,silent,overlay,5.0,3743.447,False,False,True,0.303,False,True,0.303,True,True,0.078
the-general-050-speed,test,the-general,library,silent,speed,5.0,3743.447,False,True,True,0.303,True,True,0.303,True,True,0.59
the-general-050-screen_recording,test,the-general,library,silent,screen_recording,5.0,3743.447,False,True,True,0.197,True,True,0.197,True,True,0.078
the-general-051-original,val,the-general,library,silent,original,3.0,3787.047,False,True,True,0.203,True,True,0.203,True,True,0.151
the-general-051-compression,val,the-general,library,silent,compression,3.0,3787.047,False,True,True,118.297,True,True,118.297,True,True,118.031
the-general-051-downscale,val,the-general,library,silent,downscale,3.0,3787.047,False,True,True,0.203,True,True,0.203,True,True,0.151
the-general-051-crop,val,the-general,library,silent,crop,3.0,3787.047,False,True,True,0.703,True,True,0.703,False,True,2.82
the-general-051-letterbox,val,the-general,library,silent,letterbox,3.0,3787.047,False,True,True,118.297,True,True,118.297,True,True,118.198
the-general-051-mirror,val,the-general,library,silent,mirror,3.0,3787.047,False,True,True,0.203,True,True,0.203,True,True,0.016
the-general-051-color,val,the-general,library,silent,color,3.0,3787.047,False,True,True,0.203,True,True,0.203,True,True,118.031
the-general-051-overlay,val,the-general,library,silent,overlay,3.0,3787.047,False,False,True,0.203,False,True,0.203,True,True,0.016
the-general-051-speed,val,the-general,library,silent,speed,3.0,3787.047,False,True,True,0.203,True,True,0.203,True,True,0.484
the-general-051-screen_recording,val,the-general,library,silent,screen_recording,3.0,3787.047,False,True,True,1.703,True,True,1.703,True,True,1.485
the-general-052-original,test,the-general,library,silent,original,5.0,3838.134,False,True,True,0.116,True,True,0.116,True,True,0.065
the-general-052-compression,test,the-general,library,silent,compression,5.0,3838.134,False,True,True,3.116,True,True,3.116,True,True,3.401
the-general-052-downscale,test,the-general,library,silent,downscale,5.0,3838.134,False,True,True,3.616,True,True,3.616,True,True,2.9
the-general-052-crop,test,the-general,library,silent,crop,5.0,3838.134,False,True,True,0.384,True,True,0.384,True,True,0.269
the-general-052-letterbox,test,the-general,library,silent,letterbox,5.0,3838.134,False,True,True,0.616,True,True,0.616,False,True,2.733
the-general-052-mirror,test,the-general,library,silent,mirror,5.0,3838.134,False,True,True,0.116,True,True,0.116,True,True,0.065
the-general-052-color,test,the-general,library,silent,color,5.0,3838.134,False,True,True,0.116,True,True,0.116,True,True,0.064
the-general-052-overlay,test,the-general,library,silent,overlay,5.0,3838.134,False,False,True,0.116,False,True,0.116,True,True,0.064
the-general-052-speed,test,the-general,library,silent,speed,5.0,3838.134,False,True,True,0.616,True,True,0.616,True,True,0.565
the-general-052-screen_recording,test,the-general,library,silent,screen_recording,5.0,3838.134,False,True,True,0.116,True,True,0.116,False,True,0.231
the-general-053-original,val,the-general,library,silent,original,3.0,3922.569,False,True,True,0.181,True,True,0.181,True,True,0.117
the-general-053-compression,val,the-general,library,silent,compression,3.0,3922.569,False,True,True,0.181,True,True,0.181,True,True,0.05
the-general-053-downscale,val,the-general,library,silent,downscale,3.0,3922.569,False,True,True,0.181,True,True,0.181,False,True,0.283
the-general-053-crop,val,the-general,library,silent,crop,3.0,3922.569,False,True,True,0.181,True,True,0.181,True,True,0.283
the-general-053-letterbox,val,the-general,library,silent,letterbox,3.0,3922.569,False,True,True,0.181,True,True,0.181,True,True,0.117
the-general-053-mirror,val,the-general,library,silent,mirror,3.0,3922.569,False,True,True,0.181,True,True,0.181,True,True,0.283
the-general-053-color,val,the-general,library,silent,color,3.0,3922.569,False,True,True,0.181,True,True,0.181,True,True,0.05
the-general-053-overlay,val,the-general,library,silent,overlay,3.0,3922.569,False,False,True,0.181,False,True,0.181,True,True,0.05
the-general-053-speed,val,the-general,library,silent,speed,3.0,3922.569,False,True,True,0.181,True,True,0.181,True,True,0.283
the-general-053-screen_recording,val,the-general,library,silent,screen_recording,3.0,3922.569,False,True,True,4.181,True,True,4.181,True,True,0.117
the-general-054-original,test,the-general,library,silent,original,5.0,3986.442,False,True,True,0.192,True,True,0.192,True,True,0.078
the-general-054-compression,test,the-general,library,silent,compression,5.0,3986.442,False,True,True,0.308,True,True,0.308,True,True,0.245
the-general-054-downscale,test,the-general,library,silent,downscale,5.0,3986.442,False,True,True,0.192,True,True,0.192,True,True,0.078
the-general-054-crop,test,the-general,library,silent,crop,5.0,3986.442,False,True,True,0.192,False,True,0.192,False,True,0.245
the-general-054-letterbox,test,the-general,library,silent,letterbox,5.0,3986.442,False,True,True,0.308,True,True,0.308,True,True,0.245
the-general-054-mirror,test,the-general,library,silent,mirror,5.0,3986.442,False,True,True,0.192,True,True,0.192,True,True,0.078
the-general-054-color,test,the-general,library,silent,color,5.0,3986.442,False,True,True,8.192,True,True,8.192,True,True,5.75
the-general-054-overlay,test,the-general,library,silent,overlay,5.0,3986.442,False,False,True,0.308,False,True,0.308,False,True,0.078
the-general-054-speed,test,the-general,library,silent,speed,5.0,3986.442,False,True,True,0.808,True,True,0.808,True,True,0.589
the-general-054-screen_recording,test,the-general,library,silent,screen_recording,5.0,3986.442,False,True,True,0.692,True,True,0.692,True,True,0.245
the-general-055-original,val,the-general,library,silent,original,3.0,4052.484,False,True,True,0.266,True,True,0.266,True,True,0.018
the-general-055-compression,val,the-general,library,silent,compression,3.0,4052.484,False,True,True,4.266,True,True,4.266,True,True,0.149
the-general-055-downscale,val,the-general,library,silent,downscale,3.0,4052.484,False,True,True,0.234,True,True,0.234,True,True,0.018
the-general-055-crop,val,the-general,library,silent,crop,3.0,4052.484,False,True,True,0.266,True,True,0.266,True,True,1.817
the-general-055-letterbox,val,the-general,library,silent,letterbox,3.0,4052.484,False,True,True,4.266,True,True,4.266,True,True,4.689
the-general-055-mirror,val,the-general,library,silent,mirror,3.0,4052.484,False,True,True,0.266,True,True,0.266,True,True,0.018
the-general-055-color,val,the-general,library,silent,color,3.0,4052.484,False,True,True,0.266,True,True,0.266,True,True,0.649
the-general-055-overlay,val,the-general,library,silent,overlay,3.0,4052.484,False,False,True,0.266,False,True,0.266,True,True,2.15
the-general-055-speed,val,the-general,library,silent,speed,3.0,4052.484,False,True,True,0.766,True,True,0.766,True,True,0.185
the-general-055-screen_recording,val,the-general,library,silent,screen_recording,3.0,4052.484,False,True,True,1.234,True,True,1.234,False,True,2.15
the-general-056-original,val,the-general,library,silent,original,3.0,4084.754,False,True,True,0.004,True,True,0.004,True,True,0.058
the-general-056-compression,val,the-general,library,silent,compression,3.0,4084.754,False,True,True,0.496,True,True,0.496,False,True,0.058
the-general-056-downscale,val,the-general,library,silent,downscale,3.0,4084.754,False,True,True,0.004,True,True,0.004,False,True,0.059
the-general-056-crop,val,the-general,library,silent,crop,3.0,4084.754,False,True,True,0.004,False,True,0.004,True,True,0.108
the-general-056-letterbox,val,the-general,library,silent,letterbox,3.0,4084.754,False,True,True,0.004,False,True,0.004,True,True,0.108
the-general-056-mirror,val,the-general,library,silent,mirror,3.0,4084.754,False,True,True,0.004,True,True,0.004,True,True,0.058
the-general-056-color,val,the-general,library,silent,color,3.0,4084.754,False,False,True,0.004,False,True,0.004,False,True,0.225
the-general-056-overlay,val,the-general,library,silent,overlay,3.0,4084.754,False,False,True,0.004,False,True,0.004,True,True,0.059
the-general-056-speed,val,the-general,library,silent,speed,3.0,4084.754,False,True,True,0.004,True,True,0.004,True,True,0.275
the-general-056-screen_recording,val,the-general,library,silent,screen_recording,3.0,4084.754,False,True,True,0.004,False,True,0.004,False,True,0.108
the-general-057-original,test,the-general,library,silent,original,3.0,4203.869,False,True,True,0.381,True,True,0.381,True,True,0.032
the-general-057-compression,test,the-general,library,silent,compression,3.0,4203.869,False,True,True,0.119,True,True,0.119,False,True,0.032
the-general-057-downscale,test,the-general,library,silent,downscale,3.0,4203.869,False,True,True,5.619,True,True,5.619,True,True,5.037
the-general-057-crop,test,the-general,library,silent,crop,3.0,4203.869,False,True,True,0.119,True,True,0.119,True,True,0.032
the-general-057-letterbox,test,the-general,library,silent,letterbox,3.0,4203.869,False,True,True,11.619,False,True,11.619,True,True,11.5
the-general-057-mirror,test,the-general,library,silent,mirror,3.0,4203.869,False,True,True,0.119,True,True,0.119,True,True,0.032
the-general-057-color,test,the-general,library,silent,color,3.0,4203.869,False,True,True,0.381,True,True,0.381,True,True,0.134
the-general-057-overlay,test,the-general,library,silent,overlay,3.0,4203.869,False,False,True,0.119,False,True,0.119,False,True,0.134
the-general-057-speed,test,the-general,library,silent,speed,3.0,4203.869,False,True,True,0.381,True,True,0.381,True,True,0.135
the-general-057-screen_recording,test,the-general,library,silent,screen_recording,3.0,4203.869,False,True,True,18.381,False,True,18.381,False,True,18.483
the-general-058-original,test,the-general,library,silent,original,5.0,4268.621,False,True,True,0.129,True,True,0.129,True,True,0.061
the-general-058-compression,test,the-general,library,silent,compression,5.0,4268.621,False,True,True,0.129,True,True,0.129,True,True,0.061
the-general-058-downscale,test,the-general,library,silent,downscale,5.0,4268.621,False,True,True,0.129,True,True,0.129,True,True,0.105
the-general-058-crop,test,the-general,library,silent,crop,5.0,4268.621,False,True,True,0.129,True,True,0.129,True,True,0.228
the-general-058-letterbox,test,the-general,library,silent,letterbox,5.0,4268.621,False,True,True,0.129,True,True,0.129,True,True,0.106
the-general-058-mirror,test,the-general,library,silent,mirror,5.0,4268.621,False,True,True,0.129,True,True,0.129,True,True,0.061
the-general-058-color,test,the-general,library,silent,color,5.0,4268.621,False,True,True,0.129,True,True,0.129,True,True,0.061
the-general-058-overlay,test,the-general,library,silent,overlay,5.0,4268.621,False,False,True,0.129,False,True,0.129,True,True,0.061
the-general-058-speed,test,the-general,library,silent,speed,5.0,4268.621,False,True,True,0.629,True,True,0.629,True,True,0.395
the-general-058-screen_recording,test,the-general,library,silent,screen_recording,5.0,4268.621,False,False,True,0.129,False,True,0.129,True,True,0.106
the-general-059-original,val,the-general,library,silent,original,3.0,4312.278,False,True,True,0.472,True,True,0.472,True,True,0.066
the-general-059-compression,val,the-general,library,silent,compression,3.0,4312.278,False,True,True,0.472,True,True,0.472,True,True,0.733
the-general-059-downscale,val,the-general,library,silent,downscale,3.0,4312.278,False,True,True,0.028,True,True,0.028,True,True,0.066
the-general-059-crop,val,the-general,library,silent,crop,3.0,4312.278,False,True,True,0.972,True,True,0.972,True,True,0.9
the-general-059-letterbox,val,the-general,library,silent,letterbox,3.0,4312.278,False,True,True,0.472,True,True,0.472,False,True,0.399
the-general-059-mirror,val,the-general,library,silent,mirror,3.0,4312.278,False,True,True,0.028,True,True,0.028,True,True,0.232
the-general-059-color,val,the-general,library,silent,color,3.0,4312.278,False,True,True,0.472,True,True,0.472,True,True,0.066
the-general-059-overlay,val,the-general,library,silent,overlay,3.0,4312.278,False,False,True,0.472,False,True,0.472,True,True,0.899
the-general-059-speed,val,the-general,library,silent,speed,3.0,4312.278,False,True,True,0.472,True,True,0.472,True,True,0.399
the-general-059-screen_recording,val,the-general,library,silent,screen_recording,3.0,4312.278,False,True,True,14.028,False,True,14.028,False,True,1.734
royal-wedding-000-original,val,royal-wedding,library,technicolor,original,3.0,499.851,False,False,True,0.601,False,True,0.601,True,True,0.018
royal-wedding-000-compression,val,royal-wedding,library,technicolor,compression,3.0,499.851,False,False,True,0.601,False,True,0.601,True,True,0.018
royal-wedding-000-downscale,val,royal-wedding,library,technicolor,downscale,3.0,499.851,False,False,True,0.601,False,True,0.601,True,True,0.018
royal-wedding-000-crop,val,royal-wedding,library,technicolor,crop,3.0,499.851,False,True,True,0.101,True,True,0.101,True,True,0.148
royal-wedding-000-letterbox,val,royal-wedding,library,technicolor,letterbox,3.0,499.851,False,False,True,0.601,False,True,0.601,True,True,0.018
royal-wedding-000-mirror,val,royal-wedding,library,technicolor,mirror,3.0,499.851,False,False,True,0.601,False,True,0.601,True,True,0.018
royal-wedding-000-color,val,royal-wedding,library,technicolor,color,3.0,499.851,False,False,True,0.601,False,True,0.601,True,True,0.152
royal-wedding-000-overlay,val,royal-wedding,library,technicolor,overlay,3.0,499.851,False,False,True,0.601,False,True,0.601,True,True,0.148
royal-wedding-000-speed,val,royal-wedding,library,technicolor,speed,3.0,499.851,False,True,True,0.601,True,True,0.601,True,True,0.315
royal-wedding-000-screen_recording,val,royal-wedding,library,technicolor,screen_recording,3.0,499.851,False,True,True,0.101,True,True,0.101,True,True,0.152
royal-wedding-001-original,test,royal-wedding,library,technicolor,original,3.0,553.371,False,True,True,0.121,True,True,0.121,True,True,0.018
royal-wedding-001-compression,test,royal-wedding,library,technicolor,compression,3.0,553.371,False,True,True,0.379,True,True,0.379,True,True,0.018
royal-wedding-001-downscale,test,royal-wedding,library,technicolor,downscale,3.0,553.371,False,True,True,0.379,True,True,0.379,True,True,0.149
royal-wedding-001-crop,test,royal-wedding,library,technicolor,crop,3.0,553.371,False,True,True,27.621,True,True,27.621,False,True,0.686
royal-wedding-001-letterbox,test,royal-wedding,library,technicolor,letterbox,3.0,553.371,False,True,True,0.379,True,True,0.379,True,True,0.018
royal-wedding-001-mirror,test,royal-wedding,library,technicolor,mirror,3.0,553.371,False,True,True,0.121,True,True,0.121,True,True,0.018
royal-wedding-001-color,test,royal-wedding,library,technicolor,color,3.0,553.371,False,True,True,0.379,True,True,0.379,True,True,0.018
royal-wedding-001-overlay,test,royal-wedding,library,technicolor,overlay,3.0,553.371,False,False,True,0.379,False,True,0.379,True,True,0.018
royal-wedding-001-speed,test,royal-wedding,library,technicolor,speed,3.0,553.371,False,True,True,0.879,True,True,0.879,True,True,0.315
royal-wedding-001-screen_recording,test,royal-wedding,library,technicolor,screen_recording,3.0,553.371,False,True,True,0.379,True,True,0.379,True,True,0.315
royal-wedding-002-original,val,royal-wedding,library,technicolor,original,10.0,649.657,False,True,True,0.093,True,True,0.093,True,True,0.025
royal-wedding-002-compression,val,royal-wedding,library,technicolor,compression,10.0,649.657,False,True,True,0.093,True,True,0.093,True,True,0.025
royal-wedding-002-downscale,val,royal-wedding,library,technicolor,downscale,10.0,649.657,False,True,True,0.093,True,True,0.093,True,True,0.025
royal-wedding-002-crop,val,royal-wedding,library,technicolor,crop,10.0,649.657,False,True,True,0.093,True,True,0.093,True,True,0.025
royal-wedding-002-letterbox,val,royal-wedding,library,technicolor,letterbox,10.0,649.657,False,True,True,0.093,False,True,0.093,True,True,0.141
royal-wedding-002-mirror,val,royal-wedding,library,technicolor,mirror,10.0,649.657,False,True,True,0.093,True,True,0.093,True,True,0.025
royal-wedding-002-color,val,royal-wedding,library,technicolor,color,10.0,649.657,False,True,True,0.093,True,True,0.093,True,True,0.025
royal-wedding-002-overlay,val,royal-wedding,library,technicolor,overlay,10.0,649.657,False,False,True,0.093,False,True,0.093,True,True,0.025
royal-wedding-002-speed,val,royal-wedding,library,technicolor,speed,10.0,649.657,False,True,True,1.093,True,True,1.093,True,True,1.193
royal-wedding-002-screen_recording,val,royal-wedding,library,technicolor,screen_recording,10.0,649.657,False,True,True,0.093,False,True,0.093,True,True,0.025
royal-wedding-003-original,val,royal-wedding,library,technicolor,original,5.0,737.205,False,True,True,0.045,True,True,0.045,True,True,0.035
royal-wedding-003-compression,val,royal-wedding,library,technicolor,compression,5.0,737.205,False,True,True,0.045,True,True,0.045,True,True,0.035
royal-wedding-003-downscale,val,royal-wedding,library,technicolor,downscale,5.0,737.205,False,True,True,0.045,True,True,0.045,True,True,0.035
royal-wedding-003-crop,val,royal-wedding,library,technicolor,crop,5.0,737.205,False,True,True,0.045,True,True,0.045,True,True,0.202
royal-wedding-003-letterbox,val,royal-wedding,library,technicolor,letterbox,5.0,737.205,False,True,True,0.045,True,True,0.045,True,True,0.035
royal-wedding-003-mirror,val,royal-wedding,library,technicolor,mirror,5.0,737.205,False,True,True,0.045,True,True,0.045,True,True,0.035
royal-wedding-003-color,val,royal-wedding,library,technicolor,color,5.0,737.205,False,True,True,0.045,True,True,0.045,True,True,0.035
royal-wedding-003-overlay,val,royal-wedding,library,technicolor,overlay,5.0,737.205,False,False,True,0.045,False,True,0.045,True,True,0.035
royal-wedding-003-speed,val,royal-wedding,library,technicolor,speed,5.0,737.205,False,True,True,1.045,True,True,1.045,True,True,0.632
royal-wedding-003-screen_recording,val,royal-wedding,library,technicolor,screen_recording,5.0,737.205,False,True,True,0.045,True,True,0.045,True,True,0.035
royal-wedding-004-original,test,royal-wedding,library,technicolor,original,5.0,751.078,False,True,True,0.172,True,True,0.172,True,True,0.106
royal-wedding-004-compression,test,royal-wedding,library,technicolor,compression,5.0,751.078,False,True,True,0.172,False,True,0.172,True,True,0.061
royal-wedding-004-downscale,test,royal-wedding,library,technicolor,downscale,5.0,751.078,False,True,True,0.172,True,True,0.172,True,True,0.061
royal-wedding-004-crop,test,royal-wedding,library,technicolor,crop,5.0,751.078,False,True,True,0.172,True,True,0.172,True,True,0.106
royal-wedding-004-letterbox,test,royal-wedding,library,technicolor,letterbox,5.0,751.078,False,True,True,0.172,False,True,0.172,True,True,0.106
royal-wedding-004-mirror,test,royal-wedding,library,technicolor,mirror,5.0,751.078,False,True,True,0.172,True,True,0.172,True,True,0.273
royal-wedding-004-color,test,royal-wedding,library,technicolor,color,5.0,751.078,False,True,True,0.172,False,True,0.172,True,True,0.061
royal-wedding-004-overlay,test,royal-wedding,library,technicolor,overlay,5.0,751.078,False,False,True,0.172,False,True,0.172,False,True,0.106
royal-wedding-004-speed,test,royal-wedding,library,technicolor,speed,5.0,751.078,False,True,True,1.172,True,True,1.172,True,True,0.606
royal-wedding-004-screen_recording,test,royal-wedding,library,technicolor,screen_recording,5.0,751.078,False,True,True,0.172,False,True,0.172,True,True,0.106
royal-wedding-005-original,val,royal-wedding,library,technicolor,original,5.0,824.779,False,True,True,0.029,True,True,0.029,True,True,0.078
royal-wedding-005-compression,val,royal-wedding,library,technicolor,compression,5.0,824.779,False,True,True,0.029,True,True,0.029,True,True,0.078
royal-wedding-005-downscale,val,royal-wedding,library,technicolor,downscale,5.0,824.779,False,True,True,0.029,True,True,0.029,True,True,0.088
royal-wedding-005-crop,val,royal-wedding,library,technicolor,crop,5.0,824.779,False,True,True,0.029,True,True,0.029,True,True,0.078
royal-wedding-005-letterbox,val,royal-wedding,library,technicolor,letterbox,5.0,824.779,False,True,True,0.029,True,True,0.029,True,True,0.078
royal-wedding-005-mirror,val,royal-wedding,library,technicolor,mirror,5.0,824.779,False,True,True,0.029,True,True,0.029,True,True,0.078
royal-wedding-005-color,val,royal-wedding,library,technicolor,color,5.0,824.779,False,True,True,0.029,True,True,0.029,True,True,0.078
royal-wedding-005-overlay,val,royal-wedding,library,technicolor,overlay,5.0,824.779,False,False,True,0.029,False,True,0.029,True,True,0.088
royal-wedding-005-speed,val,royal-wedding,library,technicolor,speed,5.0,824.779,False,True,True,0.471,True,True,0.471,True,True,0.412
royal-wedding-005-screen_recording,val,royal-wedding,library,technicolor,screen_recording,5.0,824.779,False,True,True,0.471,True,True,0.471,True,True,0.078
royal-wedding-006-original,val,royal-wedding,library,technicolor,original,10.0,903.579,False,True,True,0.171,True,True,0.171,True,True,0.076
royal-wedding-006-compression,val,royal-wedding,library,technicolor,compression,10.0,903.579,False,True,True,0.329,True,True,0.329,True,True,0.076
royal-wedding-006-downscale,val,royal-wedding,library,technicolor,downscale,10.0,903.579,False,True,True,0.171,True,True,0.171,True,True,0.076
royal-wedding-006-crop,val,royal-wedding,library,technicolor,crop,10.0,903.579,False,True,True,0.171,True,True,0.171,True,True,0.09
royal-wedding-006-letterbox,val,royal-wedding,library,technicolor,letterbox,10.0,903.579,False,True,True,0.171,True,True,0.171,True,True,0.076
royal-wedding-006-mirror,val,royal-wedding,library,technicolor,mirror,10.0,903.579,False,True,True,0.171,True,True,0.171,True,True,0.09
royal-wedding-006-color,val,royal-wedding,library,technicolor,color,10.0,903.579,False,True,True,0.171,True,True,0.171,True,True,0.076
royal-wedding-006-overlay,val,royal-wedding,library,technicolor,overlay,10.0,903.579,False,False,True,0.171,False,True,0.171,True,True,0.076
royal-wedding-006-speed,val,royal-wedding,library,technicolor,speed,10.0,903.579,False,True,True,1.671,True,True,1.671,True,True,1.759
royal-wedding-006-screen_recording,val,royal-wedding,library,technicolor,screen_recording,10.0,903.579,False,True,True,0.171,True,True,0.171,True,True,0.076
royal-wedding-007-original,val,royal-wedding,library,technicolor,original,10.0,1031.706,False,True,True,0.044,True,True,0.044,True,True,0.042
royal-wedding-007-compression,val,royal-wedding,library,technicolor,compression,10.0,1031.706,False,True,True,0.044,True,True,0.044,True,True,0.042
royal-wedding-007-downscale,val,royal-wedding,library,technicolor,downscale,10.0,1031.706,False,True,True,0.044,True,True,0.044,True,True,0.042
royal-wedding-007-crop,val,royal-wedding,library,technicolor,crop,10.0,1031.706,False,True,True,0.044,True,True,0.044,True,True,0.009
royal-wedding-007-letterbox,val,royal-wedding,library,technicolor,letterbox,10.0,1031.706,False,True,True,0.044,True,True,0.044,True,True,0.009
royal-wedding-007-mirror,val,royal-wedding,library,technicolor,mirror,10.0,1031.706,False,True,True,0.044,True,True,0.044,True,True,0.042
royal-wedding-007-color,val,royal-wedding,library,technicolor,color,10.0,1031.706,False,True,True,0.044,False,True,0.044,True,True,0.042
royal-wedding-007-overlay,val,royal-wedding,library,technicolor,overlay,10.0,1031.706,False,False,True,0.044,False,True,0.044,True,True,0.009
royal-wedding-007-speed,val,royal-wedding,library,technicolor,speed,10.0,1031.706,False,True,True,1.544,True,True,1.544,True,True,1.126
royal-wedding-007-screen_recording,val,royal-wedding,library,technicolor,screen_recording,10.0,1031.706,False,True,True,0.044,True,True,0.044,True,True,0.042
royal-wedding-008-original,test,royal-wedding,library,technicolor,original,3.0,1080.293,False,True,True,0.043,True,True,0.043,True,True,0.114
royal-wedding-008-compression,test,royal-wedding,library,technicolor,compression,3.0,1080.293,False,True,True,0.043,False,True,0.043,False,True,0.281
royal-wedding-008-downscale,test,royal-wedding,library,technicolor,downscale,3.0,1080.293,False,True,True,0.043,True,True,0.043,True,True,0.114
royal-wedding-008-crop,test,royal-wedding,library,technicolor,crop,3.0,1080.293,False,True,True,0.043,True,True,0.043,False,True,0.053
royal-wedding-008-letterbox,test,royal-wedding,library,technicolor,letterbox,3.0,1080.293,False,True,True,0.043,False,True,0.043,False,True,0.053
royal-wedding-008-mirror,test,royal-wedding,library,technicolor,mirror,3.0,1080.293,False,True,True,0.043,True,True,0.043,True,True,0.053
royal-wedding-008-color,test,royal-wedding,library,technicolor,color,3.0,1080.293,False,True,True,0.043,True,True,0.043,True,True,0.053
royal-wedding-008-overlay,test,royal-wedding,library,technicolor,overlay,3.0,1080.293,False,False,True,0.043,False,True,0.043,False,True,97.05
royal-wedding-008-speed,test,royal-wedding,library,technicolor,speed,3.0,1080.293,False,True,True,0.457,True,True,0.457,True,True,0.387
royal-wedding-008-screen_recording,test,royal-wedding,library,technicolor,screen_recording,3.0,1080.293,False,True,True,0.043,False,True,0.043,False,True,98.885
royal-wedding-009-original,val,royal-wedding,library,technicolor,original,10.0,1173.768,False,True,True,0.018,True,True,0.018,True,True,0.071
royal-wedding-009-compression,val,royal-wedding,library,technicolor,compression,10.0,1173.768,False,True,True,0.018,False,True,0.018,True,True,0.071
royal-wedding-009-downscale,val,royal-wedding,library,technicolor,downscale,10.0,1173.768,False,True,True,0.018,False,True,0.018,True,True,0.071
royal-wedding-009-crop,val,royal-wedding,library,technicolor,crop,10.0,1173.768,False,True,True,0.018,False,True,0.018,False,True,0.071
royal-wedding-009-letterbox,val,royal-wedding,library,technicolor,letterbox,10.0,1173.768,False,True,True,0.018,False,True,0.018,True,True,0.071
royal-wedding-009-mirror,val,royal-wedding,library,technicolor,mirror,10.0,1173.768,False,True,True,0.018,True,True,0.018,True,True,0.071
royal-wedding-009-color,val,royal-wedding,library,technicolor,color,10.0,1173.768,False,True,True,0.018,False,True,0.018,True,True,0.071
royal-wedding-009-overlay,val,royal-wedding,library,technicolor,overlay,10.0,1173.768,False,False,True,0.018,False,True,0.018,True,True,0.095
royal-wedding-009-speed,val,royal-wedding,library,technicolor,speed,10.0,1173.768,False,True,True,1.982,True,True,1.982,False,True,1.74
royal-wedding-009-screen_recording,val,royal-wedding,library,technicolor,screen_recording,10.0,1173.768,False,False,True,0.018,False,True,0.018,True,True,0.071
royal-wedding-010-original,test,royal-wedding,library,technicolor,original,10.0,1220.325,False,True,True,0.075,True,True,0.075,True,True,0.027
royal-wedding-010-compression,test,royal-wedding,library,technicolor,compression,10.0,1220.325,False,True,True,0.075,True,True,0.075,True,True,0.027
royal-wedding-010-downscale,test,royal-wedding,library,technicolor,downscale,10.0,1220.325,False,True,True,0.075,True,True,0.075,True,True,0.027
royal-wedding-010-crop,test,royal-wedding,library,technicolor,crop,10.0,1220.325,False,True,True,0.425,False,True,0.425,False,True,0.027
royal-wedding-010-letterbox,test,royal-wedding,library,technicolor,letterbox,10.0,1220.325,False,True,True,0.075,True,True,0.075,True,True,0.027
royal-wedding-010-mirror,test,royal-wedding,library,technicolor,mirror,10.0,1220.325,False,True,True,0.075,True,True,0.075,True,True,0.027
royal-wedding-010-color,test,royal-wedding,library,technicolor,color,10.0,1220.325,False,True,True,0.075,True,True,0.075,True,True,0.027
royal-wedding-010-overlay,test,royal-wedding,library,technicolor,overlay,10.0,1220.325,False,False,True,0.075,False,True,0.075,True,True,0.027
royal-wedding-010-speed,test,royal-wedding,library,technicolor,speed,10.0,1220.325,False,True,True,0.925,True,True,0.925,True,True,1.029
royal-wedding-010-screen_recording,test,royal-wedding,library,technicolor,screen_recording,10.0,1220.325,False,True,True,0.075,False,True,0.075,True,True,0.139
royal-wedding-011-original,val,royal-wedding,library,technicolor,original,3.0,1294.398,False,True,True,0.148,True,True,0.148,True,True,0.038
royal-wedding-011-compression,val,royal-wedding,library,technicolor,compression,3.0,1294.398,False,True,True,0.148,True,True,0.148,True,True,0.038
royal-wedding-011-downscale,val,royal-wedding,library,technicolor,downscale,3.0,1294.398,False,True,True,0.148,True,True,0.148,True,True,0.038
royal-wedding-011-crop,val,royal-wedding,library,technicolor,crop,3.0,1294.398,False,True,True,0.148,True,True,0.148,True,True,0.038
royal-wedding-011-letterbox,val,royal-wedding,library,technicolor,letterbox,3.0,1294.398,False,True,True,0.148,True,True,0.148,True,True,0.038
royal-wedding-011-mirror,val,royal-wedding,library,technicolor,mirror,3.0,1294.398,False,True,True,0.148,True,True,0.148,True,True,0.038
royal-wedding-011-color,val,royal-wedding,library,technicolor,color,3.0,1294.398,False,False,True,0.148,False,True,0.148,True,True,0.038
royal-wedding-011-overlay,val,royal-wedding,library,technicolor,overlay,3.0,1294.398,False,False,True,0.352,False,True,0.352,True,True,0.038
royal-wedding-011-speed,val,royal-wedding,library,technicolor,speed,3.0,1294.398,False,True,True,0.352,True,True,0.352,True,True,0.295
royal-wedding-011-screen_recording,val,royal-wedding,library,technicolor,screen_recording,3.0,1294.398,False,True,True,0.148,True,True,0.148,True,True,0.205
royal-wedding-012-original,test,royal-wedding,library,technicolor,original,3.0,1389.104,False,True,True,0.146,True,True,0.146,True,True,0.083
royal-wedding-012-compression,test,royal-wedding,library,technicolor,compression,3.0,1389.104,False,True,True,0.146,True,True,0.146,True,True,0.083
royal-wedding-012-downscale,test,royal-wedding,library,technicolor,downscale,3.0,1389.104,False,True,True,0.146,True,True,0.146,True,True,0.083
royal-wedding-012-crop,test,royal-wedding,library,technicolor,crop,3.0,1389.104,False,True,True,0.146,True,True,0.146,True,True,0.083
royal-wedding-012-letterbox,test,royal-wedding,library,technicolor,letterbox,3.0,1389.104,False,True,True,0.146,True,True,0.146,True,True,0.083
royal-wedding-012-mirror,test,royal-wedding,library,technicolor,mirror,3.0,1389.104,False,True,True,0.146,True,True,0.146,True,True,0.083
royal-wedding-012-color,test,royal-wedding,library,technicolor,color,3.0,1389.104,False,True,True,0.146,True,True,0.146,False,True,0.083
royal-wedding-012-overlay,test,royal-wedding,library,technicolor,overlay,3.0,1389.104,False,False,True,0.146,False,True,0.146,False,True,0.083
royal-wedding-012-speed,test,royal-wedding,library,technicolor,speed,3.0,1389.104,False,True,True,0.146,True,True,0.146,True,True,0.251
royal-wedding-012-screen_recording,test,royal-wedding,library,technicolor,screen_recording,3.0,1389.104,False,True,True,0.146,False,True,0.146,True,True,0.083
royal-wedding-013-original,test,royal-wedding,library,technicolor,original,3.0,1468.572,False,True,True,0.178,True,True,0.178,True,True,0.072
royal-wedding-013-compression,test,royal-wedding,library,technicolor,compression,3.0,1468.572,False,True,True,0.178,True,True,0.178,True,True,0.072
royal-wedding-013-downscale,test,royal-wedding,library,technicolor,downscale,3.0,1468.572,False,True,True,0.178,True,True,0.178,True,True,0.072
royal-wedding-013-crop,test,royal-wedding,library,technicolor,crop,3.0,1468.572,False,True,True,0.178,True,True,0.178,False,True,0.072
royal-wedding-013-letterbox,test,royal-wedding,library,technicolor,letterbox,3.0,1468.572,False,True,True,0.178,True,True,0.178,False,True,0.095
royal-wedding-013-mirror,test,royal-wedding,library,technicolor,mirror,3.0,1468.572,False,True,True,0.178,True,True,0.178,True,True,0.072
royal-wedding-013-color,test,royal-wedding,library,technicolor,color,3.0,1468.572,False,True,True,0.178,True,True,0.178,True,True,0.072
royal-wedding-013-overlay,test,royal-wedding,library,technicolor,overlay,3.0,1468.572,False,False,True,0.178,False,True,0.178,False,True,0.095
royal-wedding-013-speed,test,royal-wedding,library,technicolor,speed,3.0,1468.572,False,True,True,0.678,True,True,0.678,True,True,0.429
royal-wedding-013-screen_recording,test,royal-wedding,library,technicolor,screen_recording,3.0,1468.572,False,True,True,0.178,True,True,0.178,True,True,0.072
royal-wedding-014-original,test,royal-wedding,library,technicolor,original,3.0,1537.674,False,True,True,0.076,True,True,0.076,True,True,0.004
royal-wedding-014-compression,test,royal-wedding,library,technicolor,compression,3.0,1537.674,False,True,True,0.076,True,True,0.076,True,True,0.162
royal-wedding-014-downscale,test,royal-wedding,library,technicolor,downscale,3.0,1537.674,False,True,True,0.076,True,True,0.076,True,True,0.005
royal-wedding-014-crop,test,royal-wedding,library,technicolor,crop,3.0,1537.674,False,True,True,0.076,True,True,0.076,True,True,0.005
royal-wedding-014-letterbox,test,royal-wedding,library,technicolor,letterbox,3.0,1537.674,False,True,True,0.076,False,True,0.076,True,True,0.171
royal-wedding-014-mirror,test,royal-wedding,library,technicolor,mirror,3.0,1537.674,False,True,True,0.076,True,True,0.076,True,True,0.004
royal-wedding-014-color,test,royal-wedding,library,technicolor,color,3.0,1537.674,False,True,True,0.076,True,True,0.076,True,True,0.005
royal-wedding-014-overlay,test,royal-wedding,library,technicolor,overlay,3.0,1537.674,False,False,True,0.076,False,True,0.076,False,True,0.005
royal-wedding-014-speed,test,royal-wedding,library,technicolor,speed,3.0,1537.674,False,True,True,0.576,True,True,0.576,True,True,0.329
royal-wedding-014-screen_recording,test,royal-wedding,library,technicolor,screen_recording,3.0,1537.674,False,True,True,0.076,True,True,0.076,True,True,0.329
royal-wedding-015-original,test,royal-wedding,library,technicolor,original,3.0,1619.93,False,True,True,0.32,True,True,0.32,True,True,0.078
royal-wedding-015-compression,test,royal-wedding,library,technicolor,compression,3.0,1619.93,False,True,True,0.18,True,True,0.18,True,True,0.078
royal-wedding-015-downscale,test,royal-wedding,library,technicolor,downscale,3.0,1619.93,False,True,True,0.32,True,True,0.32,True,True,0.078
royal-wedding-015-crop,test,royal-wedding,library,technicolor,crop,3.0,1619.93,False,True,True,0.18,True,True,0.18,True,True,0.579
royal-wedding-015-letterbox,test,royal-wedding,library,technicolor,letterbox,3.0,1619.93,False,True,True,0.32,False,True,0.32,True,True,0.255
royal-wedding-015-mirror,test,royal-wedding,library,technicolor,mirror,3.0,1619.93,False,True,True,0.32,True,True,0.32,True,True,0.078
royal-wedding-015-color,test,royal-wedding,library,technicolor,color,3.0,1619.93,False,True,True,0.18,True,True,0.18,True,True,0.078
royal-wedding-015-overlay,test,royal-wedding,library,technicolor,overlay,3.0,1619.93,False,False,True,0.18,False,True,0.18,True,True,0.245
royal-wedding-015-speed,test,royal-wedding,library,technicolor,speed,3.0,1619.93,False,True,True,0.32,True,True,0.32,True,True,0.255
royal-wedding-015-screen_recording,test,royal-wedding,library,technicolor,screen_recording,3.0,1619.93,False,True,True,0.18,True,True,0.18,True,True,0.078
royal-wedding-016-original,val,royal-wedding,library,technicolor,original,5.0,1704.3,False,True,True,0.05,True,True,0.05,True,True,0.036
royal-wedding-016-compression,val,royal-wedding,library,technicolor,compression,5.0,1704.3,False,True,True,0.45,True,True,0.45,True,True,0.036
royal-wedding-016-downscale,val,royal-wedding,library,technicolor,downscale,5.0,1704.3,False,True,True,0.05,True,True,0.05,True,True,0.036
royal-wedding-016-crop,val,royal-wedding,library,technicolor,crop,5.0,1704.3,False,True,True,0.05,True,True,0.05,True,True,0.036
royal-wedding-016-letterbox,val,royal-wedding,library,technicolor,letterbox,5.0,1704.3,False,True,True,0.05,True,True,0.05,True,True,0.036
royal-wedding-016-mirror,val,royal-wedding,library,technicolor,mirror,5.0,1704.3,False,True,True,0.05,True,True,0.05,True,True,0.036
royal-wedding-016-color,val,royal-wedding,library,technicolor,color,5.0,1704.3,False,True,True,0.05,True,True,0.05,True,True,0.036
royal-wedding-016-overlay,val,royal-wedding,library,technicolor,overlay,5.0,1704.3,False,False,True,0.05,False,True,0.05,True,True,0.036
royal-wedding-016-speed,val,royal-wedding,library,technicolor,speed,5.0,1704.3,False,True,True,0.45,True,True,0.45,True,True,0.703
royal-wedding-016-screen_recording,val,royal-wedding,library,technicolor,screen_recording,5.0,1704.3,False,True,True,0.05,True,True,0.05,True,True,0.036
royal-wedding-017-original,test,royal-wedding,library,technicolor,original,10.0,1795.716,False,True,True,0.034,True,True,0.034,True,True,0.022
royal-wedding-017-compression,test,royal-wedding,library,technicolor,compression,10.0,1795.716,False,True,True,0.034,False,True,0.034,True,True,0.022
royal-wedding-017-downscale,test,royal-wedding,library,technicolor,downscale,10.0,1795.716,False,True,True,0.034,True,True,0.034,True,True,0.022
royal-wedding-017-crop,test,royal-wedding,library,technicolor,crop,10.0,1795.716,False,True,True,0.034,False,True,0.034,True,True,0.111
royal-wedding-017-letterbox,test,royal-wedding,library,technicolor,letterbox,10.0,1795.716,False,True,True,0.034,True,True,0.034,True,True,0.022
royal-wedding-017-mirror,test,royal-wedding,library,technicolor,mirror,10.0,1795.716,False,True,True,0.034,True,True,0.034,True,True,0.022
royal-wedding-017-color,test,royal-wedding,library,technicolor,color,10.0,1795.716,False,True,True,0.034,True,True,0.034,True,True,0.022
royal-wedding-017-overlay,test,royal-wedding,library,technicolor,overlay,10.0,1795.716,False,False,True,0.034,False,True,0.034,True,True,0.022
royal-wedding-017-speed,test,royal-wedding,library,technicolor,speed,10.0,1795.716,False,True,True,1.534,True,True,1.534,True,True,1.146
royal-wedding-017-screen_recording,test,royal-wedding,library,technicolor,screen_recording,10.0,1795.716,False,True,True,0.034,True,True,0.034,True,True,0.022
royal-wedding-018-original,val,royal-wedding,library,technicolor,original,3.0,1869.32,False,True,True,0.07,True,True,0.07,True,True,0.014
royal-wedding-018-compression,val,royal-wedding,library,technicolor,compression,3.0,1869.32,False,True,True,0.07,True,True,0.07,True,True,0.153
royal-wedding-018-downscale,val,royal-wedding,library,technicolor,downscale,3.0,1869.32,False,True,True,0.07,True,True,0.07,True,True,0.014
royal-wedding-018-crop,val,royal-wedding,library,technicolor,crop,3.0,1869.32,False,True,True,0.07,True,True,0.07,True,True,0.181
royal-wedding-018-letterbox,val,royal-wedding,library,technicolor,letterbox,3.0,1869.32,False,True,True,0.07,False,True,0.07,True,True,0.014
royal-wedding-018-mirror,val,royal-wedding,library,technicolor,mirror,3.0,1869.32,False,True,True,0.07,True,True,0.07,True,True,0.014
royal-wedding-018-color,val,royal-wedding,library,technicolor,color,3.0,1869.32,False,True,True,0.07,True,True,0.07,True,True,0.014
royal-wedding-018-overlay,val,royal-wedding,library,technicolor,overlay,3.0,1869.32,False,False,True,0.43,False,True,0.43,True,True,0.014
royal-wedding-018-speed,val,royal-wedding,library,technicolor,speed,3.0,1869.32,False,True,True,0.43,True,True,0.43,True,True,0.181
royal-wedding-018-screen_recording,val,royal-wedding,library,technicolor,screen_recording,3.0,1869.32,False,True,True,0.57,True,True,0.57,True,True,0.653
royal-wedding-019-original,test,royal-wedding,library,technicolor,original,5.0,1946.378,False,True,True,0.128,True,True,0.128,True,True,0.034
royal-wedding-019-compression,test,royal-wedding,library,technicolor,compression,5.0,1946.378,False,True,True,0.128,True,True,0.128,True,True,0.133
royal-wedding-019-downscale,test,royal-wedding,library,technicolor,downscale,5.0,1946.378,False,True,True,0.128,True,True,0.128,True,True,0.034
royal-wedding-019-crop,test,royal-wedding,library,technicolor,crop,5.0,1946.378,False,True,True,4.372,True,True,4.372,False,True,4.304
royal-wedding-019-letterbox,test,royal-wedding,library,technicolor,letterbox,5.0,1946.378,False,True,True,0.372,True,True,0.372,True,True,0.2
royal-wedding-019-mirror,test,royal-wedding,library,technicolor,mirror,5.0,1946.378,False,True,True,0.128,True,True,0.128,True,True,0.034
royal-wedding-019-color,test,royal-wedding,library,technicolor,color,5.0,1946.378,False,True,True,0.128,True,True,0.128,True,True,0.034
royal-wedding-019-overlay,test,royal-wedding,library,technicolor,overlay,5.0,1946.378,False,False,True,0.128,False,True,0.128,True,True,0.133
royal-wedding-019-speed,test,royal-wedding,library,technicolor,speed,5.0,1946.378,False,True,True,0.872,True,True,0.872,True,True,0.801
royal-wedding-019-screen_recording,test,royal-wedding,library,technicolor,screen_recording,5.0,1946.378,False,True,True,0.128,True,True,0.128,True,True,0.133
royal-wedding-020-original,test,royal-wedding,library,technicolor,original,5.0,2005.765,False,True,True,0.015,True,True,0.015,True,True,0.072
royal-wedding-020-compression,test,royal-wedding,library,technicolor,compression,5.0,2005.765,False,True,True,0.015,True,True,0.015,True,True,0.095
royal-wedding-020-downscale,test,royal-wedding,library,technicolor,downscale,5.0,2005.765,False,True,True,0.015,True,True,0.015,True,True,0.072
royal-wedding-020-crop,test,royal-wedding,library,technicolor,crop,5.0,2005.765,False,True,True,3.515,False,True,3.515,False,True,3.765
royal-wedding-020-letterbox,test,royal-wedding,library,technicolor,letterbox,5.0,2005.765,False,True,True,0.015,True,True,0.015,True,True,0.072
royal-wedding-020-mirror,test,royal-wedding,library,technicolor,mirror,5.0,2005.765,False,True,True,0.015,True,True,0.015,True,True,0.095
royal-wedding-020-color,test,royal-wedding,library,technicolor,color,5.0,2005.765,False,True,True,0.015,True,True,0.015,True,True,0.095
royal-wedding-020-overlay,test,royal-wedding,library,technicolor,overlay,5.0,2005.765,False,False,True,0.015,False,True,0.015,False,True,0.095
royal-wedding-020-speed,test,royal-wedding,library,technicolor,speed,5.0,2005.765,False,True,True,0.985,True,True,0.985,True,True,0.406
royal-wedding-020-screen_recording,test,royal-wedding,library,technicolor,screen_recording,5.0,2005.765,False,True,True,0.015,True,True,0.015,True,True,0.095
royal-wedding-021-original,test,royal-wedding,library,technicolor,original,3.0,2092.862,False,True,True,0.612,True,True,0.612,True,True,0.005
royal-wedding-021-compression,test,royal-wedding,library,technicolor,compression,3.0,2092.862,False,True,True,0.612,True,True,0.612,False,True,0.839
royal-wedding-021-downscale,test,royal-wedding,library,technicolor,downscale,3.0,2092.862,False,True,True,0.388,True,True,0.388,True,True,0.172
royal-wedding-021-crop,test,royal-wedding,library,technicolor,crop,3.0,2092.862,False,True,True,0.112,True,True,0.112,True,True,0.171
royal-wedding-021-letterbox,test,royal-wedding,library,technicolor,letterbox,3.0,2092.862,False,True,True,0.112,True,True,0.112,True,True,0.005
royal-wedding-021-mirror,test,royal-wedding,library,technicolor,mirror,3.0,2092.862,False,True,True,0.112,True,True,0.112,True,True,0.171
royal-wedding-021-color,test,royal-wedding,library,technicolor,color,3.0,2092.862,False,False,True,94.388,False,True,94.388,False,True,94.824
royal-wedding-021-overlay,test,royal-wedding,library,technicolor,overlay,3.0,2092.862,False,False,True,0.112,False,True,0.112,False,True,0.997
royal-wedding-021-speed,test,royal-wedding,library,technicolor,speed,3.0,2092.862,False,True,True,0.388,True,True,0.388,True,True,0.162
royal-wedding-021-screen_recording,test,royal-wedding,library,technicolor,screen_recording,3.0,2092.862,False,True,True,0.612,True,True,0.612,False,True,0.171
royal-wedding-022-original,test,royal-wedding,library,technicolor,original,3.0,2135.893,False,True,True,0.143,True,True,0.143,True,True,0.107
royal-wedding-022-compression,test,royal-wedding,library,technicolor,compression,3.0,2135.893,False,True,True,0.143,True,True,0.143,True,True,0.226
royal-wedding-022-downscale,test,royal-wedding,library,technicolor,downscale,3.0,2135.893,False,True,True,0.143,True,True,0.143,True,True,0.059
royal-wedding-022-crop,test,royal-wedding,library,technicolor,crop,3.0,2135.893,False,False,True,17.857,False,True,17.857,False,True,17.625
royal-wedding-022-letterbox,test,royal-wedding,library,technicolor,letterbox,3.0,2135.893,False,True,True,0.143,True,True,0.143,True,True,0.107
royal-wedding-022-mirror,test,royal-wedding,library,technicolor,mirror,3.0,2135.893,False,True,True,0.143,True,True,0.143,True,True,0.059
royal-wedding-022-color,test,royal-wedding,library,technicolor,color,3.0,2135.893,False,True,True,0.143,True,True,0.143,True,True,0.059
royal-wedding-022-overlay,test,royal-wedding,library,technicolor,overlay,3.0,2135.893,False,False,True,0.357,False,True,0.357,False,True,18.292
royal-wedding-022-speed,test,royal-wedding,library,technicolor,speed,3.0,2135.893,False,True,True,0.357,True,True,0.357,True,True,0.441
royal-wedding-022-screen_recording,test,royal-wedding,library,technicolor,screen_recording,3.0,2135.893,False,True,True,8.857,True,True,8.857,True,True,8.783
royal-wedding-023-original,test,royal-wedding,library,technicolor,original,10.0,2250.512,False,True,True,0.238,True,True,0.238,True,True,0.003
royal-wedding-023-compression,test,royal-wedding,library,technicolor,compression,10.0,2250.512,False,True,True,0.238,True,True,0.238,True,True,0.003
royal-wedding-023-downscale,test,royal-wedding,library,technicolor,downscale,10.0,2250.512,False,True,True,0.238,True,True,0.238,True,True,0.003
royal-wedding-023-crop,test,royal-wedding,library,technicolor,crop,10.0,2250.512,False,True,True,0.262,True,True,0.262,False,True,0.497
royal-wedding-023-letterbox,test,royal-wedding,library,technicolor,letterbox,10.0,2250.512,False,True,True,0.238,True,True,0.238,False,True,0.17
royal-wedding-023-mirror,test,royal-wedding,library,technicolor,mirror,10.0,2250.512,False,True,True,0.238,True,True,0.238,True,True,0.003
royal-wedding-023-color,test,royal-wedding,library,technicolor,color,10.0,2250.512,False,True,True,0.238,True,True,0.238,True,True,0.003
royal-wedding-023-overlay,test,royal-wedding,library,technicolor,overlay,10.0,2250.512,False,False,True,0.238,False,True,0.238,True,True,0.003
royal-wedding-023-speed,test,royal-wedding,library,technicolor,speed,10.0,2250.512,False,True,True,1.238,True,True,1.238,True,True,1.338
royal-wedding-023-screen_recording,test,royal-wedding,library,technicolor,screen_recording,10.0,2250.512,False,True,True,0.238,True,True,0.238,True,True,0.336
royal-wedding-024-original,val,royal-wedding,library,technicolor,original,10.0,2295.586,False,True,True,0.336,True,True,0.336,True,True,0.074
royal-wedding-024-compression,val,royal-wedding,library,technicolor,compression,10.0,2295.586,False,True,True,0.336,True,True,0.336,True,True,0.059
royal-wedding-024-downscale,val,royal-wedding,library,technicolor,downscale,10.0,2295.586,False,True,True,0.164,True,True,0.164,True,True,0.059
royal-wedding-024-crop,val,royal-wedding,library,technicolor,crop,10.0,2295.586,False,True,True,0.164,True,True,0.164,False,True,0.26
royal-wedding-024-letterbox,val,royal-wedding,library,technicolor,letterbox,10.0,2295.586,False,True,True,0.164,True,True,0.164,False,True,0.26
royal-wedding-024-mirror,val,royal-wedding,library,technicolor,mirror,10.0,2295.586,False,True,True,0.336,True,True,0.336,True,True,0.059
royal-wedding-024-color,val,royal-wedding,library,technicolor,color,10.0,2295.586,False,True,True,0.164,True,True,0.164,True,True,0.059
royal-wedding-024-overlay,val,royal-wedding,library,technicolor,overlay,10.0,2295.586,False,False,True,0.336,False,True,0.336,True,True,0.06
royal-wedding-024-speed,val,royal-wedding,library,technicolor,speed,10.0,2295.586,False,True,True,1.164,True,True,1.164,True,True,0.908
royal-wedding-024-screen_recording,val,royal-wedding,library,technicolor,screen_recording,10.0,2295.586,False,True,True,0.164,True,True,0.164,True,True,0.226
royal-wedding-025-original,test,royal-wedding,library,technicolor,original,3.0,2370.964,False,True,True,0.286,True,True,0.286,True,True,0.038
royal-wedding-025-compression,test,royal-wedding,library,technicolor,compression,3.0,2370.964,False,False,True,83.286,False,True,83.286,False,True,83.054
royal-wedding-025-downscale,test,royal-wedding,library,technicolor,downscale,3.0,2370.964,False,True,True,0.214,False,True,0.214,True,True,0.038
royal-wedding-025-crop,test,royal-wedding,library,technicolor,crop,3.0,2370.964,False,True,True,0.286,True,True,0.286,True,True,1.964
royal-wedding-025-letterbox,test,royal-wedding,library,technicolor,letterbox,3.0,2370.964,False,True,True,0.214,False,True,0.214,True,True,0.129
royal-wedding-025-mirror,test,royal-wedding,library,technicolor,mirror,3.0,2370.964,False,True,True,0.214,True,True,0.214,True,True,0.038
royal-wedding-025-color,test,royal-wedding,library,technicolor,color,3.0,2370.964,False,True,True,0.214,True,True,0.214,True,True,0.129
royal-wedding-025-overlay,test,royal-wedding,library,technicolor,overlay,3.0,2370.964,False,False,True,0.286,False,True,0.286,True,True,0.129
royal-wedding-025-speed,test,royal-wedding,library,technicolor,speed,3.0,2370.964,False,True,True,0.786,True,True,0.786,True,True,0.205
royal-wedding-025-screen_recording,test,royal-wedding,library,technicolor,screen_recording,3.0,2370.964,False,True,True,0.214,False,True,0.214,False,True,0.629
royal-wedding-026-original,val,royal-wedding,library,technicolor,original,10.0,2444.346,False,True,True,0.096,True,True,0.096,True,True,0.004
royal-wedding-026-compression,val,royal-wedding,library,technicolor,compression,10.0,2444.346,False,True,True,0.096,True,True,0.096,True,True,0.004
royal-wedding-026-downscale,val,royal-wedding,library,technicolor,downscale,10.0,2444.346,False,True,True,0.404,True,True,0.404,True,True,0.004
royal-wedding-026-crop,val,royal-wedding,library,technicolor,crop,10.0,2444.346,False,True,True,0.096,True,True,0.096,True,True,0.338
royal-wedding-026-letterbox,val,royal-wedding,library,technicolor,letterbox,10.0,2444.346,False,True,True,0.404,False,True,0.404,True,True,0.338
royal-wedding-026-mirror,val,royal-wedding,library,technicolor,mirror,10.0,2444.346,False,True,True,0.096,True,True,0.096,True,True,0.004
royal-wedding-026-color,val,royal-wedding,library,technicolor,color,10.0,2444.346,False,False,True,1.404,False,True,1.404,False,True,0.997
royal-wedding-026-overlay,val,royal-wedding,library,technicolor,overlay,10.0,2444.346,False,False,True,0.096,False,True,0.096,False,True,0.171
royal-wedding-026-speed,val,royal-wedding,library,technicolor,speed,10.0,2444.346,False,True,True,1.404,True,True,1.404,True,True,1.497
royal-wedding-026-screen_recording,val,royal-wedding,library,technicolor,screen_recording,10.0,2444.346,False,True,True,0.096,False,True,0.096,False,True,0.004
royal-wedding-027-original,val,royal-wedding,library,technicolor,original,3.0,2552.401,False,True,True,0.151,True,True,0.151,True,True,0.116
royal-wedding-027-compression,val,royal-wedding,library,technicolor,compression,3.0,2552.401,False,True,True,0.151,True,True,0.151,True,True,0.051
royal-wedding-027-downscale,val,royal-wedding,library,technicolor,downscale,3.0,2552.401,False,True,True,0.151,True,True,0.151,True,True,0.051
royal-wedding-027-crop,val,royal-wedding,library,technicolor,crop,3.0,2552.401,False,True,True,1706.151,False,True,1706.151,False,True,1706.723
royal-wedding-027-letterbox,val,royal-wedding,library,technicolor,letterbox,3.0,2552.401,False,True,True,0.151,True,True,0.151,True,True,0.116
royal-wedding-027-mirror,val,royal-wedding,library,technicolor,mirror,3.0,2552.401,False,True,True,0.151,True,True,0.151,True,True,0.116
royal-wedding-027-color,val,royal-wedding,library,technicolor,color,3.0,2552.401,False,True,True,0.151,True,True,0.151,True,True,0.116
royal-wedding-027-overlay,val,royal-wedding,library,technicolor,overlay,3.0,2552.401,False,False,True,0.151,False,True,0.151,True,True,0.116
royal-wedding-027-speed,val,royal-wedding,library,technicolor,speed,3.0,2552.401,False,True,True,0.849,True,True,0.849,True,True,0.282
royal-wedding-027-screen_recording,val,royal-wedding,library,technicolor,screen_recording,3.0,2552.401,False,True,True,0.151,True,True,0.151,True,True,0.116
royal-wedding-028-original,val,royal-wedding,library,technicolor,original,10.0,2609.587,False,True,True,0.163,True,True,0.163,True,True,0.08
royal-wedding-028-compression,val,royal-wedding,library,technicolor,compression,10.0,2609.587,False,True,True,0.163,True,True,0.163,True,True,0.08
royal-wedding-028-downscale,val,royal-wedding,library,technicolor,downscale,10.0,2609.587,False,True,True,0.163,True,True,0.163,True,True,0.08
royal-wedding-028-crop,val,royal-wedding,library,technicolor,crop,10.0,2609.587,False,True,True,0.163,True,True,0.163,False,True,0.087
royal-wedding-028-letterbox,val,royal-wedding,library,technicolor,letterbox,10.0,2609.587,False,True,True,0.163,True,True,0.163,False,True,0.08
royal-wedding-028-mirror,val,royal-wedding,library,technicolor,mirror,10.0,2609.587,False,True,True,0.163,True,True,0.163,True,True,0.08
royal-wedding-028-color,val,royal-wedding,library,technicolor,color,10.0,2609.587,False,True,True,0.163,True,True,0.163,True,True,0.08
royal-wedding-028-overlay,val,royal-wedding,library,technicolor,overlay,10.0,2609.587,False,False,True,0.163,False,True,0.163,True,True,0.08
royal-wedding-028-speed,val,royal-wedding,library,technicolor,speed,10.0,2609.587,False,True,True,2.163,True,True,2.163,True,True,1.922
royal-wedding-028-screen_recording,val,royal-wedding,library,technicolor,screen_recording,10.0,2609.587,False,True,True,0.163,True,True,0.163,False,True,0.08
royal-wedding-029-original,test,royal-wedding,library,technicolor,original,10.0,2713.903,False,True,True,0.153,True,True,0.153,True,True,0.058
royal-wedding-029-compression,test,royal-wedding,library,technicolor,compression,10.0,2713.903,False,True,True,0.153,True,True,0.153,True,True,0.059
royal-wedding-029-downscale,test,royal-wedding,library,technicolor,downscale,10.0,2713.903,False,True,True,0.347,True,True,0.347,True,True,0.058
royal-wedding-029-crop,test,royal-wedding,library,technicolor,crop,10.0,2713.903,False,True,True,23.847,True,True,23.847,False,True,23.598
royal-wedding-029-letterbox,test,royal-wedding,library,technicolor,letterbox,10.0,2713.903,False,True,True,23.347,True,True,23.347,False,True,25.267
royal-wedding-029-mirror,test,royal-wedding,library,technicolor,mirror,10.0,2713.903,False,True,True,0.347,True,True,0.347,True,True,0.058
royal-wedding-029-color,test,royal-wedding,library,technicolor,color,10.0,2713.903,False,True,True,0.153,True,True,0.153,True,True,0.108
royal-wedding-029-overlay,test,royal-wedding,library,technicolor,overlay,10.0,2713.903,False,False,True,0.347,False,True,0.347,True,True,0.058
royal-wedding-029-speed,test,royal-wedding,library,technicolor,speed,10.0,2713.903,False,True,True,1.347,True,True,1.347,True,True,1.109
royal-wedding-029-screen_recording,test,royal-wedding,library,technicolor,screen_recording,10.0,2713.903,False,True,True,0.847,True,True,0.847,False,True,25.267
royal-wedding-030-original,test,royal-wedding,library,technicolor,original,10.0,2748.737,False,True,True,0.013,True,True,0.013,True,True,0.058
royal-wedding-030-compression,test,royal-wedding,library,technicolor,compression,10.0,2748.737,False,True,True,0.013,True,True,0.013,True,True,0.058
royal-wedding-030-downscale,test,royal-wedding,library,technicolor,downscale,10.0,2748.737,False,True,True,0.013,True,True,0.013,True,True,0.058
royal-wedding-030-crop,test,royal-wedding,library,technicolor,crop,10.0,2748.737,False,True,True,0.013,True,True,0.013,True,True,0.058
royal-wedding-030-letterbox,test,royal-wedding,library,technicolor,letterbox,10.0,2748.737,False,True,True,0.013,True,True,0.013,True,True,0.109
royal-wedding-030-mirror,test,royal-wedding,library,technicolor,mirror,10.0,2748.737,False,True,True,0.013,True,True,0.013,True,True,0.058
royal-wedding-030-color,test,royal-wedding,library,technicolor,color,10.0,2748.737,False,True,True,0.013,True,True,0.013,True,True,0.058
royal-wedding-030-overlay,test,royal-wedding,library,technicolor,overlay,10.0,2748.737,False,False,True,0.013,False,True,0.013,True,True,0.058
royal-wedding-030-speed,test,royal-wedding,library,technicolor,speed,10.0,2748.737,False,True,True,0.513,True,True,0.513,True,True,0.61
royal-wedding-030-screen_recording,test,royal-wedding,library,technicolor,screen_recording,10.0,2748.737,False,True,True,0.013,True,True,0.013,True,True,0.058
royal-wedding-031-original,val,royal-wedding,library,technicolor,original,10.0,2840.015,False,True,True,0.235,True,True,0.235,True,True,0.011
royal-wedding-031-compression,val,royal-wedding,library,technicolor,compression,10.0,2840.015,False,True,True,0.265,True,True,0.265,True,True,0.011
royal-wedding-031-downscale,val,royal-wedding,library,technicolor,downscale,10.0,2840.015,False,True,True,0.235,True,True,0.235,True,True,0.011
royal-wedding-031-crop,val,royal-wedding,library,technicolor,crop,10.0,2840.015,False,False,True,258.735,False,True,258.735,False,True,258.981
royal-wedding-031-letterbox,val,royal-wedding,library,technicolor,letterbox,10.0,2840.015,False,True,True,0.235,True,True,0.235,True,True,0.011
royal-wedding-031-mirror,val,royal-wedding,library,technicolor,mirror,10.0,2840.015,False,True,True,0.235,True,True,0.235,True,True,0.011
royal-wedding-031-color,val,royal-wedding,library,technicolor,color,10.0,2840.015,False,True,True,0.235,True,True,0.235,True,True,0.011
royal-wedding-031-overlay,val,royal-wedding,library,technicolor,overlay,10.0,2840.015,False,False,True,0.235,False,True,0.235,True,True,0.011
royal-wedding-031-speed,val,royal-wedding,library,technicolor,speed,10.0,2840.015,False,True,True,0.735,True,True,0.735,True,True,0.656
royal-wedding-031-screen_recording,val,royal-wedding,library,technicolor,screen_recording,10.0,2840.015,False,True,True,0.235,True,True,0.235,True,True,0.011
royal-wedding-032-original,val,royal-wedding,library,technicolor,original,10.0,2925.029,False,True,True,0.221,True,True,0.221,True,True,0.007
royal-wedding-032-compression,val,royal-wedding,library,technicolor,compression,10.0,2925.029,False,True,True,0.221,True,True,0.221,True,True,0.007
royal-wedding-032-downscale,val,royal-wedding,library,technicolor,downscale,10.0,2925.029,False,True,True,0.221,True,True,0.221,True,True,0.007
royal-wedding-032-crop,val,royal-wedding,library,technicolor,crop,10.0,2925.029,False,True,True,0.221,False,True,0.221,False,True,0.007
royal-wedding-032-letterbox,val,royal-wedding,library,technicolor,letterbox,10.0,2925.029,False,True,True,0.221,True,True,0.221,True,True,0.174
royal-wedding-032-mirror,val,royal-wedding,library,technicolor,mirror,10.0,2925.029,False,True,True,0.221,True,True,0.221,True,True,0.007
royal-wedding-032-color,val,royal-wedding,library,technicolor,color,10.0,2925.029,False,True,True,0.221,True,True,0.221,True,True,0.007
royal-wedding-032-overlay,val,royal-wedding,library,technicolor,overlay,10.0,2925.029,False,False,True,0.221,False,True,0.221,True,True,0.007
royal-wedding-032-speed,val,royal-wedding,library,technicolor,speed,10.0,2925.029,False,True,True,1.221,True,True,1.221,True,True,1.661
royal-wedding-032-screen_recording,val,royal-wedding,library,technicolor,screen_recording,10.0,2925.029,False,True,True,0.221,True,True,0.221,True,True,0.174
royal-wedding-033-original,val,royal-wedding,library,technicolor,original,5.0,3003.636,False,True,True,0.114,True,True,0.114,True,True,0.031
royal-wedding-033-compression,val,royal-wedding,library,technicolor,compression,5.0,3003.636,False,True,True,0.386,True,True,0.386,True,True,0.135
royal-wedding-033-downscale,val,royal-wedding,library,technicolor,downscale,5.0,3003.636,False,True,True,0.114,True,True,0.114,True,True,0.031
royal-wedding-033-crop,val,royal-wedding,library,technicolor,crop,5.0,3003.636,False,True,True,0.114,False,True,0.114,True,True,0.198
royal-wedding-033-letterbox,val,royal-wedding,library,technicolor,letterbox,5.0,3003.636,False,True,True,0.114,True,True,0.114,True,True,0.136
royal-wedding-033-mirror,val,royal-wedding,library,technicolor,mirror,5.0,3003.636,False,True,True,0.614,False,True,0.614,False,True,0.198
royal-wedding-033-color,val,royal-wedding,library,technicolor,color,5.0,3003.636,False,True,True,0.114,True,True,0.114,True,True,0.031
royal-wedding-033-overlay,val,royal-wedding,library,technicolor,overlay,5.0,3003.636,False,False,True,0.114,False,True,0.114,True,True,0.135
royal-wedding-033-speed,val,royal-wedding,library,technicolor,speed,5.0,3003.636,False,True,True,0.614,True,True,0.614,True,True,0.532
royal-wedding-033-screen_recording,val,royal-wedding,library,technicolor,screen_recording,5.0,3003.636,False,True,True,0.114,True,True,0.114,True,True,0.031
royal-wedding-034-original,test,royal-wedding,library,technicolor,original,5.0,3095.763,False,True,True,0.013,True,True,0.013,True,True,0.07
royal-wedding-034-compression,test,royal-wedding,library,technicolor,compression,5.0,3095.763,False,True,True,0.013,True,True,0.013,True,True,0.07
royal-wedding-034-downscale,test,royal-wedding,library,technicolor,downscale,5.0,3095.763,False,True,True,0.013,True,True,0.013,True,True,0.07
royal-wedding-034-crop,test,royal-wedding,library,technicolor,crop,5.0,3095.763,False,True,True,2.487,False,True,2.487,False,True,0.07
royal-wedding-034-letterbox,test,royal-wedding,library,technicolor,letterbox,5.0,3095.763,False,True,True,0.013,True,True,0.013,True,True,0.096
royal-wedding-034-mirror,test,royal-wedding,library,technicolor,mirror,5.0,3095.763,False,True,True,0.013,True,True,0.013,True,True,0.096
royal-wedding-034-color,test,royal-wedding,library,technicolor,color,5.0,3095.763,False,True,True,0.013,True,True,0.013,False,True,0.07
royal-wedding-034-overlay,test,royal-wedding,library,technicolor,overlay,5.0,3095.763,False,False,True,0.013,False,True,0.013,False,True,0.096
royal-wedding-034-speed,test,royal-wedding,library,technicolor,speed,5.0,3095.763,False,True,True,0.487,True,True,0.487,True,True,0.597
royal-wedding-034-screen_recording,test,royal-wedding,library,technicolor,screen_recording,5.0,3095.763,False,True,True,0.013,True,True,0.013,True,True,0.07
royal-wedding-035-original,test,royal-wedding,library,technicolor,original,3.0,3197.025,False,True,True,0.225,True,True,0.225,True,True,0.002
royal-wedding-035-compression,test,royal-wedding,library,technicolor,compression,3.0,3197.025,False,True,True,0.225,True,True,0.225,True,True,0.002
royal-wedding-035-downscale,test,royal-wedding,library,technicolor,downscale,3.0,3197.025,False,True,True,0.225,True,True,0.225,True,True,0.002
royal-wedding-035-crop,test,royal-wedding,library,technicolor,crop,3.0,3197.025,False,True,True,0.225,True,True,0.225,False,True,0.002
royal-wedding-035-letterbox,test,royal-wedding,library,technicolor,letterbox,3.0,3197.025,False,True,True,0.225,True,True,0.225,True,True,0.336
royal-wedding-035-mirror,test,royal-wedding,library,technicolor,mirror,3.0,3197.025,False,True,True,0.225,True,True,0.225,True,True,0.002
royal-wedding-035-color,test,royal-wedding,library,technicolor,color,3.0,3197.025,False,True,True,0.225,True,True,0.225,True,True,0.002
royal-wedding-035-overlay,test,royal-wedding,library,technicolor,overlay,3.0,3197.025,False,False,True,0.225,False,True,0.225,False,True,0.002
royal-wedding-035-speed,test,royal-wedding,library,technicolor,speed,3.0,3197.025,False,True,True,0.225,True,True,0.225,True,True,0.503
royal-wedding-035-screen_recording,test,royal-wedding,library,technicolor,screen_recording,3.0,3197.025,False,True,True,0.225,True,True,0.225,False,True,0.165
royal-wedding-036-original,val,royal-wedding,library,technicolor,original,3.0,3253.646,False,True,True,0.104,True,True,0.104,True,True,0.038
royal-wedding-036-compression,val,royal-wedding,library,technicolor,compression,3.0,3253.646,False,True,True,0.104,True,True,0.104,False,True,0.038
royal-wedding-036-downscale,val,royal-wedding,library,technicolor,downscale,3.0,3253.646,False,True,True,0.104,True,True,0.104,False,True,0.038
royal-wedding-036-crop,val,royal-wedding,library,technicolor,crop,3.0,3253.646,False,True,True,0.104,True,True,0.104,False,True,0.038
royal-wedding-036-letterbox,val,royal-wedding,library,technicolor,letterbox,3.0,3253.646,False,True,True,0.104,True,True,0.104,False,True,4.133
royal-wedding-036-mirror,val,royal-wedding,library,technicolor,mirror,3.0,3253.646,False,True,True,0.104,True,True,0.104,True,True,0.038
royal-wedding-036-color,val,royal-wedding,library,technicolor,color,3.0,3253.646,False,True,True,0.104,True,True,0.104,True,True,0.038
royal-wedding-036-overlay,val,royal-wedding,library,technicolor,overlay,3.0,3253.646,False,False,True,0.104,False,True,0.104,False,True,0.038
royal-wedding-036-speed,val,royal-wedding,library,technicolor,speed,3.0,3253.646,False,True,True,0.104,True,True,0.104,True,True,0.204
royal-wedding-036-screen_recording,val,royal-wedding,library,technicolor,screen_recording,3.0,3253.646,False,True,True,0.104,True,True,0.104,False,True,0.038
royal-wedding-037-original,test,royal-wedding,library,technicolor,original,5.0,3315.989,False,True,True,0.261,True,True,0.261,True,True,0.024
royal-wedding-037-compression,test,royal-wedding,library,technicolor,compression,5.0,3315.989,False,True,True,0.261,True,True,0.261,True,True,0.024
royal-wedding-037-downscale,test,royal-wedding,library,technicolor,downscale,5.0,3315.989,False,True,True,0.261,True,True,0.261,True,True,0.024
royal-wedding-037-crop,test,royal-wedding,library,technicolor,crop,5.0,3315.989,False,True,True,0.261,True,True,0.261,True,True,0.024
royal-wedding-037-letterbox,test,royal-wedding,library,technicolor,letterbox,5.0,3315.989,False,True,True,0.261,True,True,0.261,True,True,0.024
royal-wedding-037-mirror,test,royal-wedding,library,technicolor,mirror,5.0,3315.989,False,True,True,0.261,True,True,0.261,True,True,0.024
royal-wedding-037-color,test,royal-wedding,library,technicolor,color,5.0,3315.989,False,True,True,0.261,True,True,0.261,True,True,0.024
royal-wedding-037-overlay,test,royal-wedding,library,technicolor,overlay,5.0,3315.989,False,False,True,0.261,False,True,0.261,True,True,0.024
royal-wedding-037-speed,test,royal-wedding,library,technicolor,speed,5.0,3315.989,False,True,True,0.261,True,True,0.261,True,True,0.524
royal-wedding-037-screen_recording,test,royal-wedding,library,technicolor,screen_recording,5.0,3315.989,False,True,True,0.261,True,True,0.261,False,True,0.024
royal-wedding-038-original,val,royal-wedding,library,technicolor,original,5.0,3409.417,False,True,True,0.333,True,True,0.333,True,True,0.078
royal-wedding-038-compression,val,royal-wedding,library,technicolor,compression,5.0,3409.417,False,False,True,0.167,False,True,0.167,False,True,0.089
royal-wedding-038-downscale,val,royal-wedding,library,technicolor,downscale,5.0,3409.417,False,True,True,0.333,True,True,0.333,True,True,0.089
royal-wedding-038-crop,val,royal-wedding,library,technicolor,crop,5.0,3409.417,False,True,True,0.333,True,True,0.333,False,True,0.089
royal-wedding-038-letterbox,val,royal-wedding,library,technicolor,letterbox,5.0,3409.417,False,True,True,0.167,True,True,0.167,True,True,0.245
royal-wedding-038-mirror,val,royal-wedding,library,technicolor,mirror,5.0,3409.417,False,True,True,0.333,True,True,0.333,True,True,0.078
royal-wedding-038-color,val,royal-wedding,library,technicolor,color,5.0,3409.417,False,False,True,984.667,False,True,984.667,False,True,985.229
royal-wedding-038-overlay,val,royal-wedding,library,technicolor,overlay,5.0,3409.417,False,False,True,0.167,False,True,0.167,False,True,0.078
royal-wedding-038-speed,val,royal-wedding,library,technicolor,speed,5.0,3409.417,False,True,True,0.833,True,True,0.833,True,True,0.756
royal-wedding-038-screen_recording,val,royal-wedding,library,technicolor,screen_recording,5.0,3409.417,False,True,True,0.167,False,True,0.167,False,True,0.078
royal-wedding-039-original,val,royal-wedding,library,technicolor,original,3.0,3509.797,False,True,True,0.047,True,True,0.047,True,True,0.043
royal-wedding-039-compression,val,royal-wedding,library,technicolor,compression,3.0,3509.797,False,True,True,2.047,False,True,2.047,True,True,1.459
royal-wedding-039-downscale,val,royal-wedding,library,technicolor,downscale,3.0,3509.797,False,True,True,0.547,True,True,0.547,True,True,0.124
royal-wedding-039-crop,val,royal-wedding,library,technicolor,crop,3.0,3509.797,False,True,True,0.547,True,True,0.547,True,True,0.124
royal-wedding-039-letterbox,val,royal-wedding,library,technicolor,letterbox,3.0,3509.797,False,True,True,0.047,True,True,0.047,True,True,0.043
royal-wedding-039-mirror,val,royal-wedding,library,technicolor,mirror,3.0,3509.797,False,True,True,0.453,True,True,0.453,True,True,0.043
royal-wedding-039-color,val,royal-wedding,library,technicolor,color,3.0,3509.797,False,True,True,0.047,True,True,0.047,True,True,0.043
royal-wedding-039-overlay,val,royal-wedding,library,technicolor,overlay,3.0,3509.797,False,False,True,1.047,False,True,1.047,False,True,0.625
royal-wedding-039-speed,val,royal-wedding,library,technicolor,speed,3.0,3509.797,False,True,True,0.453,True,True,0.453,True,True,0.376
royal-wedding-039-screen_recording,val,royal-wedding,library,technicolor,screen_recording,3.0,3509.797,False,True,True,0.047,True,True,0.047,True,True,0.043
royal-wedding-040-original,val,royal-wedding,library,technicolor,original,5.0,3528.833,False,True,True,0.083,True,True,0.083,True,True,0.026
royal-wedding-040-compression,val,royal-wedding,library,technicolor,compression,5.0,3528.833,False,True,True,9.083,True,True,9.083,False,True,8.65
royal-wedding-040-downscale,val,royal-wedding,library,technicolor,downscale,5.0,3528.833,False,True,True,0.583,True,True,0.583,False,True,0.026
royal-wedding-040-crop,val,royal-wedding,library,technicolor,crop,5.0,3528.833,False,True,True,11.583,True,True,11.583,False,True,8.65
royal-wedding-040-letterbox,val,royal-wedding,library,technicolor,letterbox,5.0,3528.833,False,True,True,0.917,True,True,0.917,False,True,0.693
royal-wedding-040-mirror,val,royal-wedding,library,technicolor,mirror,5.0,3528.833,False,True,True,0.417,True,True,0.417,True,True,0.026
royal-wedding-040-color,val,royal-wedding,library,technicolor,color,5.0,3528.833,False,False,False,711.917,False,False,711.917,False,False,772.996
royal-wedding-040-overlay,val,royal-wedding,library,technicolor,overlay,5.0,3528.833,False,False,True,0.417,False,True,0.417,False,True,0.141
royal-wedding-040-speed,val,royal-wedding,library,technicolor,speed,5.0,3528.833,False,True,True,0.417,True,True,0.417,True,True,0.193
royal-wedding-040-screen_recording,val,royal-wedding,library,technicolor,screen_recording,5.0,3528.833,False,True,True,0.583,True,True,0.583,False,True,0.308
royal-wedding-041-original,val,royal-wedding,library,technicolor,original,5.0,3610.266,False,True,True,0.016,True,True,0.016,True,True,0.074
royal-wedding-041-compression,val,royal-wedding,library,technicolor,compression,5.0,3610.266,False,False,True,38.016,False,True,38.016,False,True,37.931
royal-wedding-041-downscale,val,royal-wedding,library,technicolor,downscale,5.0,3610.266,False,True,True,0.016,False,True,0.016,False,True,0.074
royal-wedding-041-crop,val,royal-wedding,library,technicolor,crop,5.0,3610.266,False,True,True,0.016,True,True,0.016,False,True,0.074
royal-wedding-041-letterbox,val,royal-wedding,library,technicolor,letterbox,5.0,3610.266,False,True,True,0.484,False,True,0.484,False,True,0.241
royal-wedding-041-mirror,val,royal-wedding,library,technicolor,mirror,5.0,3610.266,False,True,True,0.016,True,True,0.016,True,True,0.074
royal-wedding-041-color,val,royal-wedding,library,technicolor,color,5.0,3610.266,False,False,True,44.016,False,True,44.016,False,True,12.587
royal-wedding-041-overlay,val,royal-wedding,library,technicolor,overlay,5.0,3610.266,False,False,True,0.016,False,True,0.016,False,True,0.074
royal-wedding-041-speed,val,royal-wedding,library,technicolor,speed,5.0,3610.266,False,True,True,0.984,True,True,0.984,True,True,0.741
royal-wedding-041-screen_recording,val,royal-wedding,library,technicolor,screen_recording,5.0,3610.266,False,True,True,183.516,True,True,183.516,False,True,184.077
royal-wedding-042-original,test,royal-wedding,library,technicolor,original,5.0,3684.52,False,True,True,0.23,True,True,0.23,True,True,0.006
royal-wedding-042-compression,test,royal-wedding,library,technicolor,compression,5.0,3684.52,False,True,True,0.23,True,True,0.23,True,True,0.006
royal-wedding-042-downscale,test,royal-wedding,library,technicolor,downscale,5.0,3684.52,False,False,True,0.23,False,True,0.23,True,True,0.006
royal-wedding-042-crop,test,royal-wedding,library,technicolor,crop,5.0,3684.52,False,True,True,0.27,True,True,0.27,True,True,0.161
royal-wedding-042-letterbox,test,royal-wedding,library,technicolor,letterbox,5.0,3684.52,False,True,True,0.27,True,True,0.27,True,True,0.173
royal-wedding-042-mirror,test,royal-wedding,library,technicolor,mirror,5.0,3684.52,False,False,True,0.23,False,True,0.23,True,True,0.006
royal-wedding-042-color,test,royal-wedding,library,technicolor,color,5.0,3684.52,False,True,True,0.27,True,True,0.27,True,True,0.006
royal-wedding-042-overlay,test,royal-wedding,library,technicolor,overlay,5.0,3684.52,False,False,True,0.23,False,True,0.23,True,True,0.006
royal-wedding-042-speed,test,royal-wedding,library,technicolor,speed,5.0,3684.52,False,True,True,0.73,True,True,0.73,True,True,0.495
royal-wedding-042-screen_recording,test,royal-wedding,library,technicolor,screen_recording,5.0,3684.52,False,True,True,0.23,True,True,0.23,True,True,0.006
royal-wedding-043-original,test,royal-wedding,library,technicolor,original,5.0,3769.202,False,True,True,0.048,True,True,0.048,True,True,0.037
royal-wedding-043-compression,test,royal-wedding,library,technicolor,compression,5.0,3769.202,False,True,True,0.048,True,True,0.048,True,True,0.037
royal-wedding-043-downscale,test,royal-wedding,library,technicolor,downscale,5.0,3769.202,False,True,True,0.048,True,True,0.048,True,True,0.037
royal-wedding-043-crop,test,royal-wedding,library,technicolor,crop,5.0,3769.202,False,True,True,0.048,True,True,0.048,True,True,0.13
royal-wedding-043-letterbox,test,royal-wedding,library,technicolor,letterbox,5.0,3769.202,False,True,True,0.048,True,True,0.048,True,True,0.003
royal-wedding-043-mirror,test,royal-wedding,library,technicolor,mirror,5.0,3769.202,False,True,True,0.048,True,True,0.048,True,True,0.036
royal-wedding-043-color,test,royal-wedding,library,technicolor,color,5.0,3769.202,False,True,True,0.048,True,True,0.048,True,True,0.037
royal-wedding-043-overlay,test,royal-wedding,library,technicolor,overlay,5.0,3769.202,False,False,True,0.048,False,True,0.048,True,True,0.037
royal-wedding-043-speed,test,royal-wedding,library,technicolor,speed,5.0,3769.202,False,True,True,0.048,True,True,0.048,True,True,0.631
royal-wedding-043-screen_recording,test,royal-wedding,library,technicolor,screen_recording,5.0,3769.202,False,True,True,0.048,True,True,0.048,True,True,0.037
royal-wedding-044-original,test,royal-wedding,library,technicolor,original,3.0,3879.347,False,True,True,0.097,True,True,0.097,True,True,0.005
royal-wedding-044-compression,test,royal-wedding,library,technicolor,compression,3.0,3879.347,False,True,True,0.097,True,True,0.097,True,True,0.005
royal-wedding-044-downscale,test,royal-wedding,library,technicolor,downscale,3.0,3879.347,False,True,True,0.097,True,True,0.097,True,True,0.005
royal-wedding-044-crop,test,royal-wedding,library,technicolor,crop,3.0,3879.347,False,True,True,0.097,True,True,0.097,False,True,0.172
royal-wedding-044-letterbox,test,royal-wedding,library,technicolor,letterbox,3.0,3879.347,False,True,True,15.403,True,True,15.403,False,True,15.511
royal-wedding-044-mirror,test,royal-wedding,library,technicolor,mirror,3.0,3879.347,False,True,True,0.097,True,True,0.097,True,True,0.005
royal-wedding-044-color,test,royal-wedding,library,technicolor,color,3.0,3879.347,False,True,True,0.097,True,True,0.097,True,True,0.005
royal-wedding-044-overlay,test,royal-wedding,library,technicolor,overlay,3.0,3879.347,False,False,True,0.097,False,True,0.097,False,True,0.005
royal-wedding-044-speed,test,royal-wedding,library,technicolor,speed,3.0,3879.347,False,True,True,0.403,True,True,0.403,True,True,0.162
royal-wedding-044-screen_recording,test,royal-wedding,library,technicolor,screen_recording,3.0,3879.347,False,True,True,0.097,True,True,0.097,True,True,0.329
royal-wedding-045-original,val,royal-wedding,library,technicolor,original,10.0,3943.748,False,True,True,0.002,True,True,0.002,True,True,0.075
royal-wedding-045-compression,val,royal-wedding,library,technicolor,compression,10.0,3943.748,False,True,True,0.002,True,True,0.002,True,True,0.075
royal-wedding-045-downscale,val,royal-wedding,library,technicolor,downscale,10.0,3943.748,False,True,True,0.002,True,True,0.002,True,True,0.075
royal-wedding-045-crop,val,royal-wedding,library,technicolor,crop,10.0,3943.748,False,True,True,0.002,True,True,0.002,False,True,0.075
royal-wedding-045-letterbox,val,royal-wedding,library,technicolor,letterbox,10.0,3943.748,False,True,True,0.002,True,True,0.002,True,True,0.092
royal-wedding-045-mirror,val,royal-wedding,library,technicolor,mirror,10.0,3943.748,False,True,True,0.002,True,True,0.002,True,True,0.075
royal-wedding-045-color,val,royal-wedding,library,technicolor,color,10.0,3943.748,False,True,True,0.002,True,True,0.002,True,True,0.075
royal-wedding-045-overlay,val,royal-wedding,library,technicolor,overlay,10.0,3943.748,False,False,True,0.002,False,True,0.002,False,True,0.075
royal-wedding-045-speed,val,royal-wedding,library,technicolor,speed,10.0,3943.748,False,True,True,2.002,True,True,2.002,False,True,1.76
royal-wedding-045-screen_recording,val,royal-wedding,library,technicolor,screen_recording,10.0,3943.748,False,True,True,0.002,True,True,0.002,True,True,0.075
royal-wedding-046-original,test,royal-wedding,library,technicolor,original,3.0,4026.353,False,True,True,0.103,True,True,0.103,True,True,0.003
royal-wedding-046-compression,test,royal-wedding,library,technicolor,compression,3.0,4026.353,False,True,True,0.103,True,True,0.103,True,True,0.003
royal-wedding-046-downscale,test,royal-wedding,library,technicolor,downscale,3.0,4026.353,False,True,True,0.103,True,True,0.103,False,True,0.164
royal-wedding-046-crop,test,royal-wedding,library,technicolor,crop,3.0,4026.353,False,True,True,87.897,True,True,87.897,False,True,87.99
royal-wedding-046-letterbox,test,royal-wedding,library,technicolor,letterbox,3.0,4026.353,False,True,True,0.103,True,True,0.103,True,True,0.003
royal-wedding-046-mirror,test,royal-wedding,library,technicolor,mirror,3.0,4026.353,False,True,True,0.103,True,True,0.103,True,True,0.003
royal-wedding-046-color,test,royal-wedding,library,technicolor,color,3.0,4026.353,False,True,True,0.103,True,True,0.103,False,True,0.164
royal-wedding-046-overlay,test,royal-wedding,library,technicolor,overlay,3.0,4026.353,False,False,True,0.103,False,True,0.103,True,True,0.164
royal-wedding-046-speed,test,royal-wedding,library,technicolor,speed,3.0,4026.353,False,True,True,0.397,True,True,0.397,False,True,0.336
royal-wedding-046-screen_recording,test,royal-wedding,library,technicolor,screen_recording,3.0,4026.353,False,True,True,0.103,True,True,0.103,True,True,0.164
royal-wedding-047-original,val,royal-wedding,library,technicolor,original,5.0,4091.593,False,True,True,0.157,True,True,0.157,True,True,0.072
royal-wedding-047-compression,val,royal-wedding,library,technicolor,compression,5.0,4091.593,False,True,True,0.157,True,True,0.157,False,True,0.072
royal-wedding-047-downscale,val,royal-wedding,library,technicolor,downscale,5.0,4091.593,False,True,True,0.157,True,True,0.157,True,True,0.072
royal-wedding-047-crop,val,royal-wedding,library,technicolor,crop,5.0,4091.593,False,True,True,0.343,True,True,0.343,True,True,0.406
royal-wedding-047-letterbox,val,royal-wedding,library,technicolor,letterbox,5.0,4091.593,False,True,True,0.157,True,True,0.157,False,True,0.239
royal-wedding-047-mirror,val,royal-wedding,library,technicolor,mirror,5.0,4091.593,False,True,True,0.157,True,True,0.157,True,True,0.072
royal-wedding-047-color,val,royal-wedding,library,technicolor,color,5.0,4091.593,False,True,True,0.157,True,True,0.157,True,True,0.072
royal-wedding-047-overlay,val,royal-wedding,library,technicolor,overlay,5.0,4091.593,False,False,True,35.657,False,True,35.657,False,True,34.596
royal-wedding-047-speed,val,royal-wedding,library,technicolor,speed,5.0,4091.593,False,True,True,0.657,True,True,0.657,True,True,0.762
royal-wedding-047-screen_recording,val,royal-wedding,library,technicolor,screen_recording,5.0,4091.593,False,True,True,0.157,True,True,0.157,False,True,0.239
royal-wedding-048-original,val,royal-wedding,library,technicolor,original,10.0,4134.646,False,True,True,0.104,True,True,0.104,True,True,0.116
royal-wedding-048-compression,val,royal-wedding,library,technicolor,compression,10.0,4134.646,False,True,True,0.104,True,True,0.104,True,True,0.149
royal-wedding-048-downscale,val,royal-wedding,library,technicolor,downscale,10.0,4134.646,False,True,True,0.104,True,True,0.104,True,True,0.116
royal-wedding-048-crop,val,royal-wedding,library,technicolor,crop,10.0,4134.646,False,True,True,0.104,True,True,0.104,False,True,0.185
royal-wedding-048-letterbox,val,royal-wedding,library,technicolor,letterbox,10.0,4134.646,False,True,True,0.104,True,True,0.104,True,True,0.018
royal-wedding-048-mirror,val,royal-wedding,library,technicolor,mirror,10.0,4134.646,False,True,True,0.104,True,True,0.104,True,True,0.116
royal-wedding-048-color,val,royal-wedding,library,technicolor,color,10.0,4134.646,False,True,True,0.104,True,True,0.104,True,True,0.018
royal-wedding-048-overlay,val,royal-wedding,library,technicolor,overlay,10.0,4134.646,False,False,True,0.104,False,True,0.104,False,True,0.149
royal-wedding-048-speed,val,royal-wedding,library,technicolor,speed,10.0,4134.646,False,True,True,1.604,True,True,1.604,False,True,1.519
royal-wedding-048-screen_recording,val,royal-wedding,library,technicolor,screen_recording,10.0,4134.646,False,True,True,0.396,True,True,0.396,True,True,0.149
royal-wedding-049-original,val,royal-wedding,library,technicolor,original,3.0,4249.492,False,True,True,0.258,True,True,0.258,True,True,0.02
royal-wedding-049-compression,val,royal-wedding,library,technicolor,compression,3.0,4249.492,False,True,True,0.242,True,True,0.242,True,True,0.147
royal-wedding-049-downscale,val,royal-wedding,library,technicolor,downscale,3.0,4249.492,False,True,True,0.242,True,True,0.242,True,True,0.02
royal-wedding-049-crop,val,royal-wedding,library,technicolor,crop,3.0,4249.492,False,True,True,14.258,True,True,14.258,True,True,14.367
royal-wedding-049-letterbox,val,royal-wedding,library,technicolor,letterbox,3.0,4249.492,False,True,True,24.242,True,True,24.242,True,True,23.804
royal-wedding-049-mirror,val,royal-wedding,library,technicolor,mirror,3.0,4249.492,False,True,True,0.258,True,True,0.258,True,True,0.02
royal-wedding-049-color,val,royal-wedding,library,technicolor,color,3.0,4249.492,False,True,True,0.258,True,True,0.258,True,True,0.02
royal-wedding-049-overlay,val,royal-wedding,library,technicolor,overlay,3.0,4249.492,False,True,True,0.758,True,True,0.758,True,True,0.147
royal-wedding-049-speed,val,royal-wedding,library,technicolor,speed,3.0,4249.492,False,True,True,0.258,True,True,0.258,True,True,0.354
royal-wedding-049-screen_recording,val,royal-wedding,library,technicolor,screen_recording,3.0,4249.492,False,True,True,22.742,True,True,22.742,True,True,22.636
royal-wedding-050-original,val,royal-wedding,library,technicolor,original,5.0,4316.354,False,True,True,0.104,True,True,0.104,True,True,0.009
royal-wedding-050-compression,val,royal-wedding,library,technicolor,compression,5.0,4316.354,False,True,True,0.104,True,True,0.104,True,True,0.009
royal-wedding-050-downscale,val,royal-wedding,library,technicolor,downscale,5.0,4316.354,False,True,True,0.104,True,True,0.104,True,True,0.009
royal-wedding-050-crop,val,royal-wedding,library,technicolor,crop,5.0,4316.354,False,True,True,0.104,True,True,0.104,True,True,0.009
royal-wedding-050-letterbox,val,royal-wedding,library,technicolor,letterbox,5.0,4316.354,False,False,True,0.104,False,True,0.104,True,True,0.009
royal-wedding-050-mirror,val,royal-wedding,library,technicolor,mirror,5.0,4316.354,False,True,True,0.604,True,True,0.604,True,True,0.009
royal-wedding-050-color,val,royal-wedding,library,technicolor,color,5.0,4316.354,False,True,True,0.604,True,True,0.604,True,True,0.158
royal-wedding-050-overlay,val,royal-wedding,library,technicolor,overlay,5.0,4316.354,False,True,True,0.104,False,True,0.104,True,True,0.009
royal-wedding-050-speed,val,royal-wedding,library,technicolor,speed,5.0,4316.354,False,True,True,0.896,True,True,0.896,True,True,0.825
royal-wedding-050-screen_recording,val,royal-wedding,library,technicolor,screen_recording,5.0,4316.354,False,False,True,0.104,False,True,0.104,True,True,0.158
royal-wedding-051-original,test,royal-wedding,library,technicolor,original,5.0,4365.966,False,True,True,0.284,True,True,0.284,True,True,0.062
royal-wedding-051-compression,test,royal-wedding,library,technicolor,compression,5.0,4365.966,False,True,True,0.284,True,True,0.284,True,True,0.062
royal-wedding-051-downscale,test,royal-wedding,library,technicolor,downscale,5.0,4365.966,False,True,True,0.284,True,True,0.284,True,True,0.062
royal-wedding-051-crop,test,royal-wedding,library,technicolor,crop,5.0,4365.966,False,True,True,0.284,False,True,0.284,False,True,0.105
royal-wedding-051-letterbox,test,royal-wedding,library,technicolor,letterbox,5.0,4365.966,False,False,True,0.284,False,True,0.284,True,True,0.062
royal-wedding-051-mirror,test,royal-wedding,library,technicolor,mirror,5.0,4365.966,False,True,True,0.284,True,True,0.284,True,True,0.062
royal-wedding-051-color,test,royal-wedding,library,technicolor,color,5.0,4365.966,False,False,True,0.284,False,True,0.284,True,True,0.062
royal-wedding-051-overlay,test,royal-wedding,library,technicolor,overlay,5.0,4365.966,False,False,True,0.284,False,True,0.284,True,True,0.062
royal-wedding-051-speed,test,royal-wedding,library,technicolor,speed,5.0,4365.966,False,True,True,0.784,True,True,0.784,True,True,0.563
royal-wedding-051-screen_recording,test,royal-wedding,library,technicolor,screen_recording,5.0,4365.966,False,True,True,0.284,True,True,0.284,True,True,0.062
royal-wedding-052-original,val,royal-wedding,library,technicolor,original,3.0,4493.403,False,True,True,0.347,True,True,0.347,True,True,0.047
royal-wedding-052-compression,val,royal-wedding,library,technicolor,compression,3.0,4493.403,False,True,True,0.347,True,True,0.347,True,True,0.119
royal-wedding-052-downscale,val,royal-wedding,library,technicolor,downscale,3.0,4493.403,False,True,True,0.347,True,True,0.347,True,True,0.119
royal-wedding-052-crop,val,royal-wedding,library,technicolor,crop,3.0,4493.403,False,True,True,32.847,True,True,32.847,True,True,33.453
royal-wedding-052-letterbox,val,royal-wedding,library,technicolor,letterbox,3.0,4493.403,False,True,True,0.153,False,True,0.153,True,True,0.047
royal-wedding-052-mirror,val,royal-wedding,library,technicolor,mirror,3.0,4493.403,False,True,True,0.347,True,True,0.347,True,True,0.047
royal-wedding-052-color,val,royal-wedding,library,technicolor,color,3.0,4493.403,False,True,True,0.153,True,True,0.153,True,True,0.047
royal-wedding-052-overlay,val,royal-wedding,library,technicolor,overlay,3.0,4493.403,False,False,True,0.153,False,True,0.153,True,True,0.047
royal-wedding-052-speed,val,royal-wedding,library,technicolor,speed,3.0,4493.403,False,True,True,0.847,True,True,0.847,True,True,0.286
royal-wedding-052-screen_recording,val,royal-wedding,library,technicolor,screen_recording,3.0,4493.403,False,True,True,0.153,False,True,0.153,False,True,0.119
royal-wedding-053-original,val,royal-wedding,library,technicolor,original,5.0,4586.171,False,True,True,0.079,True,True,0.079,True,True,0.01
royal-wedding-053-compression,val,royal-wedding,library,technicolor,compression,5.0,4586.171,False,True,True,0.079,True,True,0.079,True,True,0.01
royal-wedding-053-downscale,val,royal-wedding,library,technicolor,downscale,5.0,4586.171,False,True,True,0.421,True,True,0.421,True,True,0.01
royal-wedding-053-crop,val,royal-wedding,library,technicolor,crop,5.0,4586.171,False,True,True,0.421,True,True,0.421,True,True,0.323
royal-wedding-053-letterbox,val,royal-wedding,library,technicolor,letterbox,5.0,4586.171,False,True,True,0.079,True,True,0.079,True,True,0.156
royal-wedding-053-mirror,val,royal-wedding,library,technicolor,mirror,5.0,4586.171,False,True,True,0.421,True,True,0.421,True,True,0.01
royal-wedding-053-color,val,royal-wedding,library,technicolor,color,5.0,4586.171,False,True,True,0.079,True,True,0.079,True,True,0.01
royal-wedding-053-overlay,val,royal-wedding,library,technicolor,overlay,5.0,4586.171,False,False,True,0.079,False,True,0.079,True,True,0.01
royal-wedding-053-speed,val,royal-wedding,library,technicolor,speed,5.0,4586.171,False,True,True,0.579,True,True,0.579,True,True,0.511
royal-wedding-053-screen_recording,val,royal-wedding,library,technicolor,screen_recording,5.0,4586.171,False,True,True,0.579,True,True,0.579,False,True,0.177
royal-wedding-054-original,test,royal-wedding,library,technicolor,original,5.0,4595.935,False,True,True,0.315,True,True,0.315,True,True,0.077
royal-wedding-054-compression,test,royal-wedding,library,technicolor,compression,5.0,4595.935,False,True,True,0.185,True,True,0.185,True,True,0.077
royal-wedding-054-downscale,test,royal-wedding,library,technicolor,downscale,5.0,4595.935,False,True,True,0.185,True,True,0.185,True,True,0.077
royal-wedding-054-crop,test,royal-wedding,library,technicolor,crop,5.0,4595.935,False,True,True,0.185,False,True,0.185,True,True,0.077
royal-wedding-054-letterbox,test,royal-wedding,library,technicolor,letterbox,5.0,4595.935,False,True,True,0.185,False,True,0.185,True,True,0.077
royal-wedding-054-mirror,test,royal-wedding,library,technicolor,mirror,5.0,4595.935,False,False,True,0.185,False,True,0.185,True,True,0.077
royal-wedding-054-color,test,royal-wedding,library,technicolor,color,5.0,4595.935,False,True,True,0.315,True,True,0.315,True,True,0.077
royal-wedding-054-overlay,test,royal-wedding,library,technicolor,overlay,5.0,4595.935,False,False,True,0.185,False,True,0.185,True,True,0.09
royal-wedding-054-speed,test,royal-wedding,library,technicolor,speed,5.0,4595.935,False,True,True,0.815,True,True,0.815,True,True,0.757
royal-wedding-054-screen_recording,test,royal-wedding,library,technicolor,screen_recording,5.0,4595.935,False,True,True,0.315,False,True,0.315,True,True,0.077
royal-wedding-055-original,test,royal-wedding,library,technicolor,original,5.0,4673.139,False,True,True,0.111,True,True,0.111,True,True,0.029
royal-wedding-055-compression,test,royal-wedding,library,technicolor,compression,5.0,4673.139,False,True,True,0.111,True,True,0.111,True,True,0.029
royal-wedding-055-downscale,test,royal-wedding,library,technicolor,downscale,5.0,4673.139,False,True,True,0.111,False,True,0.111,True,True,0.029
royal-wedding-055-crop,test,royal-wedding,library,technicolor,crop,5.0,4673.139,False,False,True,29.889,False,True,29.889,False,True,40.444
royal-wedding-055-letterbox,test,royal-wedding,library,technicolor,letterbox,5.0,4673.139,False,True,True,0.111,False,True,0.111,True,True,0.03
royal-wedding-055-mirror,test,royal-wedding,library,technicolor,mirror,5.0,4673.139,False,True,True,0.111,True,True,0.111,True,True,0.029
royal-wedding-055-color,test,royal-wedding,library,technicolor,color,5.0,4673.139,False,True,True,0.111,False,True,0.111,True,True,0.03
royal-wedding-055-overlay,test,royal-wedding,library,technicolor,overlay,5.0,4673.139,False,False,True,0.111,False,True,0.111,False,True,0.03
royal-wedding-055-speed,test,royal-wedding,library,technicolor,speed,5.0,4673.139,False,True,True,1.111,True,True,1.111,True,True,0.53
royal-wedding-055-screen_recording,test,royal-wedding,library,technicolor,screen_recording,5.0,4673.139,False,True,True,0.111,False,True,0.111,True,True,0.029
royal-wedding-056-original,val,royal-wedding,library,technicolor,original,5.0,4762.376,False,True,True,0.126,True,True,0.126,True,True,0.018
royal-wedding-056-compression,val,royal-wedding,library,technicolor,compression,5.0,4762.376,False,True,True,0.126,True,True,0.126,True,True,0.019
royal-wedding-056-downscale,val,royal-wedding,library,technicolor,downscale,5.0,4762.376,False,True,True,0.126,True,True,0.126,True,True,0.018
royal-wedding-056-crop,val,royal-wedding,library,technicolor,crop,5.0,4762.376,False,True,True,8.126,True,True,8.126,False,True,8.694
royal-wedding-056-letterbox,val,royal-wedding,library,technicolor,letterbox,5.0,4762.376,False,True,True,9.374,True,True,9.374,False,True,9.124
royal-wedding-056-mirror,val,royal-wedding,library,technicolor,mirror,5.0,4762.376,False,True,True,0.126,True,True,0.126,True,True,0.018
royal-wedding-056-color,val,royal-wedding,library,technicolor,color,5.0,4762.376,False,True,True,0.126,True,True,0.126,True,True,0.018
royal-wedding-056-overlay,val,royal-wedding,library,technicolor,overlay,5.0,4762.376,False,False,True,0.126,False,True,0.126,False,True,0.018
royal-wedding-056-speed,val,royal-wedding,library,technicolor,speed,5.0,4762.376,False,True,True,0.874,True,True,0.874,True,True,0.649
royal-wedding-056-screen_recording,val,royal-wedding,library,technicolor,screen_recording,5.0,4762.376,False,True,True,0.126,True,True,0.126,True,True,0.019
royal-wedding-057-original,test,royal-wedding,library,technicolor,original,3.0,4839.299,False,True,True,0.049,True,True,0.049,True,True,0.036
royal-wedding-057-compression,test,royal-wedding,library,technicolor,compression,3.0,4839.299,False,True,True,0.451,False,True,0.451,True,True,0.036
royal-wedding-057-downscale,test,royal-wedding,library,technicolor,downscale,3.0,4839.299,False,True,True,0.451,True,True,0.451,True,True,0.036
royal-wedding-057-crop,test,royal-wedding,library,technicolor,crop,3.0,4839.299,False,True,True,0.049,True,True,0.049,True,True,0.131
royal-wedding-057-letterbox,test,royal-wedding,library,technicolor,letterbox,3.0,4839.299,False,True,True,0.049,False,True,0.049,True,True,0.036
royal-wedding-057-mirror,test,royal-wedding,library,technicolor,mirror,3.0,4839.299,False,True,True,0.049,True,True,0.049,True,True,0.036
royal-wedding-057-color,test,royal-wedding,library,technicolor,color,3.0,4839.299,False,True,True,0.049,True,True,0.049,True,True,0.036
royal-wedding-057-overlay,test,royal-wedding,library,technicolor,overlay,3.0,4839.299,False,False,True,0.049,False,True,0.049,True,True,0.036
royal-wedding-057-speed,test,royal-wedding,library,technicolor,speed,3.0,4839.299,False,True,True,0.451,True,True,0.451,True,True,0.202
royal-wedding-057-screen_recording,test,royal-wedding,library,technicolor,screen_recording,3.0,4839.299,False,True,True,0.451,True,True,0.451,True,True,0.131
royal-wedding-058-original,test,royal-wedding,library,technicolor,original,3.0,4953.915,False,True,True,0.165,True,True,0.165,True,True,0.066
royal-wedding-058-compression,test,royal-wedding,library,technicolor,compression,3.0,4953.915,False,False,True,0.165,False,True,0.165,False,True,0.066
royal-wedding-058-downscale,test,royal-wedding,library,technicolor,downscale,3.0,4953.915,False,False,True,0.165,False,True,0.165,True,True,0.066
royal-wedding-058-crop,test,royal-wedding,library,technicolor,crop,3.0,4953.915,False,False,True,0.335,False,True,0.335,False,True,0.267
royal-wedding-058-letterbox,test,royal-wedding,library,technicolor,letterbox,3.0,4953.915,False,False,True,0.165,False,True,0.165,True,True,0.066
royal-wedding-058-mirror,test,royal-wedding,library,technicolor,mirror,3.0,4953.915,False,True,True,0.165,True,True,0.165,True,True,0.066
royal-wedding-058-color,test,royal-wedding,library,technicolor,color,3.0,4953.915,False,False,True,2526.665,False,True,2526.665,False,True,2526.89
royal-wedding-058-overlay,test,royal-wedding,library,technicolor,overlay,3.0,4953.915,False,False,True,0.165,False,True,0.165,False,True,0.066
royal-wedding-058-speed,test,royal-wedding,library,technicolor,speed,3.0,4953.915,False,True,True,0.335,True,True,0.335,True,True,0.434
royal-wedding-058-screen_recording,test,royal-wedding,library,technicolor,screen_recording,3.0,4953.915,False,True,True,0.165,True,True,0.165,True,True,0.066
royal-wedding-059-original,test,royal-wedding,library,technicolor,original,10.0,4986.437,False,True,True,0.313,True,True,0.313,True,True,0.078
royal-wedding-059-compression,test,royal-wedding,library,technicolor,compression,10.0,4986.437,False,True,True,0.313,True,True,0.313,True,True,0.089
royal-wedding-059-downscale,test,royal-wedding,library,technicolor,downscale,10.0,4986.437,False,True,True,0.313,True,True,0.313,True,True,0.089
royal-wedding-059-crop,test,royal-wedding,library,technicolor,crop,10.0,4986.437,False,False,True,156.687,False,True,156.687,False,True,157.246
royal-wedding-059-letterbox,test,royal-wedding,library,technicolor,letterbox,10.0,4986.437,False,True,True,0.313,True,True,0.313,True,True,0.078
royal-wedding-059-mirror,test,royal-wedding,library,technicolor,mirror,10.0,4986.437,False,True,True,0.313,True,True,0.313,True,True,0.078
royal-wedding-059-color,test,royal-wedding,library,technicolor,color,10.0,4986.437,False,True,True,0.313,True,True,0.313,True,True,0.078
royal-wedding-059-overlay,test,royal-wedding,library,technicolor,overlay,10.0,4986.437,False,False,True,0.187,False,True,0.187,True,True,0.078
royal-wedding-059-speed,test,royal-wedding,library,technicolor,speed,10.0,4986.437,False,True,True,1.813,True,True,1.813,True,True,1.079
royal-wedding-059-screen_recording,test,royal-wedding,library,technicolor,screen_recording,10.0,4986.437,False,True,True,0.313,True,True,0.313,True,True,0.089
caminandes-3-000-original,val,caminandes-3,heldout,caminandes,original,10.0,28.479,False,False,,18.729,False,,18.729,False,,3.688
caminandes-3-000-compression,val,caminandes-3,heldout,caminandes,compression,10.0,28.479,False,False,,14.229,False,,14.229,False,,1.146
caminandes-3-000-downscale,val,caminandes-3,heldout,caminandes,downscale,10.0,28.479,False,False,,2.729,False,,2.729,False,,2.312
caminandes-3-000-crop,val,caminandes-3,heldout,caminandes,crop,10.0,28.479,False,False,,18.729,False,,18.729,False,,19.646
caminandes-3-000-letterbox,val,caminandes-3,heldout,caminandes,letterbox,10.0,28.479,False,False,,539.771,False,,539.771,False,,2.312
caminandes-3-000-mirror,val,caminandes-3,heldout,caminandes,mirror,10.0,28.479,False,False,,18.729,False,,18.729,False,,2.021
caminandes-3-000-color,val,caminandes-3,heldout,caminandes,color,10.0,28.479,False,False,,17.729,False,,17.729,False,,17.812
caminandes-3-000-overlay,val,caminandes-3,heldout,caminandes,overlay,10.0,28.479,False,False,,3.271,False,,3.271,False,,3.354
caminandes-3-000-speed,val,caminandes-3,heldout,caminandes,speed,10.0,28.479,False,False,,0.729,False,,0.729,False,,0.646
caminandes-3-000-screen_recording,val,caminandes-3,heldout,caminandes,screen_recording,10.0,28.479,False,False,,19.229,False,,19.229,False,,19.646
caminandes-3-001-original,test,caminandes-3,heldout,caminandes,original,3.0,54.389,False,False,,22.639,False,,22.639,False,,23.889
caminandes-3-001-compression,test,caminandes-3,heldout,caminandes,compression,3.0,54.389,False,False,,30.361,False,,30.361,False,,30.444
caminandes-3-001-downscale,test,caminandes-3,heldout,caminandes,downscale,3.0,54.389,False,False,,32.861,False,,32.861,False,,23.889
caminandes-3-001-crop,test,caminandes-3,heldout,caminandes,crop,3.0,54.389,False,False,,22.639,False,,22.639,False,,24.556
caminandes-3-001-letterbox,test,caminandes-3,heldout,caminandes,letterbox,3.0,54.389,False,False,,30.361,False,,30.361,False,,10.556
caminandes-3-001-mirror,test,caminandes-3,heldout,caminandes,mirror,3.0,54.389,False,False,,30.361,False,,30.361,False,,30.111
caminandes-3-001-color,test,caminandes-3,heldout,caminandes,color,3.0,54.389,False,False,,30.361,False,,30.361,False,,30.111
caminandes-3-001-overlay,test,caminandes-3,heldout,caminandes,overlay,3.0,54.389,False,False,,30.361,False,,30.361,False,,30.444
caminandes-3-001-speed,test,caminandes-3,heldout,caminandes,speed,3.0,54.389,False,False,,23.639,False,,23.639,False,,23.889
caminandes-3-001-screen_recording,test,caminandes-3,heldout,caminandes,screen_recording,3.0,54.389,False,False,,24.639,False,,24.639,False,,10.556
caminandes-3-002-original,test,caminandes-3,heldout,caminandes,original,5.0,86.85,False,False,,74.6,False,,74.6,False,,75.017
caminandes-3-002-compression,test,caminandes-3,heldout,caminandes,compression,5.0,86.85,False,False,,18.4,False,,18.4,False,,74.683
caminandes-3-002-downscale,test,caminandes-3,heldout,caminandes,downscale,5.0,86.85,False,False,,74.6,False,,74.6,False,,75.017
caminandes-3-002-crop,test,caminandes-3,heldout,caminandes,crop,5.0,86.85,False,False,,58.1,False,,58.1,False,,58.017
caminandes-3-002-letterbox,test,caminandes-3,heldout,caminandes,letterbox,5.0,86.85,False,False,,75.6,False,,75.6,False,,75.017
caminandes-3-002-mirror,test,caminandes-3,heldout,caminandes,mirror,5.0,86.85,False,False,,58.1,False,,58.1,False,,75.017
caminandes-3-002-color,test,caminandes-3,heldout,caminandes,color,5.0,86.85,False,False,,74.1,False,,74.1,False,,75.017
caminandes-3-002-overlay,test,caminandes-3,heldout,caminandes,overlay,5.0,86.85,False,False,,75.6,False,,75.6,False,,75.017
caminandes-3-002-speed,test,caminandes-3,heldout,caminandes,speed,5.0,86.85,False,False,,74.1,False,,74.1,False,,74.35
caminandes-3-002-screen_recording,test,caminandes-3,heldout,caminandes,screen_recording,5.0,86.85,False,False,,75.6,False,,75.6,False,,75.017
caminandes-3-003-original,val,caminandes-3,heldout,caminandes,original,10.0,122.401,False,False,,108.651,False,,108.651,False,,108.401
caminandes-3-003-compression,val,caminandes-3,heldout,caminandes,compression,10.0,122.401,False,False,,92.651,False,,92.651,False,,93.234
caminandes-3-003-downscale,val,caminandes-3,heldout,caminandes,downscale,10.0,122.401,False,False,,108.151,False,,108.151,False,,16.234
caminandes-3-003-crop,val,caminandes-3,heldout,caminandes,crop,10.0,122.401,False,False,,93.151,False,,93.151,False,,93.234
caminandes-3-003-letterbox,val,caminandes-3,heldout,caminandes,letterbox,10.0,122.401,False,False,,107.651,False,,107.651,False,,72.234
caminandes-3-003-mirror,val,caminandes-3,heldout,caminandes,mirror,10.0,122.401,False,False,,93.151,False,,93.151,False,,93.234
caminandes-3-003-color,val,caminandes-3,heldout,caminandes,color,10.0,122.401,False,False,,108.651,False,,108.651,False,,108.734
caminandes-3-003-overlay,val,caminandes-3,heldout,caminandes,overlay,10.0,122.401,False,False,,108.651,False,,108.651,False,,15.734
caminandes-3-003-speed,val,caminandes-3,heldout,caminandes,speed,10.0,122.401,False,False,,95.651,False,,95.651,False,,93.234
caminandes-3-003-screen_recording,val,caminandes-3,heldout,caminandes,screen_recording,10.0,122.401,False,False,,108.651,False,,108.651,False,,108.234
sprite-fright-000-original,test,sprite-fright,heldout,blender,original,3.0,72.56,False,False,,416.19,False,,416.19,False,,123.607
sprite-fright-000-compression,test,sprite-fright,heldout,blender,compression,3.0,72.56,False,False,,417.19,False,,417.19,False,,313.773
sprite-fright-000-downscale,test,sprite-fright,heldout,blender,downscale,3.0,72.56,False,False,,417.19,False,,417.19,False,,416.273
sprite-fright-000-crop,test,sprite-fright,heldout,blender,crop,3.0,72.56,False,False,,132.69,False,,132.69,False,,122.773
sprite-fright-000-letterbox,test,sprite-fright,heldout,blender,letterbox,3.0,72.56,False,False,,63.69,False,,63.69,False,,69.607
sprite-fright-000-mirror,test,sprite-fright,heldout,blender,mirror,3.0,72.56,False,False,,132.19,False,,132.19,False,,132.107
sprite-fright-000-color,test,sprite-fright,heldout,blender,color,3.0,72.56,False,False,,390.19,False,,390.19,False,,24.727
sprite-fright-000-overlay,test,sprite-fright,heldout,blender,overlay,3.0,72.56,False,False,,110.69,False,,110.69,False,,132.44
sprite-fright-000-speed,test,sprite-fright,heldout,blender,speed,3.0,72.56,False,False,,132.69,False,,132.69,False,,132.44
sprite-fright-000-screen_recording,test,sprite-fright,heldout,blender,screen_recording,3.0,72.56,False,False,,61.69,False,,61.69,False,,62.44
sprite-fright-001-original,val,sprite-fright,heldout,blender,original,5.0,145.781,False,False,,234.469,False,,234.469,False,,64.386
sprite-fright-001-compression,val,sprite-fright,heldout,blender,compression,5.0,145.781,False,False,,67.969,False,,67.969,False,,68.386
sprite-fright-001-downscale,val,sprite-fright,heldout,blender,downscale,5.0,145.781,False,False,,234.469,False,,234.469,False,,67.386
sprite-fright-001-crop,val,sprite-fright,heldout,blender,crop,5.0,145.781,False,False,,64.969,False,,64.969,False,,64.719
sprite-fright-001-letterbox,val,sprite-fright,heldout,blender,letterbox,5.0,145.781,False,False,,111.531,False,,111.531,False,,111.448
sprite-fright-001-mirror,val,sprite-fright,heldout,blender,mirror,5.0,145.781,False,False,,234.469,False,,234.469,False,,64.719
sprite-fright-001-color,val,sprite-fright,heldout,blender,color,5.0,145.781,False,False,,235.969,False,,235.969,False,,235.552
sprite-fright-001-overlay,val,sprite-fright,heldout,blender,overlay,5.0,145.781,False,False,,67.969,False,,67.969,False,,67.386
sprite-fright-001-speed,val,sprite-fright,heldout,blender,speed,5.0,145.781,False,False,,67.969,False,,67.969,False,,68.052
sprite-fright-001-screen_recording,val,sprite-fright,heldout,blender,screen_recording,5.0,145.781,False,False,,68.969,False,,68.969,False,,68.386
sprite-fright-002-original,val,sprite-fright,heldout,blender,original,10.0,166.956,False,False,,50.794,False,,50.794,False,,50.544
sprite-fright-002-compression,val,sprite-fright,heldout,blender,compression,10.0,166.956,False,False,,50.794,False,,50.794,False,,50.544
sprite-fright-002-downscale,val,sprite-fright,heldout,blender,downscale,10.0,166.956,False,False,,50.794,False,,50.794,False,,50.377
sprite-fright-002-crop,val,sprite-fright,heldout,blender,crop,10.0,166.956,False,False,,52.794,False,,52.794,False,,52.711
sprite-fright-002-letterbox,val,sprite-fright,heldout,blender,letterbox,10.0,166.956,False,False,,51.294,False,,51.294,False,,51.044
sprite-fright-002-mirror,val,sprite-fright,heldout,blender,mirror,10.0,166.956,False,False,,51.294,False,,51.294,False,,52.377
sprite-fright-002-color,val,sprite-fright,heldout,blender,color,10.0,166.956,False,False,,50.294,False,,50.294,False,,50.377
sprite-fright-002-overlay,val,sprite-fright,heldout,blender,overlay,10.0,166.956,False,False,,50.294,False,,50.294,False,,50.377
sprite-fright-002-speed,val,sprite-fright,heldout,blender,speed,10.0,166.956,False,False,,51.794,False,,51.794,False,,52.711
sprite-fright-002-screen_recording,val,sprite-fright,heldout,blender,screen_recording,10.0,166.956,False,False,,51.294,False,,51.294,False,,51.044
sprite-fright-003-original,test,sprite-fright,heldout,blender,original,3.0,214.679,False,False,,192.929,False,,192.929,False,,193.179
sprite-fright-003-compression,test,sprite-fright,heldout,blender,compression,3.0,214.679,False,False,,167.071,False,,167.071,False,,167.321
sprite-fright-003-downscale,test,sprite-fright,heldout,blender,downscale,3.0,214.679,False,False,,167.571,False,,167.571,False,,166.821
sprite-fright-003-crop,test,sprite-fright,heldout,blender,crop,3.0,214.679,False,False,,125.571,False,,125.571,False,,381.488
sprite-fright-003-letterbox,test,sprite-fright,heldout,blender,letterbox,3.0,214.679,False,False,,3.071,False,,3.071,False,,3.154
sprite-fright-003-mirror,test,sprite-fright,heldout,blender,mirror,3.0,214.679,False,False,,192.929,False,,192.929,False,,193.179
sprite-fright-003-color,test,sprite-fright,heldout,blender,color,3.0,214.679,False,False,,167.571,False,,167.571,False,,167.488
sprite-fright-003-overlay,test,sprite-fright,heldout,blender,overlay,3.0,214.679,False,False,,192.929,False,,192.929,False,,193.012
sprite-fright-003-speed,test,sprite-fright,heldout,blender,speed,3.0,214.679,False,False,,168.071,False,,168.071,False,,167.988
sprite-fright-003-screen_recording,test,sprite-fright,heldout,blender,screen_recording,3.0,214.679,False,False,,167.071,False,,167.071,False,,193.346
sprite-fright-004-original,test,sprite-fright,heldout,blender,original,5.0,295.906,False,False,,249.156,False,,249.156,False,,250.739
sprite-fright-004-compression,test,sprite-fright,heldout,blender,compression,5.0,295.906,False,False,,251.156,False,,251.156,False,,250.073
sprite-fright-004-downscale,test,sprite-fright,heldout,blender,downscale,5.0,295.906,False,False,,249.156,False,,249.156,False,,249.073
sprite-fright-004-crop,test,sprite-fright,heldout,blender,crop,5.0,295.906,False,False,,248.656,False,,248.656,False,,248.573
sprite-fright-004-letterbox,test,sprite-fright,heldout,blender,letterbox,5.0,295.906,False,False,,250.656,False,,250.656,False,,250.739
sprite-fright-004-mirror,test,sprite-fright,heldout,blender,mirror,5.0,295.906,False,False,,249.156,False,,249.156,False,,248.739
sprite-fright-004-color,test,sprite-fright,heldout,blender,color,5.0,295.906,False,False,,250.656,False,,250.656,False,,250.073
sprite-fright-004-overlay,test,sprite-fright,heldout,blender,overlay,5.0,295.906,False,False,,100.656,False,,100.656,False,,101.073
sprite-fright-004-speed,test,sprite-fright,heldout,blender,speed,5.0,295.906,False,False,,248.656,False,,248.656,False,,248.906
sprite-fright-004-screen_recording,test,sprite-fright,heldout,blender,screen_recording,5.0,295.906,False,False,,250.156,False,,250.156,False,,250.073
sprite-fright-005-original,test,sprite-fright,heldout,blender,original,3.0,333.479,False,False,,102.229,False,,102.229,False,,102.646
sprite-fright-005-compression,test,sprite-fright,heldout,blender,compression,3.0,333.479,False,False,,100.271,False,,100.271,False,,100.021
sprite-fright-005-downscale,test,sprite-fright,heldout,blender,downscale,3.0,333.479,False,False,,99.771,False,,99.771,False,,100.354
sprite-fright-005-crop,test,sprite-fright,heldout,blender,crop,3.0,333.479,False,False,,102.229,False,,102.229,False,,102.312
sprite-fright-005-letterbox,test,sprite-fright,heldout,blender,letterbox,3.0,333.479,False,False,,187.271,False,,187.271,False,,145.812
sprite-fright-005-mirror,test,sprite-fright,heldout,blender,mirror,3.0,333.479,False,False,,102.229,False,,102.229,False,,102.812
sprite-fright-005-color,test,sprite-fright,heldout,blender,color,3.0,333.479,False,False,,100.271,False,,100.271,False,,285.812
sprite-fright-005-overlay,test,sprite-fright,heldout,blender,overlay,3.0,333.479,False,False,,144.271,False,,144.271,False,,101.979
sprite-fright-005-speed,test,sprite-fright,heldout,blender,speed,3.0,333.479,False,False,,102.229,False,,102.229,False,,102.312
sprite-fright-005-screen_recording,test,sprite-fright,heldout,blender,screen_recording,3.0,333.479,False,False,,12.271,False,,12.271,False,,100.354
sprite-fright-006-original,val,sprite-fright,heldout,blender,original,3.0,408.857,False,False,,118.607,False,,118.607,False,,180.19
sprite-fright-006-compression,val,sprite-fright,heldout,blender,compression,3.0,408.857,False,False,,383.107,False,,383.107,False,,383.19
sprite-fright-006-downscale,val,sprite-fright,heldout,blender,downscale,3.0,408.857,False,False,,383.107,False,,383.107,False,,180.357
sprite-fright-006-crop,val,sprite-fright,heldout,blender,crop,3.0,408.857,False,False,,124.107,False,,124.107,False,,44.19
sprite-fright-006-letterbox,val,sprite-fright,heldout,blender,letterbox,3.0,408.857,False,False,,86.393,False,,86.393,False,,85.976
sprite-fright-006-mirror,val,sprite-fright,heldout,blender,mirror,3.0,408.857,False,False,,180.107,False,,180.107,False,,85.143
sprite-fright-006-color,val,sprite-fright,heldout,blender,color,3.0,408.857,False,False,,944.893,False,,944.893,False,,211.143
sprite-fright-006-overlay,val,sprite-fright,heldout,blender,overlay,3.0,408.857,False,False,,383.107,False,,383.107,False,,383.024
sprite-fright-006-speed,val,sprite-fright,heldout,blender,speed,3.0,408.857,False,False,,118.107,False,,118.107,False,,118.357
sprite-fright-006-screen_recording,val,sprite-fright,heldout,blender,screen_recording,3.0,408.857,False,False,,383.107,False,,383.107,False,,383.19
sprite-fright-007-original,test,sprite-fright,heldout,blender,original,10.0,454.515,False,False,,17.235,False,,17.235,False,,17.318
sprite-fright-007-compression,test,sprite-fright,heldout,blender,compression,10.0,454.515,False,False,,22.735,False,,22.735,False,,407.015
sprite-fright-007-downscale,test,sprite-fright,heldout,blender,downscale,10.0,454.515,False,False,,21.735,False,,21.735,False,,22.485
sprite-fright-007-crop,test,sprite-fright,heldout,blender,crop,10.0,454.515,False,False,,89.735,False,,89.735,False,,422.015
sprite-fright-007-letterbox,test,sprite-fright,heldout,blender,letterbox,10.0,454.515,False,False,,407.765,False,,407.765,False,,407.682
sprite-fright-007-mirror,test,sprite-fright,heldout,blender,mirror,10.0,454.515,False,False,,17.235,False,,17.235,False,,421.182
sprite-fright-007-color,test,sprite-fright,heldout,blender,color,10.0,454.515,False,False,,89.735,False,,89.735,False,,89.485
sprite-fright-007-overlay,test,sprite-fright,heldout,blender,overlay,10.0,454.515,False,False,,89.735,False,,89.735,False,,82.152
sprite-fright-007-speed,test,sprite-fright,heldout,blender,speed,10.0,454.515,False,False,,15.735,False,,15.735,False,,15.652
sprite-fright-007-screen_recording,test,sprite-fright,heldout,blender,screen_recording,10.0,454.515,False,False,,407.765,False,,407.765,False,,407.682
sprite-fright-008-original,val,sprite-fright,heldout,blender,original,5.0,503.091,False,False,,28.841,False,,28.841,False,,147.758
sprite-fright-008-compression,val,sprite-fright,heldout,blender,compression,5.0,503.091,False,False,,154.841,False,,154.841,False,,1501.08
sprite-fright-008-downscale,val,sprite-fright,heldout,blender,downscale,5.0,503.091,False,False,,29.341,False,,29.341,False,,1916.594
sprite-fright-008-crop,val,sprite-fright,heldout,blender,crop,5.0,503.091,False,False,,466.841,False,,466.841,False,,28.091
sprite-fright-008-letterbox,val,sprite-fright,heldout,blender,letterbox,5.0,503.091,False,False,,470.341,False,,470.341,False,,468.258
sprite-fright-008-mirror,val,sprite-fright,heldout,blender,mirror,5.0,503.091,False,False,,29.341,False,,29.341,False,,300.424
sprite-fright-008-color,val,sprite-fright,heldout,blender,color,5.0,503.091,False,False,,66.841,False,,66.841,False,,66.424
sprite-fright-008-overlay,val,sprite-fright,heldout,blender,overlay,5.0,503.091,False,False,,29.341,False,,29.341,False,,300.424
sprite-fright-008-speed,val,sprite-fright,heldout,blender,speed,5.0,503.091,False,False,,28.841,False,,28.841,False,,27.924
sprite-fright-008-screen_recording,val,sprite-fright,heldout,blender,screen_recording,5.0,503.091,False,False,,25.841,False,,25.841,False,,16.742
sprite-fright-009-original,val,sprite-fright,heldout,blender,original,3.0,544.522,False,False,,378.272,False,,378.272,False,,378.189
sprite-fright-009-compression,val,sprite-fright,heldout,blender,compression,3.0,544.522,False,False,,357.772,False,,357.772,False,,377.522
sprite-fright-009-downscale,val,sprite-fright,heldout,blender,downscale,3.0,544.522,False,False,,325.272,False,,325.272,False,,325.855
sprite-fright-009-crop,val,sprite-fright,heldout,blender,crop,3.0,544.522,False,False,,323.272,False,,323.272,False,,323.855
sprite-fright-009-letterbox,val,sprite-fright,heldout,blender,letterbox,3.0,544.522,False,False,,253.772,False,,253.772,False,,253.855
sprite-fright-009-mirror,val,sprite-fright,heldout,blender,mirror,3.0,544.522,False,False,,388.772,False,,388.772,False,,377.522
sprite-fright-009-color,val,sprite-fright,heldout,blender,color,3.0,544.522,False,False,,322.772,False,,322.772,False,,322.855
sprite-fright-009-overlay,val,sprite-fright,heldout,blender,overlay,3.0,544.522,False,False,,309.272,False,,309.272,False,,377.855
sprite-fright-009-speed,val,sprite-fright,heldout,blender,speed,3.0,544.522,False,False,,388.772,False,,388.772,False,,377.855
sprite-fright-009-screen_recording,val,sprite-fright,heldout,blender,screen_recording,3.0,544.522,False,False,,449.272,False,,449.272,False,,309.855
carnival-of-souls-000-original,val,carnival-of-souls,heldout,bw-horror,original,10.0,401.394,False,False,,321.644,False,,321.644,False,,321.881
carnival-of-souls-000-compression,val,carnival-of-souls,heldout,bw-horror,compression,10.0,401.394,False,False,,1233.856,False,,1233.856,False,,1234.273
carnival-of-souls-000-downscale,val,carnival-of-souls,heldout,bw-horror,downscale,10.0,401.394,False,False,,637.856,False,,637.856,False,,637.611
carnival-of-souls-000-crop,val,carnival-of-souls,heldout,bw-horror,crop,10.0,401.394,False,False,,1234.856,False,,1234.856,False,,1233.94
carnival-of-souls-000-letterbox,val,carnival-of-souls,heldout,bw-horror,letterbox,10.0,401.394,False,False,,3435.356,False,,3435.356,False,,3184.803
carnival-of-souls-000-mirror,val,carnival-of-souls,heldout,bw-horror,mirror,10.0,401.394,False,False,,321.644,False,,321.644,False,,3185.47
carnival-of-souls-000-color,val,carnival-of-souls,heldout,bw-horror,color,10.0,401.394,False,False,,207.144,False,,207.144,False,,3194.644
carnival-of-souls-000-overlay,val,carnival-of-souls,heldout,bw-horror,overlay,10.0,401.394,False,False,,969.356,False,,969.356,False,,966.606
carnival-of-souls-000-speed,val,carnival-of-souls,heldout,bw-horror,speed,10.0,401.394,False,False,,10.144,False,,10.144,False,,3185.636
carnival-of-souls-000-screen_recording,val,carnival-of-souls,heldout,bw-horror,screen_recording,10.0,401.394,False,False,,1233.856,False,,1233.856,False,,1233.606
carnival-of-souls-001-original,val,carnival-of-souls,heldout,bw-horror,original,5.0,519.473,False,False,,106.723,False,,106.723,False,,106.961
carnival-of-souls-001-compression,val,carnival-of-souls,heldout,bw-horror,compression,5.0,519.473,False,False,,102.723,False,,102.723,False,,107.128
carnival-of-souls-001-downscale,val,carnival-of-souls,heldout,bw-horror,downscale,5.0,519.473,False,False,,106.723,False,,106.723,False,,106.961
carnival-of-souls-001-crop,val,carnival-of-souls,heldout,bw-horror,crop,5.0,519.473,False,False,,1371.777,False,,1371.777,False,,3002.879
carnival-of-souls-001-letterbox,val,carnival-of-souls,heldout,bw-horror,letterbox,5.0,519.473,False,False,,2326.277,False,,2326.277,False,,2326.036
carnival-of-souls-001-mirror,val,carnival-of-souls,heldout,bw-horror,mirror,5.0,519.473,False,False,,4412.777,False,,4412.777,False,,106.794
carnival-of-souls-001-color,val,carnival-of-souls,heldout,bw-horror,color,5.0,519.473,False,False,,75.777,False,,75.777,False,,74.053
carnival-of-souls-001-overlay,val,carnival-of-souls,heldout,bw-horror,overlay,5.0,519.473,False,False,,4498.277,False,,4498.277,False,,4498.206
carnival-of-souls-001-speed,val,carnival-of-souls,heldout,bw-horror,speed,5.0,519.473,False,False,,107.223,False,,107.223,False,,106.627
carnival-of-souls-001-screen_recording,val,carnival-of-souls,heldout,bw-horror,screen_recording,5.0,519.473,False,False,,2488.277,False,,2488.277,False,,2488.365
carnival-of-souls-002-original,val,carnival-of-souls,heldout,bw-horror,original,3.0,543.227,False,False,,4541.523,False,,4541.523,False,,4392.137
carnival-of-souls-002-compression,val,carnival-of-souls,heldout,bw-horror,compression,3.0,543.227,False,False,,127.977,False,,127.977,False,,119.537
carnival-of-souls-002-downscale,val,carnival-of-souls,heldout,bw-horror,downscale,3.0,543.227,False,False,,4542.523,False,,4542.523,False,,4542.62
carnival-of-souls-002-crop,val,carnival-of-souls,heldout,bw-horror,crop,3.0,543.227,False,False,,4392.523,False,,4392.523,False,,339.788
carnival-of-souls-002-letterbox,val,carnival-of-souls,heldout,bw-horror,letterbox,3.0,543.227,False,False,,2467.523,False,,2467.523,False,,2467.614
carnival-of-souls-002-mirror,val,carnival-of-souls,heldout,bw-horror,mirror,3.0,543.227,False,False,,1764.023,False,,1764.023,False,,4541.786
carnival-of-souls-002-color,val,carnival-of-souls,heldout,bw-horror,color,3.0,543.227,False,False,,4391.523,False,,4391.523,True,,4391.303
carnival-of-souls-002-overlay,val,carnival-of-souls,heldout,bw-horror,overlay,3.0,543.227,False,False,,4482.023,False,,4482.023,False,,4392.304
carnival-of-souls-002-speed,val,carnival-of-souls,heldout,bw-horror,speed,3.0,543.227,False,False,,4527.523,False,,4527.523,False,,118.87
carnival-of-souls-002-screen_recording,val,carnival-of-souls,heldout,bw-horror,screen_recording,3.0,543.227,False,False,,2468.523,False,,2468.523,False,,4541.953
carnival-of-souls-003-original,test,carnival-of-souls,heldout,bw-horror,original,5.0,637.816,False,False,,2525.434,False,,2525.434,False,,2525.044
carnival-of-souls-003-compression,test,carnival-of-souls,heldout,bw-horror,compression,5.0,637.816,False,False,,2525.434,False,,2525.434,False,,2525.044
carnival-of-souls-003-downscale,test,carnival-of-souls,heldout,bw-horror,downscale,5.0,637.816,False,False,,2525.434,False,,2525.434,False,,2525.211
carnival-of-souls-003-crop,test,carnival-of-souls,heldout,bw-horror,crop,5.0,637.816,False,False,,2523.934,False,,2523.934,False,,2522.708
carnival-of-souls-003-letterbox,test,carnival-of-souls,heldout,bw-horror,letterbox,5.0,637.816,False,False,,2524.934,False,,2524.934,False,,2525.377
carnival-of-souls-003-mirror,test,carnival-of-souls,heldout,bw-horror,mirror,5.0,637.816,False,False,,2525.434,False,,2525.434,False,,2523.042
carnival-of-souls-003-color,test,carnival-of-souls,heldout,bw-horror,color,5.0,637.816,False,False,,2525.434,False,,2525.434,False,,2525.544
carnival-of-souls-003-overlay,test,carnival-of-souls,heldout,bw-horror,overlay,5.0,637.816,False,False,,2529.934,False,,2529.934,False,,2530.015
carnival-of-souls-003-speed,test,carnival-of-souls,heldout,bw-horror,speed,5.0,637.816,False,False,,2525.434,False,,2525.434,False,,2525.377
carnival-of-souls-003-screen_recording,test,carnival-of-souls,heldout,bw-horror,screen_recording,5.0,637.816,False,False,,2524.934,False,,2524.934,False,,2477.696
carnival-of-souls-004-original,val,carnival-of-souls,heldout,bw-horror,original,3.0,739.657,False,False,,2939.593,False,,2939.593,False,,2939.352
carnival-of-souls-004-compression,val,carnival-of-souls,heldout,bw-horror,compression,3.0,739.657,False,False,,3425.093,False,,3425.093,False,,3424.855
carnival-of-souls-004-downscale,val,carnival-of-souls,heldout,bw-horror,downscale,3.0,739.657,False,False,,3056.093,False,,3056.093,False,,3056.869
carnival-of-souls-004-crop,val,carnival-of-souls,heldout,bw-horror,crop,3.0,739.657,False,False,,3057.593,False,,3057.593,False,,2902.181
carnival-of-souls-004-letterbox,val,carnival-of-souls,heldout,bw-horror,letterbox,3.0,739.657,False,False,,3057.593,False,,3057.593,False,,3057.536
carnival-of-souls-004-mirror,val,carnival-of-souls,heldout,bw-horror,mirror,3.0,739.657,False,False,,2939.593,False,,2939.593,False,,2939.018
carnival-of-souls-004-color,val,carnival-of-souls,heldout,bw-horror,color,3.0,739.657,False,False,,4114.093,False,,4114.093,False,,4375.021
carnival-of-souls-004-overlay,val,carnival-of-souls,heldout,bw-horror,overlay,3.0,739.657,False,False,,3076.093,False,,3076.093,False,,2938.351
carnival-of-souls-004-speed,val,carnival-of-souls,heldout,bw-horror,speed,3.0,739.657,False,False,,2938.593,False,,2938.593,False,,2939.352
carnival-of-souls-004-screen_recording,val,carnival-of-souls,heldout,bw-horror,screen_recording,3.0,739.657,False,False,,2893.093,False,,2893.093,False,,2893.539
carnival-of-souls-005-original,test,carnival-of-souls,heldout,bw-horror,original,10.0,786.994,False,False,,254.256,False,,254.256,False,,254.013
carnival-of-souls-005-compression,test,carnival-of-souls,heldout,bw-horror,compression,10.0,786.994,False,False,,3382.756,False,,3382.756,False,,3370.845
carnival-of-souls-005-downscale,test,carnival-of-souls,heldout,bw-horror,downscale,10.0,786.994,False,False,,251.256,False,,251.256,False,,250.676
carnival-of-souls-005-crop,test,carnival-of-souls,heldout,bw-horror,crop,10.0,786.994,False,False,,3220.256,False,,3220.256,False,,3004.861
carnival-of-souls-005-letterbox,test,carnival-of-souls,heldout,bw-horror,letterbox,10.0,786.994,False,False,,3038.756,False,,3038.756,False,,3045.501
carnival-of-souls-005-mirror,test,carnival-of-souls,heldout,bw-horror,mirror,10.0,786.994,False,False,,253.256,False,,253.256,False,,253.178
carnival-of-souls-005-color,test,carnival-of-souls,heldout,bw-horror,color,10.0,786.994,False,False,,253.756,False,,253.756,False,,2374.031
carnival-of-souls-005-overlay,test,carnival-of-souls,heldout,bw-horror,overlay,10.0,786.994,False,False,,249.256,False,,249.256,False,,249.341
carnival-of-souls-005-speed,test,carnival-of-souls,heldout,bw-horror,speed,10.0,786.994,False,False,,254.256,False,,254.256,False,,890.015
carnival-of-souls-005-screen_recording,test,carnival-of-souls,heldout,bw-horror,screen_recording,10.0,786.994,False,False,,3685.756,False,,3685.756,False,,3687.025
carnival-of-souls-006-original,test,carnival-of-souls,heldout,bw-horror,original,3.0,824.301,False,False,,535.449,False,,535.449,False,,535.558
carnival-of-souls-006-compression,test,carnival-of-souls,heldout,bw-horror,compression,3.0,824.301,False,False,,535.449,False,,535.449,False,,535.891
carnival-of-souls-006-downscale,test,carnival-of-souls,heldout,bw-horror,downscale,3.0,824.301,False,False,,536.449,False,,536.449,False,,536.558
carnival-of-souls-006-crop,test,carnival-of-souls,heldout,bw-horror,crop,3.0,824.301,False,False,,466.949,False,,466.949,False,,467.556
carnival-of-souls-006-letterbox,test,carnival-of-souls,heldout,bw-horror,letterbox,3.0,824.301,False,False,,535.949,False,,535.949,False,,536.392
carnival-of-souls-006-mirror,test,carnival-of-souls,heldout,bw-horror,mirror,3.0,824.301,False,False,,536.449,False,,536.449,False,,535.891
carnival-of-souls-006-color,test,carnival-of-souls,heldout,bw-horror,color,3.0,824.301,False,False,,535.449,False,,535.449,False,,535.724
carnival-of-souls-006-overlay,test,carnival-of-souls,heldout,bw-horror,overlay,3.0,824.301,False,False,,536.449,False,,536.449,False,,536.558
carnival-of-souls-006-speed,test,carnival-of-souls,heldout,bw-horror,speed,3.0,824.301,False,False,,536.949,False,,536.949,False,,536.892
carnival-of-souls-006-screen_recording,test,carnival-of-souls,heldout,bw-horror,screen_recording,3.0,824.301,False,False,,3288.949,False,,3288.949,False,,3288.708
carnival-of-souls-007-original,val,carnival-of-souls,heldout,bw-horror,original,3.0,931.742,False,False,,2233.508,False,,2233.508,False,,2233.954
carnival-of-souls-007-compression,val,carnival-of-souls,heldout,bw-horror,compression,3.0,931.742,False,False,,109.008,False,,109.008,False,,108.264
carnival-of-souls-007-downscale,val,carnival-of-souls,heldout,bw-horror,downscale,3.0,931.742,False,False,,2285.008,False,,2285.008,False,,2285.939
carnival-of-souls-007-crop,val,carnival-of-souls,heldout,bw-horror,crop,3.0,931.742,False,False,,2748.508,False,,2748.508,True,,2746.266
carnival-of-souls-007-letterbox,val,carnival-of-souls,heldout,bw-horror,letterbox,3.0,931.742,False,False,,2200.508,False,,2200.508,False,,2793.78
carnival-of-souls-007-mirror,val,carnival-of-souls,heldout,bw-horror,mirror,3.0,931.742,False,False,,2233.508,False,,2233.508,False,,2233.954
carnival-of-souls-007-color,val,carnival-of-souls,heldout,bw-horror,color,3.0,931.742,False,False,,2233.508,False,,2233.508,False,,2233.62
carnival-of-souls-007-overlay,val,carnival-of-souls,heldout,bw-horror,overlay,3.0,931.742,False,False,,535.508,False,,535.508,False,,536.258
carnival-of-souls-007-speed,val,carnival-of-souls,heldout,bw-horror,speed,3.0,931.742,False,False,,2286.508,False,,2286.508,False,,2234.955
carnival-of-souls-007-screen_recording,val,carnival-of-souls,heldout,bw-horror,screen_recording,3.0,931.742,False,False,,2286.508,False,,2286.508,False,,2202.289
carnival-of-souls-008-original,test,carnival-of-souls,heldout,bw-horror,original,5.0,974.636,False,False,,150.886,False,,150.886,False,,2432.034
carnival-of-souls-008-compression,test,carnival-of-souls,heldout,bw-horror,compression,5.0,974.636,False,False,,2829.614,False,,2829.614,False,,4521.388
carnival-of-souls-008-downscale,test,carnival-of-souls,heldout,bw-horror,downscale,5.0,974.636,False,False,,2830.114,False,,2830.114,False,,2830.365
carnival-of-souls-008-crop,test,carnival-of-souls,heldout,bw-horror,crop,5.0,974.636,False,False,,380.886,False,,380.886,False,,4772.236
carnival-of-souls-008-letterbox,test,carnival-of-souls,heldout,bw-horror,letterbox,5.0,974.636,False,False,,2867.614,False,,2867.614,False,,2867.536
carnival-of-souls-008-mirror,test,carnival-of-souls,heldout,bw-horror,mirror,5.0,974.636,False,False,,150.886,False,,150.886,False,,4020.568
carnival-of-souls-008-color,test,carnival-of-souls,heldout,bw-horror,color,5.0,974.636,False,False,,454.886,False,,454.886,False,,454.803
carnival-of-souls-008-overlay,test,carnival-of-souls,heldout,bw-horror,overlay,5.0,974.636,False,False,,387.386,False,,387.386,False,,2856.558
carnival-of-souls-008-speed,test,carnival-of-souls,heldout,bw-horror,speed,5.0,974.636,False,False,,4020.614,False,,4020.614,False,,151.284
carnival-of-souls-008-screen_recording,test,carnival-of-souls,heldout,bw-horror,screen_recording,5.0,974.636,False,False,,2431.614,False,,2431.614,False,,4521.722
carnival-of-souls-009-original,test,carnival-of-souls,heldout,bw-horror,original,3.0,1072.359,False,True,,1468.891,False,,1468.891,False,,2649.492
carnival-of-souls-009-compression,test,carnival-of-souls,heldout,bw-horror,compression,3.0,1072.359,False,False,,1470.391,False,,1470.391,False,,2649.826
carnival-of-souls-009-downscale,test,carnival-of-souls,heldout,bw-horror,downscale,3.0,1072.359,False,False,,1469.391,False,,1469.391,False,,1469.313
carnival-of-souls-009-crop,test,carnival-of-souls,heldout,bw-horror,crop,3.0,1072.359,False,False,,1191.891,False,,1191.891,False,,2647.157
carnival-of-souls-009-letterbox,test,carnival-of-souls,heldout,bw-horror,letterbox,3.0,1072.359,False,True,,1469.391,True,,1469.391,False,,653.832
carnival-of-souls-009-mirror,test,carnival-of-souls,heldout,bw-horror,mirror,3.0,1072.359,False,True,,1469.391,True,,1469.391,False,,2650.327
carnival-of-souls-009-color,test,carnival-of-souls,heldout,bw-horror,color,3.0,1072.359,False,False,,1469.391,False,,1469.391,False,,1469.647
carnival-of-souls-009-overlay,test,carnival-of-souls,heldout,bw-horror,overlay,3.0,1072.359,False,False,,1756.391,False,,1756.391,False,,3658.167
carnival-of-souls-009-speed,test,carnival-of-souls,heldout,bw-horror,speed,3.0,1072.359,False,True,,1469.891,True,,1469.891,False,,1469.647
carnival-of-souls-009-screen_recording,test,carnival-of-souls,heldout,bw-horror,screen_recording,3.0,1072.359,False,False,,1191.891,False,,1191.891,False,,1191.836
carnival-of-souls-010-original,val,carnival-of-souls,heldout,bw-horror,original,3.0,1147.836,False,False,,427.914,False,,427.914,False,,756.812
carnival-of-souls-010-compression,val,carnival-of-souls,heldout,bw-horror,compression,3.0,1147.836,False,False,,860.086,False,,860.086,False,,987.026
carnival-of-souls-010-downscale,val,carnival-of-souls,heldout,bw-horror,downscale,3.0,1147.836,False,False,,518.586,False,,518.586,False,,518.145
carnival-of-souls-010-crop,val,carnival-of-souls,heldout,bw-horror,crop,3.0,1147.836,False,False,,1958.414,False,,1958.414,False,,1959.168
carnival-of-souls-010-letterbox,val,carnival-of-souls,heldout,bw-horror,letterbox,3.0,1147.836,False,False,,927.414,False,,927.414,False,,926.837
carnival-of-souls-010-mirror,val,carnival-of-souls,heldout,bw-horror,mirror,3.0,1147.836,False,False,,518.586,False,,518.586,False,,525.651
carnival-of-souls-010-color,val,carnival-of-souls,heldout,bw-horror,color,3.0,1147.836,False,False,,390.086,False,,390.086,False,,390.163
carnival-of-souls-010-overlay,val,carnival-of-souls,heldout,bw-horror,overlay,3.0,1147.836,False,False,,1940.914,False,,1940.914,False,,628.15
carnival-of-souls-010-speed,val,carnival-of-souls,heldout,bw-horror,speed,3.0,1147.836,False,False,,427.914,False,,427.914,False,,756.478
carnival-of-souls-010-screen_recording,val,carnival-of-souls,heldout,bw-horror,screen_recording,3.0,1147.836,False,False,,525.586,False,,525.586,False,,2145.521
carnival-of-souls-011-original,val,carnival-of-souls,heldout,bw-horror,original,10.0,1198.368,False,False,,1500.382,False,,1500.382,False,,1500.495
carnival-of-souls-011-compression,val,carnival-of-souls,heldout,bw-horror,compression,10.0,1198.368,False,False,,1510.382,False,,1510.382,False,,1509.637
carnival-of-souls-011-downscale,val,carnival-of-souls,heldout,bw-horror,downscale,10.0,1198.368,False,False,,1453.382,False,,1453.382,False,,1453.148
carnival-of-souls-011-crop,val,carnival-of-souls,heldout,bw-horror,crop,10.0,1198.368,False,False,,2107.382,False,,2107.382,False,,2107.635
carnival-of-souls-011-letterbox,val,carnival-of-souls,heldout,bw-horror,letterbox,10.0,1198.368,False,False,,871.882,False,,871.882,False,,871.633
carnival-of-souls-011-mirror,val,carnival-of-souls,heldout,bw-horror,mirror,10.0,1198.368,False,False,,1449.882,False,,1449.882,False,,813.016
carnival-of-souls-011-color,val,carnival-of-souls,heldout,bw-horror,color,10.0,1198.368,False,False,,809.118,False,,809.118,False,,619.148
carnival-of-souls-011-overlay,val,carnival-of-souls,heldout,bw-horror,overlay,10.0,1198.368,False,False,,1452.382,False,,1452.382,False,,1452.146
carnival-of-souls-011-speed,val,carnival-of-souls,heldout,bw-horror,speed,10.0,1198.368,False,False,,1500.382,False,,1500.382,False,,1501.129
carnival-of-souls-011-screen_recording,val,carnival-of-souls,heldout,bw-horror,screen_recording,10.0,1198.368,False,False,,990.882,False,,990.882,False,,814.518
carnival-of-souls-012-original,val,carnival-of-souls,heldout,bw-horror,original,5.0,1253.493,False,False,,639.243,False,,639.243,False,,2388.012
carnival-of-souls-012-compression,val,carnival-of-souls,heldout,bw-horror,compression,5.0,1253.493,False,False,,181.757,False,,181.757,False,,182.842
carnival-of-souls-012-downscale,val,carnival-of-souls,heldout,bw-horror,downscale,5.0,1253.493,False,False,,2543.757,False,,2543.757,False,,2543.534
carnival-of-souls-012-crop,val,carnival-of-souls,heldout,bw-horror,crop,5.0,1253.493,False,False,,2853.757,False,,2853.757,False,,2848.672
carnival-of-souls-012-letterbox,val,carnival-of-souls,heldout,bw-horror,letterbox,5.0,1253.493,False,False,,2572.257,False,,2572.257,False,,2572.029
carnival-of-souls-012-mirror,val,carnival-of-souls,heldout,bw-horror,mirror,5.0,1253.493,False,False,,2572.257,False,,2572.257,False,,2261.685
carnival-of-souls-012-color,val,carnival-of-souls,heldout,bw-horror,color,5.0,1253.493,False,False,,323.243,False,,323.243,False,,693.331
carnival-of-souls-012-overlay,val,carnival-of-souls,heldout,bw-horror,overlay,5.0,1253.493,False,False,,2561.757,False,,2561.757,False,,2562.019
carnival-of-souls-012-speed,val,carnival-of-souls,heldout,bw-horror,speed,5.0,1253.493,False,False,,639.243,False,,639.243,False,,2853.677
carnival-of-souls-012-screen_recording,val,carnival-of-souls,heldout,bw-horror,screen_recording,5.0,1253.493,False,False,,2848.257,False,,2848.257,False,,2848.672
carnival-of-souls-013-original,test,carnival-of-souls,heldout,bw-horror,original,10.0,1316.623,False,False,,2409.627,False,,2409.627,False,,2408.398
carnival-of-souls-013-compression,test,carnival-of-souls,heldout,bw-horror,compression,10.0,1316.623,False,False,,2316.127,False,,2316.127,False,,2405.227
carnival-of-souls-013-downscale,test,carnival-of-souls,heldout,bw-horror,downscale,10.0,1316.623,False,False,,2406.127,False,,2406.127,False,,2406.063
carnival-of-souls-013-crop,test,carnival-of-souls,heldout,bw-horror,crop,10.0,1316.623,False,False,,2546.127,False,,2546.127,False,,2545.886
carnival-of-souls-013-letterbox,test,carnival-of-souls,heldout,bw-horror,letterbox,10.0,1316.623,False,False,,2406.127,False,,2406.127,False,,2406.563
carnival-of-souls-013-mirror,test,carnival-of-souls,heldout,bw-horror,mirror,10.0,1316.623,False,False,,2409.627,False,,2409.627,False,,935.109
carnival-of-souls-013-color,test,carnival-of-souls,heldout,bw-horror,color,10.0,1316.623,False,False,,2409.127,False,,2409.127,False,,935.442
carnival-of-souls-013-overlay,test,carnival-of-souls,heldout,bw-horror,overlay,10.0,1316.623,False,False,,2400.127,False,,2400.127,False,,686.545
carnival-of-souls-013-speed,test,carnival-of-souls,heldout,bw-horror,speed,10.0,1316.623,False,False,,934.873,False,,934.873,False,,2202.392
carnival-of-souls-013-screen_recording,test,carnival-of-souls,heldout,bw-horror,screen_recording,10.0,1316.623,False,False,,2316.127,False,,2316.127,False,,711.703
carnival-of-souls-014-original,test,carnival-of-souls,heldout,bw-horror,original,3.0,1375.409,False,False,,972.841,False,,972.841,False,,999.554
carnival-of-souls-014-compression,test,carnival-of-souls,heldout,bw-horror,compression,3.0,1375.409,False,False,,1147.159,False,,1147.159,False,,1147.052
carnival-of-souls-014-downscale,test,carnival-of-souls,heldout,bw-horror,downscale,3.0,1375.409,False,False,,973.341,False,,973.341,False,,2350.446
carnival-of-souls-014-crop,test,carnival-of-souls,heldout,bw-horror,crop,3.0,1375.409,False,False,,4188.341,False,,4188.341,False,,1231.929
carnival-of-souls-014-letterbox,test,carnival-of-souls,heldout,bw-horror,letterbox,3.0,1375.409,False,False,,759.659,False,,759.659,False,,759.896
carnival-of-souls-014-mirror,test,carnival-of-souls,heldout,bw-horror,mirror,3.0,1375.409,False,False,,1470.841,False,,1470.841,False,,971.269
carnival-of-souls-014-color,test,carnival-of-souls,heldout,bw-horror,color,3.0,1375.409,False,False,,1206.159,False,,1206.159,False,,1205.893
carnival-of-souls-014-overlay,test,carnival-of-souls,heldout,bw-horror,overlay,3.0,1375.409,False,False,,759.159,False,,759.159,False,,2459.122
carnival-of-souls-014-speed,test,carnival-of-souls,heldout,bw-horror,speed,3.0,1375.409,False,False,,1205.659,False,,1205.659,False,,1014.734
carnival-of-souls-014-screen_recording,test,carnival-of-souls,heldout,bw-horror,screen_recording,3.0,1375.409,False,False,,2349.841,False,,2349.841,False,,2349.779
carnival-of-souls-015-original,val,carnival-of-souls,heldout,bw-horror,original,10.0,1448.015,False,False,,802.265,False,,802.265,False,,2301.331
carnival-of-souls-015-compression,val,carnival-of-souls,heldout,bw-horror,compression,10.0,1448.015,False,False,,2236.235,False,,2236.235,False,,2381.477
carnival-of-souls-015-downscale,val,carnival-of-souls,heldout,bw-horror,downscale,10.0,1448.015,False,False,,2302.235,False,,2302.235,False,,2301.164
carnival-of-souls-015-crop,val,carnival-of-souls,heldout,bw-horror,crop,10.0,1448.015,False,False,,2213.235,False,,2213.235,False,,2213.509
carnival-of-souls-015-letterbox,val,carnival-of-souls,heldout,bw-horror,letterbox,10.0,1448.015,False,False,,2396.235,False,,2396.235,False,,2472.668
carnival-of-souls-015-mirror,val,carnival-of-souls,heldout,bw-horror,mirror,10.0,1448.015,False,False,,2241.735,False,,2241.735,False,,2301.831
carnival-of-souls-015-color,val,carnival-of-souls,heldout,bw-horror,color,10.0,1448.015,False,False,,623.765,False,,623.765,False,,2394.991
carnival-of-souls-015-overlay,val,carnival-of-souls,heldout,bw-horror,overlay,10.0,1448.015,False,False,,2563.735,False,,2563.735,False,,2563.659
carnival-of-souls-015-speed,val,carnival-of-souls,heldout,bw-horror,speed,10.0,1448.015,False,False,,2301.735,False,,2301.735,False,,2301.497
carnival-of-souls-015-screen_recording,val,carnival-of-souls,heldout,bw-horror,screen_recording,10.0,1448.015,False,False,,1.765,False,,1.765,False,,2381.844
carnival-of-souls-016-original,test,carnival-of-souls,heldout,bw-horror,original,5.0,1552.933,False,True,,2180.317,True,,2180.317,False,,2179.929
carnival-of-souls-016-compression,test,carnival-of-souls,heldout,bw-horror,compression,5.0,1552.933,False,False,,1043.683,False,,1043.683,False,,1043.424
carnival-of-souls-016-downscale,test,carnival-of-souls,heldout,bw-horror,downscale,5.0,1552.933,False,False,,2180.317,False,,2180.317,False,,986.404
carnival-of-souls-016-crop,test,carnival-of-souls,heldout,bw-horror,crop,5.0,1552.933,False,False,,2176.817,False,,2176.817,False,,2170.086
carnival-of-souls-016-letterbox,test,carnival-of-souls,heldout,bw-horror,letterbox,5.0,1552.933,False,False,,392.817,False,,392.817,False,,391.91
carnival-of-souls-016-mirror,test,carnival-of-souls,heldout,bw-horror,mirror,5.0,1552.933,False,False,,2179.317,False,,2179.317,False,,2180.096
carnival-of-souls-016-color,test,carnival-of-souls,heldout,bw-horror,color,5.0,1552.933,False,False,,2176.817,False,,2176.817,False,,2180.43
carnival-of-souls-016-overlay,test,carnival-of-souls,heldout,bw-horror,overlay,5.0,1552.933,False,False,,1272.817,False,,1272.817,False,,1272.756
carnival-of-souls-016-speed,test,carnival-of-souls,heldout,bw-horror,speed,5.0,1552.933,False,False,,2180.317,False,,2180.317,False,,2180.73
carnival-of-souls-016-screen_recording,test,carnival-of-souls,heldout,bw-horror,screen_recording,5.0,1552.933,False,False,,390.817,False,,390.817,False,,1042.423
carnival-of-souls-017-original,val,carnival-of-souls,heldout,bw-horror,original,3.0,1630.205,False,False,,1215.045,False,,1215.045,False,,1216.639
carnival-of-souls-017-compression,val,carnival-of-souls,heldout,bw-horror,compression,3.0,1630.205,False,False,,2035.545,False,,2035.545,False,,2035.657
carnival-of-souls-017-downscale,val,carnival-of-souls,heldout,bw-horror,downscale,3.0,1630.205,False,False,,1217.045,False,,1217.045,False,,258.66
carnival-of-souls-017-crop,val,carnival-of-souls,heldout,bw-horror,crop,3.0,1630.205,False,False,,1184.045,False,,1184.045,False,,1185.141
carnival-of-souls-017-letterbox,val,carnival-of-souls,heldout,bw-horror,letterbox,3.0,1630.205,False,False,,2020.045,False,,2020.045,False,,868.992
carnival-of-souls-017-mirror,val,carnival-of-souls,heldout,bw-horror,mirror,3.0,1630.205,False,False,,1215.045,False,,1215.045,False,,1214.971
carnival-of-souls-017-color,val,carnival-of-souls,heldout,bw-horror,color,3.0,1630.205,False,False,,1215.045,False,,1215.045,False,,258.994
carnival-of-souls-017-overlay,val,carnival-of-souls,heldout,bw-horror,overlay,3.0,1630.205,False,False,,1356.045,False,,1356.045,False,,3510.464
carnival-of-souls-017-speed,val,carnival-of-souls,heldout,bw-horror,speed,3.0,1630.205,False,False,,1217.545,False,,1217.545,False,,1215.137
carnival-of-souls-017-screen_recording,val,carnival-of-souls,heldout,bw-horror,screen_recording,3.0,1630.205,False,False,,2049.545,False,,2049.545,False,,2051.974
carnival-of-souls-018-original,val,carnival-of-souls,heldout,bw-horror,original,5.0,1664.32,False,False,,2057.43,False,,2057.43,False,,2057.865
carnival-of-souls-018-compression,val,carnival-of-souls,heldout,bw-horror,compression,5.0,1664.32,False,False,,851.07,False,,851.07,False,,1156.313
carnival-of-souls-018-downscale,val,carnival-of-souls,heldout,bw-horror,downscale,5.0,1664.32,False,False,,2057.93,False,,2057.93,False,,2056.197
carnival-of-souls-018-crop,val,carnival-of-souls,heldout,bw-horror,crop,5.0,1664.32,False,False,,382.43,False,,382.43,False,,2056.197
carnival-of-souls-018-letterbox,val,carnival-of-souls,heldout,bw-horror,letterbox,5.0,1664.32,False,False,,2055.93,False,,2055.93,False,,2055.529
carnival-of-souls-018-mirror,val,carnival-of-souls,heldout,bw-horror,mirror,5.0,1664.32,False,False,,2056.43,False,,2056.43,False,,2056.53
carnival-of-souls-018-color,val,carnival-of-souls,heldout,bw-horror,color,5.0,1664.32,False,False,,553.57,False,,553.57,False,,553.478
carnival-of-souls-018-overlay,val,carnival-of-souls,heldout,bw-horror,overlay,5.0,1664.32,False,False,,1028.57,False,,1028.57,False,,2054.862
carnival-of-souls-018-speed,val,carnival-of-souls,heldout,bw-horror,speed,5.0,1664.32,False,False,,2059.43,False,,2059.43,False,,2059.533
carnival-of-souls-018-screen_recording,val,carnival-of-souls,heldout,bw-horror,screen_recording,5.0,1664.32,False,False,,2057.93,False,,2057.93,False,,2058.866
carnival-of-souls-019-original,val,carnival-of-souls,heldout,bw-horror,original,3.0,1724.989,False,False,,1109.239,False,,1109.239,False,,1998.531
carnival-of-souls-019-compression,val,carnival-of-souls,heldout,bw-horror,compression,3.0,1724.989,False,False,,274.239,False,,274.239,False,,513.376
carnival-of-souls-019-downscale,val,carnival-of-souls,heldout,bw-horror,downscale,3.0,1724.989,False,False,,274.239,False,,274.239,False,,274.473
carnival-of-souls-019-crop,val,carnival-of-souls,heldout,bw-horror,crop,3.0,1724.989,False,False,,511.261,False,,511.261,False,,1083.288
carnival-of-souls-019-letterbox,val,carnival-of-souls,heldout,bw-horror,letterbox,3.0,1724.989,False,False,,220.761,False,,220.761,False,,274.807
carnival-of-souls-019-mirror,val,carnival-of-souls,heldout,bw-horror,mirror,3.0,1724.989,False,False,,274.239,False,,274.239,False,,688.689
carnival-of-souls-019-color,val,carnival-of-souls,heldout,bw-horror,color,3.0,1724.989,False,False,,3491.261,False,,3491.261,False,,3491.191
carnival-of-souls-019-overlay,val,carnival-of-souls,heldout,bw-horror,overlay,3.0,1724.989,False,False,,274.739,False,,274.739,False,,274.64
carnival-of-souls-019-speed,val,carnival-of-souls,heldout,bw-horror,speed,3.0,1724.989,False,False,,1073.239,False,,1073.239,False,,1998.864
carnival-of-souls-019-screen_recording,val,carnival-of-souls,heldout,bw-horror,screen_recording,3.0,1724.989,False,False,,1074.239,False,,1074.239,False,,274.306
carnival-of-souls-020-original,val,carnival-of-souls,heldout,bw-horror,original,5.0,1794.215,False,False,,1026.035,False,,1026.035,False,,1061.638
carnival-of-souls-020-compression,val,carnival-of-souls,heldout,bw-horror,compression,5.0,1794.215,False,False,,1063.535,False,,1063.535,False,,1030.473
carnival-of-souls-020-downscale,val,carnival-of-souls,heldout,bw-horror,downscale,5.0,1794.215,False,False,,1060.035,False,,1060.035,False,,1061.972
carnival-of-souls-020-crop,val,carnival-of-souls,heldout,bw-horror,crop,5.0,1794.215,False,False,,253.035,False,,253.035,False,,251.962
carnival-of-souls-020-letterbox,val,carnival-of-souls,heldout,bw-horror,letterbox,5.0,1794.215,False,False,,1026.035,False,,1026.035,False,,655.132
carnival-of-souls-020-mirror,val,carnival-of-souls,heldout,bw-horror,mirror,5.0,1794.215,False,False,,1026.035,False,,1026.035,False,,1111.288
carnival-of-souls-020-color,val,carnival-of-souls,heldout,bw-horror,color,5.0,1794.215,False,False,,1061.535,False,,1061.535,False,,1061.638
carnival-of-souls-020-overlay,val,carnival-of-souls,heldout,bw-horror,overlay,5.0,1794.215,False,False,,252.535,False,,252.535,False,,1478.7
carnival-of-souls-020-speed,val,carnival-of-souls,heldout,bw-horror,speed,5.0,1794.215,False,False,,1027.035,False,,1027.035,False,,1026.803
carnival-of-souls-020-screen_recording,val,carnival-of-souls,heldout,bw-horror,screen_recording,5.0,1794.215,False,False,,1026.035,False,,1026.035,False,,1026.303
carnival-of-souls-021-original,val,carnival-of-souls,heldout,bw-horror,original,3.0,1878.411,False,False,,2704.339,False,,2704.339,False,,2705.117
carnival-of-souls-021-compression,val,carnival-of-souls,heldout,bw-horror,compression,3.0,1878.411,False,False,,1074.661,False,,1074.661,False,,1363.457
carnival-of-souls-021-downscale,val,carnival-of-souls,heldout,bw-horror,downscale,3.0,1878.411,False,False,,2704.339,False,,2704.339,False,,1363.123
carnival-of-souls-021-crop,val,carnival-of-souls,heldout,bw-horror,crop,3.0,1878.411,False,False,,3175.339,False,,3175.339,False,,69.07
carnival-of-souls-021-letterbox,val,carnival-of-souls,heldout,bw-horror,letterbox,3.0,1878.411,False,False,,2704.839,False,,2704.839,False,,2705.117
carnival-of-souls-021-mirror,val,carnival-of-souls,heldout,bw-horror,mirror,3.0,1878.411,False,False,,2704.339,False,,2704.339,False,,2705.117
carnival-of-souls-021-color,val,carnival-of-souls,heldout,bw-horror,color,3.0,1878.411,False,False,,3175.839,False,,3175.839,False,,55.726
carnival-of-souls-021-overlay,val,carnival-of-souls,heldout,bw-horror,overlay,3.0,1878.411,False,False,,1222.161,False,,1222.161,False,,2705.117
carnival-of-souls-021-speed,val,carnival-of-souls,heldout,bw-horror,speed,3.0,1878.411,False,False,,2705.339,False,,2705.339,False,,1820.618
carnival-of-souls-021-screen_recording,val,carnival-of-souls,heldout,bw-horror,screen_recording,3.0,1878.411,False,False,,818.839,False,,818.839,False,,818.95
carnival-of-souls-022-original,val,carnival-of-souls,heldout,bw-horror,original,3.0,1980.442,False,False,,958.308,False,,958.308,False,,69.406
carnival-of-souls-022-compression,val,carnival-of-souls,heldout,bw-horror,compression,3.0,1980.442,False,False,,2434.308,False,,2434.308,False,,49.249
carnival-of-souls-022-downscale,val,carnival-of-souls,heldout,bw-horror,downscale,3.0,1980.442,False,False,,1460.192,False,,1460.192,False,,33.263
carnival-of-souls-022-crop,val,carnival-of-souls,heldout,bw-horror,crop,3.0,1980.442,False,False,,68.808,False,,68.808,False,,68.405
carnival-of-souls-022-letterbox,val,carnival-of-souls,heldout,bw-horror,letterbox,3.0,1980.442,False,False,,1761.308,False,,1761.308,False,,33.263
carnival-of-souls-022-mirror,val,carnival-of-souls,heldout,bw-horror,mirror,3.0,1980.442,False,False,,1739.308,False,,1739.308,False,,283.587
carnival-of-souls-022-color,val,carnival-of-souls,heldout,bw-horror,color,3.0,1980.442,False,False,,958.308,False,,958.308,False,,1686.421
carnival-of-souls-022-overlay,val,carnival-of-souls,heldout,bw-horror,overlay,3.0,1980.442,False,False,,258.808,False,,258.808,False,,1936.738
carnival-of-souls-022-speed,val,carnival-of-souls,heldout,bw-horror,speed,3.0,1980.442,False,False,,884.308,False,,884.308,False,,69.072
carnival-of-souls-022-screen_recording,val,carnival-of-souls,heldout,bw-horror,screen_recording,3.0,1980.442,False,False,,33.692,False,,33.692,False,,33.597
carnival-of-souls-023-original,test,carnival-of-souls,heldout,bw-horror,original,10.0,2009.547,False,False,,1748.203,False,,1748.203,False,,1748.474
carnival-of-souls-023-compression,test,carnival-of-souls,heldout,bw-horror,compression,10.0,2009.547,False,False,,1476.297,False,,1476.297,False,,1476.381
carnival-of-souls-023-downscale,test,carnival-of-souls,heldout,bw-horror,downscale,10.0,2009.547,False,False,,1748.203,False,,1748.203,False,,1748.641
carnival-of-souls-023-crop,test,carnival-of-souls,heldout,bw-horror,crop,10.0,2009.547,False,False,,833.203,False,,833.203,False,,833.627
carnival-of-souls-023-letterbox,test,carnival-of-souls,heldout,bw-horror,letterbox,10.0,2009.547,False,False,,1619.703,False,,1619.703,False,,1619.812
carnival-of-souls-023-mirror,test,carnival-of-souls,heldout,bw-horror,mirror,10.0,2009.547,False,False,,1749.203,False,,1749.203,False,,1748.474
carnival-of-souls-023-color,test,carnival-of-souls,heldout,bw-horror,color,10.0,2009.547,False,False,,1748.203,False,,1748.203,False,,1747.806
carnival-of-souls-023-overlay,test,carnival-of-souls,heldout,bw-horror,overlay,10.0,2009.547,False,False,,1796.703,False,,1796.703,False,,2007.966
carnival-of-souls-023-speed,test,carnival-of-souls,heldout,bw-horror,speed,10.0,2009.547,False,False,,1749.203,False,,1749.203,False,,1749.808
carnival-of-souls-023-screen_recording,test,carnival-of-souls,heldout,bw-horror,screen_recording,10.0,2009.547,False,False,,1478.297,False,,1478.297,False,,1617.143
carnival-of-souls-024-original,val,carnival-of-souls,heldout,bw-horror,original,10.0,2091.411,False,False,,1534.339,False,,1534.339,False,,1535.445
carnival-of-souls-024-compression,val,carnival-of-souls,heldout,bw-horror,compression,10.0,2091.411,False,False,,1558.161,False,,1558.161,False,,770.448
carnival-of-souls-024-downscale,val,carnival-of-souls,heldout,bw-horror,downscale,10.0,2091.411,False,False,,1534.839,False,,1534.839,False,,1534.611
carnival-of-souls-024-crop,val,carnival-of-souls,heldout,bw-horror,crop,10.0,2091.411,False,False,,1536.339,False,,1536.339,False,,770.782
carnival-of-souls-024-letterbox,val,carnival-of-souls,heldout,bw-horror,letterbox,10.0,2091.411,False,False,,519.161,False,,519.161,False,,519.074
carnival-of-souls-024-mirror,val,carnival-of-souls,heldout,bw-horror,mirror,10.0,2091.411,False,False,,1532.839,False,,1532.839,False,,1532.776
carnival-of-souls-024-color,val,carnival-of-souls,heldout,bw-horror,color,10.0,2091.411,False,False,,252.839,False,,252.839,False,,1621.932
carnival-of-souls-024-overlay,val,carnival-of-souls,heldout,bw-horror,overlay,10.0,2091.411,False,False,,175.839,False,,175.839,False,,769.614
carnival-of-souls-024-speed,val,carnival-of-souls,heldout,bw-horror,speed,10.0,2091.411,False,False,,1534.839,False,,1534.839,False,,1534.778
carnival-of-souls-024-screen_recording,val,carnival-of-souls,heldout,bw-horror,screen_recording,10.0,2091.411,False,False,,1909.661,False,,1909.661,False,,1556.91
carnival-of-souls-025-original,val,carnival-of-souls,heldout,bw-horror,original,3.0,2195.007,False,False,,1340.743,False,,1340.743,False,,1340.525
carnival-of-souls-025-compression,val,carnival-of-souls,heldout,bw-horror,compression,3.0,2195.007,False,False,,1545.257,False,,1545.257,False,,1543.99
carnival-of-souls-025-downscale,val,carnival-of-souls,heldout,bw-horror,downscale,3.0,2195.007,False,False,,1340.743,False,,1340.743,False,,666.518
carnival-of-souls-025-crop,val,carnival-of-souls,heldout,bw-horror,crop,3.0,2195.007,False,False,,1529.743,False,,1529.743,False,,1529.013
carnival-of-souls-025-letterbox,val,carnival-of-souls,heldout,bw-horror,letterbox,3.0,2195.007,False,True,,1528.243,False,,1528.243,False,,1487.172
carnival-of-souls-025-mirror,val,carnival-of-souls,heldout,bw-horror,mirror,3.0,2195.007,False,False,,1486.743,False,,1486.743,False,,666.852
carnival-of-souls-025-color,val,carnival-of-souls,heldout,bw-horror,color,3.0,2195.007,False,False,,1340.743,False,,1340.743,False,,1487.172
carnival-of-souls-025-overlay,val,carnival-of-souls,heldout,bw-horror,overlay,3.0,2195.007,False,False,,1875.257,False,,1875.257,False,,1543.99
carnival-of-souls-025-speed,val,carnival-of-souls,heldout,bw-horror,speed,3.0,2195.007,False,False,,1340.743,False,,1340.743,False,,666.518
carnival-of-souls-025-screen_recording,val,carnival-of-souls,heldout,bw-horror,screen_recording,3.0,2195.007,False,False,,1545.757,False,,1545.757,False,,1544.991
carnival-of-souls-026-original,val,carnival-of-souls,heldout,bw-horror,original,5.0,2242.605,False,False,,1533.645,False,,1533.645,False,,762.731
carnival-of-souls-026-compression,val,carnival-of-souls,heldout,bw-horror,compression,5.0,2242.605,False,False,,254.145,False,,254.145,False,,254.256
carnival-of-souls-026-downscale,val,carnival-of-souls,heldout,bw-horror,downscale,5.0,2242.605,False,False,,1534.145,False,,1534.145,False,,254.59
carnival-of-souls-026-crop,val,carnival-of-souls,heldout,bw-horror,crop,5.0,2242.605,False,False,,980.645,False,,980.645,False,,980.581
carnival-of-souls-026-letterbox,val,carnival-of-souls,heldout,bw-horror,letterbox,5.0,2242.605,False,False,,763.645,False,,763.645,False,,763.732
carnival-of-souls-026-mirror,val,carnival-of-souls,heldout,bw-horror,mirror,5.0,2242.605,False,False,,1542.145,False,,1542.145,False,,763.064
carnival-of-souls-026-color,val,carnival-of-souls,heldout,bw-horror,color,5.0,2242.605,False,False,,1576.855,False,,1576.855,False,,763.398
carnival-of-souls-026-overlay,val,carnival-of-souls,heldout,bw-horror,overlay,5.0,2242.605,False,False,,417.645,False,,417.645,False,,254.756
carnival-of-souls-026-speed,val,carnival-of-souls,heldout,bw-horror,speed,5.0,2242.605,False,False,,762.645,False,,762.645,False,,762.731
carnival-of-souls-026-screen_recording,val,carnival-of-souls,heldout,bw-horror,screen_recording,5.0,2242.605,False,False,,1422.645,False,,1422.645,False,,1424.091
carnival-of-souls-027-original,test,carnival-of-souls,heldout,bw-horror,original,3.0,2339.864,False,False,,1596.386,False,,1596.386,False,,1564.856
carnival-of-souls-027-compression,test,carnival-of-souls,heldout,bw-horror,compression,3.0,2339.864,False,False,,2019.386,False,,2019.386,False,,1497.97
carnival-of-souls-027-downscale,test,carnival-of-souls,heldout,bw-horror,downscale,3.0,2339.864,False,False,,1378.886,False,,1378.886,False,,1378.985
carnival-of-souls-027-crop,test,carnival-of-souls,heldout,bw-horror,crop,3.0,2339.864,False,False,,1564.614,False,,1564.614,False,,1615.007
carnival-of-souls-027-letterbox,test,carnival-of-souls,heldout,bw-horror,letterbox,3.0,2339.864,False,False,,666.386,False,,666.386,False,,429.689
carnival-of-souls-027-mirror,test,carnival-of-souls,heldout,bw-horror,mirror,3.0,2339.864,False,False,,1595.386,False,,1595.386,False,,323.997
carnival-of-souls-027-color,test,carnival-of-souls,heldout,bw-horror,color,3.0,2339.864,False,False,,1312.886,False,,1312.886,False,,1387.493
carnival-of-souls-027-overlay,test,carnival-of-souls,heldout,bw-horror,overlay,3.0,2339.864,False,False,,1195.886,False,,1195.886,False,,69.029
carnival-of-souls-027-speed,test,carnival-of-souls,heldout,bw-horror,speed,3.0,2339.864,False,False,,1614.114,False,,1614.114,False,,1564.189
carnival-of-souls-027-screen_recording,test,carnival-of-souls,heldout,bw-horror,screen_recording,3.0,2339.864,False,False,,1383.386,False,,1383.386,False,,1383.489
carnival-of-souls-028-original,val,carnival-of-souls,heldout,bw-horror,original,10.0,2371.81,False,False,,1290.44,False,,1290.44,False,,604.811
carnival-of-souls-028-compression,val,carnival-of-souls,heldout,bw-horror,compression,10.0,2371.81,False,False,,1269.44,False,,1269.44,False,,1269.528
carnival-of-souls-028-downscale,val,carnival-of-souls,heldout,bw-horror,downscale,10.0,2371.81,False,False,,1290.44,False,,1290.44,False,,627.634
carnival-of-souls-028-crop,val,carnival-of-souls,heldout,bw-horror,crop,10.0,2371.81,False,False,,1449.94,False,,1449.94,False,,1290.716
carnival-of-souls-028-letterbox,val,carnival-of-souls,heldout,bw-horror,letterbox,10.0,2371.81,False,False,,1290.44,False,,1290.44,False,,454.294
carnival-of-souls-028-mirror,val,carnival-of-souls,heldout,bw-horror,mirror,10.0,2371.81,False,False,,1291.44,False,,1291.44,False,,604.811
carnival-of-souls-028-color,val,carnival-of-souls,heldout,bw-horror,color,10.0,2371.81,False,False,,1302.56,False,,1302.56,False,,2842.868
carnival-of-souls-028-overlay,val,carnival-of-souls,heldout,bw-horror,overlay,10.0,2371.81,False,False,,70.56,False,,70.56,False,,1886.125
carnival-of-souls-028-speed,val,carnival-of-souls,heldout,bw-horror,speed,10.0,2371.81,False,False,,627.06,False,,627.06,False,,1320.545
carnival-of-souls-028-screen_recording,val,carnival-of-souls,heldout,bw-horror,screen_recording,10.0,2371.81,False,False,,448.56,False,,448.56,False,,452.126
carnival-of-souls-029-original,test,carnival-of-souls,heldout,bw-horror,original,3.0,2482.117,False,False,,2298.867,False,,2298.867,False,,2298.756
carnival-of-souls-029-compression,test,carnival-of-souls,heldout,bw-horror,compression,3.0,2482.117,False,False,,1278.133,False,,1278.133,False,,1275.737
carnival-of-souls-029-downscale,test,carnival-of-souls,heldout,bw-horror,downscale,3.0,2482.117,False,False,,2298.867,False,,2298.867,False,,1273.402
carnival-of-souls-029-crop,test,carnival-of-souls,heldout,bw-horror,crop,3.0,2482.117,False,False,,2298.367,False,,2298.367,False,,2298.423
carnival-of-souls-029-letterbox,test,carnival-of-souls,heldout,bw-horror,letterbox,3.0,2482.117,False,False,,1322.633,False,,1322.633,False,,1277.906
carnival-of-souls-029-mirror,test,carnival-of-souls,heldout,bw-horror,mirror,3.0,2482.117,False,False,,1323.133,False,,1323.133,False,,1279.741
carnival-of-souls-029-color,test,carnival-of-souls,heldout,bw-horror,color,3.0,2482.117,False,False,,2298.867,False,,2298.867,False,,1319.881
carnival-of-souls-029-overlay,test,carnival-of-souls,heldout,bw-horror,overlay,3.0,2482.117,False,False,,2298.867,False,,2298.867,False,,1329.391
carnival-of-souls-029-speed,test,carnival-of-souls,heldout,bw-horror,speed,3.0,2482.117,False,False,,2298.367,False,,2298.367,False,,2297.922
carnival-of-souls-029-screen_recording,test,carnival-of-souls,heldout,bw-horror,screen_recording,3.0,2482.117,False,False,,1275.633,False,,1275.633,False,,1276.571
carnival-of-souls-030-original,val,carnival-of-souls,heldout,bw-horror,original,10.0,2510.633,False,False,,767.883,False,,767.883,False,,768.459
carnival-of-souls-030-compression,val,carnival-of-souls,heldout,bw-horror,compression,10.0,2510.633,False,False,,2029.883,False,,2029.883,False,,2029.119
carnival-of-souls-030-downscale,val,carnival-of-souls,heldout,bw-horror,downscale,10.0,2510.633,False,False,,767.883,False,,767.883,False,,767.959
carnival-of-souls-030-crop,val,carnival-of-souls,heldout,bw-horror,crop,10.0,2510.633,False,False,,755.883,False,,755.883,False,,756.447
carnival-of-souls-030-letterbox,val,carnival-of-souls,heldout,bw-horror,letterbox,10.0,2510.633,False,False,,766.883,False,,766.883,False,,767.125
carnival-of-souls-030-mirror,val,carnival-of-souls,heldout,bw-horror,mirror,10.0,2510.633,False,False,,768.883,False,,768.883,False,,768.793
carnival-of-souls-030-color,val,carnival-of-souls,heldout,bw-horror,color,10.0,2510.633,False,False,,767.883,False,,767.883,False,,768.459
carnival-of-souls-030-overlay,val,carnival-of-souls,heldout,bw-horror,overlay,10.0,2510.633,False,False,,2027.383,False,,2027.383,False,,2027.283
carnival-of-souls-030-speed,val,carnival-of-souls,heldout,bw-horror,speed,10.0,2510.633,False,False,,766.883,False,,766.883,False,,766.958
carnival-of-souls-030-screen_recording,val,carnival-of-souls,heldout,bw-horror,screen_recording,10.0,2510.633,False,False,,754.883,False,,754.883,False,,768.292
carnival-of-souls-031-original,val,carnival-of-souls,heldout,bw-horror,original,3.0,2592.521,False,False,,2157.271,False,,2157.271,False,,2157.687
carnival-of-souls-031-compression,val,carnival-of-souls,heldout,bw-horror,compression,3.0,2592.521,False,False,,1805.771,False,,1805.771,False,,1805.668
carnival-of-souls-031-downscale,val,carnival-of-souls,heldout,bw-horror,downscale,3.0,2592.521,False,False,,2157.771,False,,2157.771,False,,1813.176
carnival-of-souls-031-crop,val,carnival-of-souls,heldout,bw-horror,crop,3.0,2592.521,False,False,,765.771,False,,765.771,False,,182.847
carnival-of-souls-031-letterbox,val,carnival-of-souls,heldout,bw-horror,letterbox,3.0,2592.521,False,False,,682.271,False,,682.271,False,,681.846
carnival-of-souls-031-mirror,val,carnival-of-souls,heldout,bw-horror,mirror,3.0,2592.521,False,False,,766.271,False,,766.271,False,,766.83
carnival-of-souls-031-color,val,carnival-of-souls,heldout,bw-horror,color,3.0,2592.521,False,False,,2056.729,False,,2056.729,False,,398.334
carnival-of-souls-031-overlay,val,carnival-of-souls,heldout,bw-horror,overlay,3.0,2592.521,False,False,,657.771,False,,657.771,False,,657.021
carnival-of-souls-031-speed,val,carnival-of-souls,heldout,bw-horror,speed,3.0,2592.521,False,False,,2157.771,False,,2157.771,False,,2157.52
carnival-of-souls-031-screen_recording,val,carnival-of-souls,heldout,bw-horror,screen_recording,3.0,2592.521,False,False,,399.229,False,,399.229,False,,399.001
carnival-of-souls-032-original,val,carnival-of-souls,heldout,bw-horror,original,5.0,2637.244,False,False,,2204.994,False,,2204.994,False,,2205.079
carnival-of-souls-032-compression,val,carnival-of-souls,heldout,bw-horror,compression,5.0,2637.244,False,False,,1856.994,False,,1856.994,False,,1857.899
carnival-of-souls-032-downscale,val,carnival-of-souls,heldout,bw-horror,downscale,5.0,2637.244,False,False,,2203.994,False,,2203.994,False,,2205.413
carnival-of-souls-032-crop,val,carnival-of-souls,heldout,bw-horror,crop,5.0,2637.244,False,False,,349.494,False,,349.494,False,,1052.895
carnival-of-souls-032-letterbox,val,carnival-of-souls,heldout,bw-horror,letterbox,5.0,2637.244,False,False,,140.494,False,,140.494,False,,329.954
carnival-of-souls-032-mirror,val,carnival-of-souls,heldout,bw-horror,mirror,5.0,2637.244,False,False,,2203.994,False,,2203.994,False,,2203.744
carnival-of-souls-032-color,val,carnival-of-souls,heldout,bw-horror,color,5.0,2637.244,False,False,,651.506,False,,651.506,False,,2013.256
carnival-of-souls-032-overlay,val,carnival-of-souls,heldout,bw-horror,overlay,5.0,2637.244,False,False,,228.994,False,,228.994,False,,229.238
carnival-of-souls-032-speed,val,carnival-of-souls,heldout,bw-horror,speed,5.0,2637.244,False,False,,2203.994,False,,2203.994,False,,2204.078
carnival-of-souls-032-screen_recording,val,carnival-of-souls,heldout,bw-horror,screen_recording,5.0,2637.244,False,False,,378.006,False,,378.006,False,,377.768
carnival-of-souls-033-original,test,carnival-of-souls,heldout,bw-horror,original,3.0,2730.336,False,False,,1942.086,False,,1942.086,False,,234.142
carnival-of-souls-033-compression,test,carnival-of-souls,heldout,bw-horror,compression,3.0,2730.336,False,False,,1942.086,False,,1942.086,False,,361.67
carnival-of-souls-033-downscale,test,carnival-of-souls,heldout,bw-horror,downscale,3.0,2730.336,False,False,,1942.086,False,,1942.086,False,,1942.315
carnival-of-souls-033-crop,test,carnival-of-souls,heldout,bw-horror,crop,3.0,2730.336,False,False,,353.086,False,,353.086,False,,351.827
carnival-of-souls-033-letterbox,test,carnival-of-souls,heldout,bw-horror,letterbox,3.0,2730.336,False,False,,332.586,False,,332.586,False,,236.194
carnival-of-souls-033-mirror,test,carnival-of-souls,heldout,bw-horror,mirror,3.0,2730.336,False,False,,1039.086,False,,1039.086,False,,331.139
carnival-of-souls-033-color,test,carnival-of-souls,heldout,bw-horror,color,3.0,2730.336,False,False,,1942.086,False,,1942.086,False,,352.494
carnival-of-souls-033-overlay,test,carnival-of-souls,heldout,bw-horror,overlay,3.0,2730.336,False,False,,361.086,False,,361.086,False,,361.67
carnival-of-souls-033-speed,test,carnival-of-souls,heldout,bw-horror,speed,3.0,2730.336,False,False,,1943.586,False,,1943.586,False,,1943.65
carnival-of-souls-033-screen_recording,test,carnival-of-souls,heldout,bw-horror,screen_recording,3.0,2730.336,False,False,,1942.586,False,,1942.586,False,,1943.65
carnival-of-souls-034-original,val,carnival-of-souls,heldout,bw-horror,original,10.0,2785.075,False,False,,485.325,False,,485.325,False,,1133.392
carnival-of-souls-034-compression,val,carnival-of-souls,heldout,bw-horror,compression,10.0,2785.075,False,False,,1643.825,False,,1643.825,False,,1649.714
carnival-of-souls-034-downscale,val,carnival-of-souls,heldout,bw-horror,downscale,10.0,2785.075,False,False,,1649.325,False,,1649.325,False,,1648.713
carnival-of-souls-034-crop,val,carnival-of-souls,heldout,bw-horror,crop,10.0,2785.075,False,False,,5.675,False,,5.675,False,,7.417
carnival-of-souls-034-letterbox,val,carnival-of-souls,heldout,bw-horror,letterbox,10.0,2785.075,False,False,,2437.675,False,,2437.675,False,,2438.11
carnival-of-souls-034-mirror,val,carnival-of-souls,heldout,bw-horror,mirror,10.0,2785.075,False,False,,1108.325,False,,1108.325,False,,1118.729
carnival-of-souls-034-color,val,carnival-of-souls,heldout,bw-horror,color,10.0,2785.075,False,False,,1127.825,False,,1127.825,False,,1127.052
carnival-of-souls-034-overlay,val,carnival-of-souls,heldout,bw-horror,overlay,10.0,2785.075,False,False,,1649.825,False,,1649.825,False,,1649.713
carnival-of-souls-034-speed,val,carnival-of-souls,heldout,bw-horror,speed,10.0,2785.075,False,False,,482.325,False,,482.325,False,,1117.395
carnival-of-souls-034-screen_recording,val,carnival-of-souls,heldout,bw-horror,screen_recording,10.0,2785.075,False,False,,1102.325,False,,1102.325,False,,1648.379
carnival-of-souls-035-original,test,carnival-of-souls,heldout,bw-horror,original,3.0,2885.481,False,False,,782.769,False,,782.769,False,,782.884
carnival-of-souls-035-compression,test,carnival-of-souls,heldout,bw-horror,compression,3.0,2885.481,False,False,,333.731,False,,333.731,False,,948.716
carnival-of-souls-035-downscale,test,carnival-of-souls,heldout,bw-horror,downscale,3.0,2885.481,False,False,,780.269,False,,780.269,False,,781.048
carnival-of-souls-035-crop,test,carnival-of-souls,heldout,bw-horror,crop,3.0,2885.481,False,False,,781.769,False,,781.769,False,,120.522
carnival-of-souls-035-letterbox,test,carnival-of-souls,heldout,bw-horror,letterbox,3.0,2885.481,False,False,,949.269,False,,949.269,False,,949.05
carnival-of-souls-035-mirror,test,carnival-of-souls,heldout,bw-horror,mirror,3.0,2885.481,False,False,,782.269,False,,782.269,False,,120.188
carnival-of-souls-035-color,test,carnival-of-souls,heldout,bw-horror,color,3.0,2885.481,False,False,,948.269,False,,948.269,False,,947.715
carnival-of-souls-035-overlay,test,carnival-of-souls,heldout,bw-horror,overlay,3.0,2885.481,False,False,,781.269,False,,781.269,False,,780.548
carnival-of-souls-035-speed,test,carnival-of-souls,heldout,bw-horror,speed,3.0,2885.481,False,False,,1176.269,False,,1176.269,False,,1175.709
carnival-of-souls-035-screen_recording,test,carnival-of-souls,heldout,bw-horror,screen_recording,3.0,2885.481,False,False,,1205.231,False,,1205.231,False,,1205.469
carnival-of-souls-036-original,val,carnival-of-souls,heldout,bw-horror,original,10.0,2908.175,False,False,,2104.925,False,,2104.925,False,,1021.35
carnival-of-souls-036-compression,val,carnival-of-souls,heldout,bw-horror,compression,10.0,2908.175,False,False,,1254.925,False,,1254.925,False,,1019.015
carnival-of-souls-036-downscale,val,carnival-of-souls,heldout,bw-horror,downscale,10.0,2908.175,False,False,,1014.075,False,,1014.075,False,,1012.008
carnival-of-souls-036-crop,val,carnival-of-souls,heldout,bw-horror,crop,10.0,2908.175,False,False,,2104.925,False,,2104.925,False,,2099.501
carnival-of-souls-036-letterbox,val,carnival-of-souls,heldout,bw-horror,letterbox,10.0,2908.175,False,False,,1012.075,False,,1012.075,False,,1018.848
carnival-of-souls-036-mirror,val,carnival-of-souls,heldout,bw-horror,mirror,10.0,2908.175,False,False,,1024.075,False,,1024.075,False,,1022.652
carnival-of-souls-036-color,val,carnival-of-souls,heldout,bw-horror,color,10.0,2908.175,False,True,,1872.925,False,,1872.925,False,,2215.844
carnival-of-souls-036-overlay,val,carnival-of-souls,heldout,bw-horror,overlay,10.0,2908.175,False,False,,1231.925,False,,1231.925,False,,1233.002
carnival-of-souls-036-speed,val,carnival-of-souls,heldout,bw-horror,speed,10.0,2908.175,False,False,,1023.575,False,,1023.575,False,,1022.986
carnival-of-souls-036-screen_recording,val,carnival-of-souls,heldout,bw-horror,screen_recording,10.0,2908.175,False,False,,2104.925,False,,2104.925,False,,1458.327
carnival-of-souls-037-original,val,carnival-of-souls,heldout,bw-horror,original,5.0,3018.473,False,True,,172.723,False,,172.723,True,,172.964
carnival-of-souls-037-compression,val,carnival-of-souls,heldout,bw-horror,compression,5.0,3018.473,False,False,,661.777,False,,661.777,False,,661.87
carnival-of-souls-037-downscale,val,carnival-of-souls,heldout,bw-horror,downscale,5.0,3018.473,False,True,,173.223,False,,173.223,False,,173.464
carnival-of-souls-037-crop,val,carnival-of-souls,heldout,bw-horror,crop,5.0,3018.473,False,True,,173.223,False,,173.223,False,,172.964
carnival-of-souls-037-letterbox,val,carnival-of-souls,heldout,bw-horror,letterbox,5.0,3018.473,False,False,,128.723,False,,128.723,False,,189.113
carnival-of-souls-037-mirror,val,carnival-of-souls,heldout,bw-horror,mirror,5.0,3018.473,False,True,,173.723,False,,173.723,True,,173.464
carnival-of-souls-037-color,val,carnival-of-souls,heldout,bw-horror,color,5.0,3018.473,False,True,,173.723,False,,173.723,True,,173.798
carnival-of-souls-037-overlay,val,carnival-of-souls,heldout,bw-horror,overlay,5.0,3018.473,False,False,,223.723,False,,223.723,False,,223.447
carnival-of-souls-037-speed,val,carnival-of-souls,heldout,bw-horror,speed,5.0,3018.473,False,True,,173.723,False,,173.723,True,,173.464
carnival-of-souls-037-screen_recording,val,carnival-of-souls,heldout,bw-horror,screen_recording,5.0,3018.473,False,True,,661.277,False,,661.277,False,,660.703
carnival-of-souls-038-original,test,carnival-of-souls,heldout,bw-horror,original,3.0,3085.166,False,False,,1634.916,False,,1634.916,True,,1635.318
carnival-of-souls-038-compression,test,carnival-of-souls,heldout,bw-horror,compression,3.0,3085.166,False,False,,960.584,False,,960.584,False,,960.342
carnival-of-souls-038-downscale,test,carnival-of-souls,heldout,bw-horror,downscale,3.0,3085.166,False,False,,1121.084,False,,1121.084,True,,1121.17
carnival-of-souls-038-crop,test,carnival-of-souls,heldout,bw-horror,crop,3.0,3085.166,False,False,,1120.084,False,,1120.084,True,,1120.002
carnival-of-souls-038-letterbox,test,carnival-of-souls,heldout,bw-horror,letterbox,3.0,3085.166,False,True,,759.584,True,,759.584,True,,759.341
carnival-of-souls-038-mirror,test,carnival-of-souls,heldout,bw-horror,mirror,3.0,3085.166,False,False,,1634.916,False,,1634.916,True,,1635.318
carnival-of-souls-038-color,test,carnival-of-souls,heldout,bw-horror,color,3.0,3085.166,False,False,,1628.916,False,,1628.916,False,,1628.978
carnival-of-souls-038-overlay,test,carnival-of-souls,heldout,bw-horror,overlay,3.0,3085.166,False,False,,1121.084,False,,1121.084,False,,1121.003
carnival-of-souls-038-speed,test,carnival-of-souls,heldout,bw-horror,speed,3.0,3085.166,False,False,,1635.416,False,,1635.416,False,,1635.651
carnival-of-souls-038-screen_recording,test,carnival-of-souls,heldout,bw-horror,screen_recording,3.0,3085.166,False,False,,1635.916,False,,1635.916,False,,1636.152
carnival-of-souls-039-original,test,carnival-of-souls,heldout,bw-horror,original,10.0,3137.242,False,False,,723.508,False,,723.508,False,,723.599
carnival-of-souls-039-compression,test,carnival-of-souls,heldout,bw-horror,compression,10.0,3137.242,False,False,,2707.992,False,,2707.992,False,,1905.049
carnival-of-souls-039-downscale,test,carnival-of-souls,heldout,bw-horror,downscale,10.0,3137.242,False,False,,2433.008,False,,2433.008,False,,2432.941
carnival-of-souls-039-crop,test,carnival-of-souls,heldout,bw-horror,crop,10.0,3137.242,False,False,,453.508,False,,453.508,False,,453.612
carnival-of-souls-039-letterbox,test,carnival-of-souls,heldout,bw-horror,letterbox,10.0,3137.242,False,False,,697.508,False,,697.508,False,,697.456
carnival-of-souls-039-mirror,test,carnival-of-souls,heldout,bw-horror,mirror,10.0,3137.242,False,False,,737.508,False,,737.508,False,,725.267
carnival-of-souls-039-color,test,carnival-of-souls,heldout,bw-horror,color,10.0,3137.242,False,False,,2293.492,False,,2293.492,False,,2293.415
carnival-of-souls-039-overlay,test,carnival-of-souls,heldout,bw-horror,overlay,10.0,3137.242,False,False,,2705.992,False,,2705.992,False,,2706.551
carnival-of-souls-039-speed,test,carnival-of-souls,heldout,bw-horror,speed,10.0,3137.242,False,False,,725.508,False,,725.508,False,,725.267
carnival-of-souls-039-screen_recording,test,carnival-of-souls,heldout,bw-horror,screen_recording,10.0,3137.242,False,False,,706.008,False,,706.008,False,,1905.049
carnival-of-souls-040-original,test,carnival-of-souls,heldout,bw-horror,original,10.0,3241.436,False,False,,480.686,False,,480.686,False,,447.9
carnival-of-souls-040-compression,test,carnival-of-souls,heldout,bw-horror,compression,10.0,3241.436,False,False,,2231.686,False,,2231.686,False,,597.566
carnival-of-souls-040-downscale,test,carnival-of-souls,heldout,bw-horror,downscale,10.0,3241.436,False,False,,587.314,False,,587.314,False,,593.095
carnival-of-souls-040-crop,test,carnival-of-souls,heldout,bw-horror,crop,10.0,3241.436,False,False,,1247.814,False,,1247.814,False,,563.065
carnival-of-souls-040-letterbox,test,carnival-of-souls,heldout,bw-horror,letterbox,10.0,3241.436,False,False,,596.814,False,,596.814,False,,597.065
carnival-of-souls-040-mirror,test,carnival-of-souls,heldout,bw-horror,mirror,10.0,3241.436,False,False,,1271.314,False,,1271.314,False,,593.428
carnival-of-souls-040-color,test,carnival-of-souls,heldout,bw-horror,color,10.0,3241.436,False,False,,1866.314,False,,1866.314,False,,1891.27
carnival-of-souls-040-overlay,test,carnival-of-souls,heldout,bw-horror,overlay,10.0,3241.436,False,False,,563.814,False,,563.814,False,,563.565
carnival-of-souls-040-speed,test,carnival-of-souls,heldout,bw-horror,speed,10.0,3241.436,False,False,,1793.686,False,,1793.686,False,,588.757
carnival-of-souls-040-screen_recording,test,carnival-of-souls,heldout,bw-horror,screen_recording,10.0,3241.436,False,False,,598.314,False,,598.314,False,,597.733
carnival-of-souls-041-original,val,carnival-of-souls,heldout,bw-horror,original,3.0,3291.481,False,False,,923.231,False,,923.231,False,,585.311
carnival-of-souls-041-compression,val,carnival-of-souls,heldout,bw-horror,compression,3.0,3291.481,False,False,,585.731,False,,585.731,False,,585.811
carnival-of-souls-041-downscale,val,carnival-of-souls,heldout,bw-horror,downscale,3.0,3291.481,False,False,,581.231,False,,581.231,False,,586.479
carnival-of-souls-041-crop,val,carnival-of-souls,heldout,bw-horror,crop,3.0,3291.481,False,False,,376.769,False,,376.769,False,,581.474
carnival-of-souls-041-letterbox,val,carnival-of-souls,heldout,bw-horror,letterbox,3.0,3291.481,False,False,,309.731,False,,309.731,False,,309.802
carnival-of-souls-041-mirror,val,carnival-of-souls,heldout,bw-horror,mirror,3.0,3291.481,False,False,,587.231,False,,587.231,False,,586.979
carnival-of-souls-041-color,val,carnival-of-souls,heldout,bw-horror,color,3.0,3291.481,False,False,,146.731,False,,146.731,False,,146.944
carnival-of-souls-041-overlay,val,carnival-of-souls,heldout,bw-horror,overlay,3.0,3291.481,False,False,,633.269,False,,633.269,False,,633.373
carnival-of-souls-041-speed,val,carnival-of-souls,heldout,bw-horror,speed,3.0,3291.481,False,False,,585.231,False,,585.231,False,,585.644
carnival-of-souls-041-screen_recording,val,carnival-of-souls,heldout,bw-horror,screen_recording,3.0,3291.481,False,False,,585.231,False,,585.231,False,,585.811
carnival-of-souls-042-original,test,carnival-of-souls,heldout,bw-horror,original,10.0,3362.572,False,False,,1498.322,False,,1498.322,False,,1498.877
carnival-of-souls-042-compression,test,carnival-of-souls,heldout,bw-horror,compression,10.0,3362.572,False,False,,2547.822,False,,2547.822,False,,1513.224
carnival-of-souls-042-downscale,test,carnival-of-souls,heldout,bw-horror,downscale,10.0,3362.572,False,False,,1512.322,False,,1512.322,False,,657.236
carnival-of-souls-042-crop,test,carnival-of-souls,heldout,bw-horror,crop,10.0,3362.572,False,False,,1911.322,False,,1911.322,False,,389.109
carnival-of-souls-042-letterbox,test,carnival-of-souls,heldout,bw-horror,letterbox,10.0,3362.572,False,False,,1512.822,False,,1512.822,False,,1512.39
carnival-of-souls-042-mirror,test,carnival-of-souls,heldout,bw-horror,mirror,10.0,3362.572,False,False,,3298.322,False,,3298.322,False,,657.57
carnival-of-souls-042-color,test,carnival-of-souls,heldout,bw-horror,color,10.0,3362.572,False,True,,1920.178,False,,1920.178,False,,1920.121
carnival-of-souls-042-overlay,test,carnival-of-souls,heldout,bw-horror,overlay,10.0,3362.572,False,False,,1952.322,False,,1952.322,False,,646.767
carnival-of-souls-042-speed,test,carnival-of-souls,heldout,bw-horror,speed,10.0,3362.572,False,False,,1511.822,False,,1511.822,False,,1512.223
carnival-of-souls-042-screen_recording,test,carnival-of-souls,heldout,bw-horror,screen_recording,10.0,3362.572,False,False,,1682.822,False,,1682.822,False,,1683.394
carnival-of-souls-043-original,test,carnival-of-souls,heldout,bw-horror,original,10.0,3432.418,False,False,,2285.168,False,,2285.168,False,,1719.74
carnival-of-souls-043-compression,test,carnival-of-souls,heldout,bw-horror,compression,10.0,3432.418,False,False,,298.832,False,,298.832,False,,298.943
carnival-of-souls-043-downscale,test,carnival-of-souls,heldout,bw-horror,downscale,10.0,3432.418,False,False,,2555.168,False,,2555.168,False,,2554.741
carnival-of-souls-043-crop,test,carnival-of-souls,heldout,bw-horror,crop,10.0,3432.418,False,False,,1706.332,False,,1706.332,False,,1706.614
carnival-of-souls-043-letterbox,test,carnival-of-souls,heldout,bw-horror,letterbox,10.0,3432.418,False,False,,1718.168,False,,1718.168,False,,1720.241
carnival-of-souls-043-mirror,test,carnival-of-souls,heldout,bw-horror,mirror,10.0,3432.418,False,False,,2553.168,False,,2553.168,False,,1719.407
carnival-of-souls-043-color,test,carnival-of-souls,heldout,bw-horror,color,10.0,3432.418,False,False,,2285.168,False,,2285.168,False,,1720.074
carnival-of-souls-043-overlay,test,carnival-of-souls,heldout,bw-horror,overlay,10.0,3432.418,False,False,,2553.168,False,,2553.168,False,,2553.407
carnival-of-souls-043-speed,test,carnival-of-souls,heldout,bw-horror,speed,10.0,3432.418,False,False,,2285.168,False,,2285.168,False,,2285.072
carnival-of-souls-043-screen_recording,test,carnival-of-souls,heldout,bw-horror,screen_recording,10.0,3432.418,False,False,,3084.668,False,,3084.668,False,,3084.571
carnival-of-souls-044-original,test,carnival-of-souls,heldout,bw-horror,original,10.0,3508.453,False,False,,2602.203,False,,2602.203,False,,2602.448
carnival-of-souls-044-compression,test,carnival-of-souls,heldout,bw-horror,compression,10.0,3508.453,False,False,,1713.703,False,,1713.703,False,,1716.263
carnival-of-souls-044-downscale,test,carnival-of-souls,heldout,bw-horror,downscale,10.0,3508.453,False,False,,2117.203,False,,2117.203,False,,1717.264
carnival-of-souls-044-crop,test,carnival-of-souls,heldout,bw-horror,crop,10.0,3508.453,False,False,,2359.703,False,,2359.703,False,,2113.593
carnival-of-souls-044-letterbox,test,carnival-of-souls,heldout,bw-horror,letterbox,10.0,3508.453,False,False,,1718.703,False,,1718.703,False,,1719.266
carnival-of-souls-044-mirror,test,carnival-of-souls,heldout,bw-horror,mirror,10.0,3508.453,False,False,,2361.203,False,,2361.203,False,,2361.107
carnival-of-souls-044-color,test,carnival-of-souls,heldout,bw-horror,color,10.0,3508.453,False,False,,3169.203,False,,3169.203,False,,3168.113
carnival-of-souls-044-overlay,test,carnival-of-souls,heldout,bw-horror,overlay,10.0,3508.453,False,False,,3157.703,False,,3157.703,False,,3155.434
carnival-of-souls-044-speed,test,carnival-of-souls,heldout,bw-horror,speed,10.0,3508.453,False,False,,2360.203,False,,2360.203,False,,2360.773
carnival-of-souls-044-screen_recording,test,carnival-of-souls,heldout,bw-horror,screen_recording,10.0,3508.453,False,False,,1715.703,False,,1715.703,False,,1715.929
carnival-of-souls-045-original,test,carnival-of-souls,heldout,bw-horror,original,10.0,3549.185,False,False,,2403.935,False,,2403.935,False,,2406.844
carnival-of-souls-045-compression,test,carnival-of-souls,heldout,bw-horror,compression,10.0,3549.185,False,False,,2675.435,False,,2675.435,False,,1751.99
carnival-of-souls-045-downscale,test,carnival-of-souls,heldout,bw-horror,downscale,10.0,3549.185,False,False,,2406.935,False,,2406.935,False,,2406.844
carnival-of-souls-045-crop,test,carnival-of-souls,heldout,bw-horror,crop,10.0,3549.185,False,False,,2404.935,False,,2404.935,False,,2404.508
carnival-of-souls-045-letterbox,test,carnival-of-souls,heldout,bw-horror,letterbox,10.0,3549.185,False,False,,1754.435,False,,1754.435,False,,1754.325
carnival-of-souls-045-mirror,test,carnival-of-souls,heldout,bw-horror,mirror,10.0,3549.185,False,False,,2403.935,False,,2403.935,False,,2404.174
carnival-of-souls-045-color,test,carnival-of-souls,heldout,bw-horror,color,10.0,3549.185,False,False,,2406.935,False,,2406.935,False,,2406.844
carnival-of-souls-045-overlay,test,carnival-of-souls,heldout,bw-horror,overlay,10.0,3549.185,False,False,,2406.935,False,,2406.935,False,,3195.832
carnival-of-souls-045-speed,test,carnival-of-souls,heldout,bw-horror,speed,10.0,3549.185,False,False,,2404.935,False,,2404.935,False,,2402.84
carnival-of-souls-045-screen_recording,test,carnival-of-souls,heldout,bw-horror,screen_recording,10.0,3549.185,False,False,,1753.435,False,,1753.435,False,,1753.825
carnival-of-souls-046-original,test,carnival-of-souls,heldout,bw-horror,original,5.0,3621.023,False,False,,54.727,False,,54.727,False,,54.816
carnival-of-souls-046-compression,test,carnival-of-souls,heldout,bw-horror,compression,5.0,3621.023,False,False,,284.273,False,,284.273,False,,284.356
carnival-of-souls-046-downscale,test,carnival-of-souls,heldout,bw-horror,downscale,5.0,3621.023,False,False,,54.727,False,,54.727,False,,54.649
carnival-of-souls-046-crop,test,carnival-of-souls,heldout,bw-horror,crop,5.0,3621.023,False,False,,63.227,False,,63.227,False,,62.991
carnival-of-souls-046-letterbox,test,carnival-of-souls,heldout,bw-horror,letterbox,5.0,3621.023,False,False,,63.227,False,,63.227,False,,54.649
carnival-of-souls-046-mirror,test,carnival-of-souls,heldout,bw-horror,mirror,5.0,3621.023,False,False,,101.227,False,,101.227,False,,54.816
carnival-of-souls-046-color,test,carnival-of-souls,heldout,bw-horror,color,5.0,3621.023,False,False,,55.227,False,,55.227,False,,55.15
carnival-of-souls-046-overlay,test,carnival-of-souls,heldout,bw-horror,overlay,5.0,3621.023,False,False,,195.227,False,,195.227,False,,59.821
carnival-of-souls-046-speed,test,carnival-of-souls,heldout,bw-horror,speed,5.0,3621.023,False,False,,54.727,False,,54.727,False,,55.316
carnival-of-souls-046-screen_recording,test,carnival-of-souls,heldout,bw-horror,screen_recording,5.0,3621.023,False,False,,63.227,False,,63.227,False,,54.649
carnival-of-souls-047-original,test,carnival-of-souls,heldout,bw-horror,original,10.0,3722.021,False,False,,204.229,False,,204.229,False,,204.168
carnival-of-souls-047-compression,test,carnival-of-souls,heldout,bw-horror,compression,10.0,3722.021,False,False,,2272.771,False,,2272.771,False,,2273.34
carnival-of-souls-047-downscale,test,carnival-of-souls,heldout,bw-horror,downscale,10.0,3722.021,False,False,,205.729,False,,205.729,False,,205.336
carnival-of-souls-047-crop,test,carnival-of-souls,heldout,bw-horror,crop,10.0,3722.021,False,False,,201.729,False,,201.729,False,,3480.487
carnival-of-souls-047-letterbox,test,carnival-of-souls,heldout,bw-horror,letterbox,10.0,3722.021,False,False,,205.229,False,,205.229,False,,205.002
carnival-of-souls-047-mirror,test,carnival-of-souls,heldout,bw-horror,mirror,10.0,3722.021,False,False,,205.229,False,,205.229,False,,205.002
carnival-of-souls-047-color,test,carnival-of-souls,heldout,bw-horror,color,10.0,3722.021,False,False,,205.229,False,,205.229,False,,205.503
carnival-of-souls-047-overlay,test,carnival-of-souls,heldout,bw-horror,overlay,10.0,3722.021,False,False,,204.229,False,,204.229,False,,204.668
carnival-of-souls-047-speed,test,carnival-of-souls,heldout,bw-horror,speed,10.0,3722.021,False,False,,205.229,False,,205.229,False,,205.503
carnival-of-souls-047-screen_recording,test,carnival-of-souls,heldout,bw-horror,screen_recording,10.0,3722.021,False,False,,2273.271,False,,2273.271,False,,2274.341
carnival-of-souls-048-original,test,carnival-of-souls,heldout,bw-horror,original,5.0,3750.244,False,False,,719.494,False,,719.494,False,,719.383
carnival-of-souls-048-compression,test,carnival-of-souls,heldout,bw-horror,compression,5.0,3750.244,False,False,,3025.494,False,,3025.494,False,,1045.909
carnival-of-souls-048-downscale,test,carnival-of-souls,heldout,bw-horror,downscale,5.0,3750.244,False,False,,719.494,False,,719.494,False,,3357.051
carnival-of-souls-048-crop,test,carnival-of-souls,heldout,bw-horror,crop,5.0,3750.244,False,False,,288.006,False,,288.006,False,,288.09
carnival-of-souls-048-letterbox,test,carnival-of-souls,heldout,bw-horror,letterbox,5.0,3750.244,False,True,,719.994,False,,719.994,False,,719.216
carnival-of-souls-048-mirror,test,carnival-of-souls,heldout,bw-horror,mirror,5.0,3750.244,False,False,,719.494,False,,719.494,False,,719.383
carnival-of-souls-048-color,test,carnival-of-souls,heldout,bw-horror,color,5.0,3750.244,False,False,,719.494,False,,719.494,False,,719.383
carnival-of-souls-048-overlay,test,carnival-of-souls,heldout,bw-horror,overlay,5.0,3750.244,False,False,,1382.994,False,,1382.994,False,,1382.746
carnival-of-souls-048-speed,test,carnival-of-souls,heldout,bw-horror,speed,5.0,3750.244,False,False,,718.494,False,,718.494,False,,719.049
carnival-of-souls-048-screen_recording,test,carnival-of-souls,heldout,bw-horror,screen_recording,5.0,3750.244,False,False,,25.994,False,,25.994,False,,26.224
carnival-of-souls-049-original,val,carnival-of-souls,heldout,bw-horror,original,10.0,3814.744,False,False,,789.994,False,,789.994,False,,1443.909
carnival-of-souls-049-compression,val,carnival-of-souls,heldout,bw-horror,compression,10.0,3814.744,False,False,,2362.994,False,,2362.994,False,,2363.394
carnival-of-souls-049-downscale,val,carnival-of-souls,heldout,bw-horror,downscale,10.0,3814.744,False,False,,1009.994,False,,1009.994,False,,790.556
carnival-of-souls-049-crop,val,carnival-of-souls,heldout,bw-horror,crop,10.0,3814.744,False,False,,1446.994,False,,1446.994,False,,1444.076
carnival-of-souls-049-letterbox,val,carnival-of-souls,heldout,bw-horror,letterbox,10.0,3814.744,False,False,,3425.994,False,,3425.994,False,,193.226
carnival-of-souls-049-mirror,val,carnival-of-souls,heldout,bw-horror,mirror,10.0,3814.744,False,False,,1443.994,False,,1443.994,False,,1443.909
carnival-of-souls-049-color,val,carnival-of-souls,heldout,bw-horror,color,10.0,3814.744,False,False,,1443.994,False,,1443.994,False,,1443.909
carnival-of-souls-049-overlay,val,carnival-of-souls,heldout,bw-horror,overlay,10.0,3814.744,False,False,,1257.494,False,,1257.494,False,,219.62
carnival-of-souls-049-speed,val,carnival-of-souls,heldout,bw-horror,speed,10.0,3814.744,False,False,,1442.994,False,,1442.994,False,,1431.23
carnival-of-souls-049-screen_recording,val,carnival-of-souls,heldout,bw-horror,screen_recording,10.0,3814.744,False,False,,29.006,False,,29.006,False,,3428.225
carnival-of-souls-050-original,val,carnival-of-souls,heldout,bw-horror,original,3.0,3945.016,False,False,,811.266,False,,811.266,False,,829.337
carnival-of-souls-050-compression,val,carnival-of-souls,heldout,bw-horror,compression,3.0,3945.016,False,False,,2473.266,False,,2473.266,False,,2473.179
carnival-of-souls-050-downscale,val,carnival-of-souls,heldout,bw-horror,downscale,3.0,3945.016,False,False,,811.766,False,,811.766,False,,829.337
carnival-of-souls-050-crop,val,carnival-of-souls,heldout,bw-horror,crop,3.0,3945.016,False,False,,811.766,False,,811.766,False,,830.671
carnival-of-souls-050-letterbox,val,carnival-of-souls,heldout,bw-horror,letterbox,3.0,3945.016,False,False,,811.766,False,,811.766,False,,811.986
carnival-of-souls-050-mirror,val,carnival-of-souls,heldout,bw-horror,mirror,3.0,3945.016,False,False,,811.266,False,,811.266,False,,829.17
carnival-of-souls-050-color,val,carnival-of-souls,heldout,bw-horror,color,3.0,3945.016,False,False,,811.266,False,,811.266,False,,811.486
carnival-of-souls-050-overlay,val,carnival-of-souls,heldout,bw-horror,overlay,3.0,3945.016,False,False,,829.266,False,,829.266,False,,829.17
carnival-of-souls-050-speed,val,carnival-of-souls,heldout,bw-horror,speed,3.0,3945.016,False,False,,810.766,False,,810.766,False,,829.003
carnival-of-souls-050-screen_recording,val,carnival-of-souls,heldout,bw-horror,screen_recording,3.0,3945.016,False,False,,99.266,False,,99.266,False,,99.341
carnival-of-souls-051-original,test,carnival-of-souls,heldout,bw-horror,original,10.0,4001.767,False,False,,2924.017,False,,2924.017,False,,2924.09
carnival-of-souls-051-compression,test,carnival-of-souls,heldout,bw-horror,compression,10.0,4001.767,False,False,,2796.017,False,,2796.017,False,,2535.936
carnival-of-souls-051-downscale,test,carnival-of-souls,heldout,bw-horror,downscale,10.0,4001.767,False,False,,2923.017,False,,2923.017,False,,2537.271
carnival-of-souls-051-crop,test,carnival-of-souls,heldout,bw-horror,crop,10.0,4001.767,False,False,,2537.017,False,,2537.017,False,,2536.937
carnival-of-souls-051-letterbox,test,carnival-of-souls,heldout,bw-horror,letterbox,10.0,4001.767,False,False,,2415.017,False,,2415.017,False,,891.927
carnival-of-souls-051-mirror,test,carnival-of-souls,heldout,bw-horror,mirror,10.0,4001.767,False,False,,2924.017,False,,2924.017,False,,1183.919
carnival-of-souls-051-color,test,carnival-of-souls,heldout,bw-horror,color,10.0,4001.767,False,False,,2635.017,False,,2635.017,False,,2633.1
carnival-of-souls-051-overlay,test,carnival-of-souls,heldout,bw-horror,overlay,10.0,4001.767,False,False,,2536.517,False,,2536.517,False,,2535.936
carnival-of-souls-051-speed,test,carnival-of-souls,heldout,bw-horror,speed,10.0,4001.767,False,False,,2924.017,False,,2924.017,False,,2535.936
carnival-of-souls-051-screen_recording,test,carnival-of-souls,heldout,bw-horror,screen_recording,10.0,4001.767,False,False,,2536.517,False,,2536.517,False,,2536.103
carnival-of-souls-052-original,test,carnival-of-souls,heldout,bw-horror,original,10.0,4073.147,False,False,,280.897,False,,280.897,False,,281.125
carnival-of-souls-052-compression,test,carnival-of-souls,heldout,bw-horror,compression,10.0,4073.147,False,False,,240.397,False,,240.397,False,,240.285
carnival-of-souls-052-downscale,test,carnival-of-souls,heldout,bw-horror,downscale,10.0,4073.147,False,False,,234.397,False,,234.397,False,,234.646
carnival-of-souls-052-crop,test,carnival-of-souls,heldout,bw-horror,crop,10.0,4073.147,False,False,,3481.897,False,,3481.897,False,,282.293
carnival-of-souls-052-letterbox,test,carnival-of-souls,heldout,bw-horror,letterbox,10.0,4073.147,False,False,,239.397,False,,239.397,False,,280.959
carnival-of-souls-052-mirror,test,carnival-of-souls,heldout,bw-horror,mirror,10.0,4073.147,False,False,,281.897,False,,281.897,False,,282.293
carnival-of-souls-052-color,test,carnival-of-souls,heldout,bw-horror,color,10.0,4073.147,False,False,,282.397,False,,282.397,False,,282.794
carnival-of-souls-052-overlay,test,carnival-of-souls,heldout,bw-horror,overlay,10.0,4073.147,False,False,,240.397,False,,240.397,False,,282.293
carnival-of-souls-052-speed,test,carnival-of-souls,heldout,bw-horror,speed,10.0,4073.147,False,False,,280.897,False,,280.897,False,,282.961
carnival-of-souls-052-screen_recording,test,carnival-of-souls,heldout,bw-horror,screen_recording,10.0,4073.147,False,False,,239.397,False,,239.397,False,,280.125
carnival-of-souls-053-original,val,carnival-of-souls,heldout,bw-horror,original,3.0,4145.368,False,False,,2385.618,False,,2385.618,False,,2385.51
carnival-of-souls-053-compression,val,carnival-of-souls,heldout,bw-horror,compression,3.0,4145.368,False,False,,3553.118,False,,3553.118,False,,3528.187
carnival-of-souls-053-downscale,val,carnival-of-souls,heldout,bw-horror,downscale,3.0,4145.368,False,False,,2398.618,False,,2398.618,False,,2385.176
carnival-of-souls-053-crop,val,carnival-of-souls,heldout,bw-horror,crop,3.0,4145.368,False,False,,2489.118,False,,2489.118,False,,322.849
carnival-of-souls-053-letterbox,val,carnival-of-souls,heldout,bw-horror,letterbox,3.0,4145.368,False,False,,3894.618,False,,3894.618,False,,3894.851
carnival-of-souls-053-mirror,val,carnival-of-souls,heldout,bw-horror,mirror,3.0,4145.368,False,False,,2385.618,False,,2385.618,False,,2385.51
carnival-of-souls-053-color,val,carnival-of-souls,heldout,bw-horror,color,3.0,4145.368,False,False,,201.618,False,,201.618,False,,2385.51
carnival-of-souls-053-overlay,val,carnival-of-souls,heldout,bw-horror,overlay,3.0,4145.368,False,False,,129.118,False,,129.118,False,,130.357
carnival-of-souls-053-speed,val,carnival-of-souls,heldout,bw-horror,speed,3.0,4145.368,False,False,,2385.118,False,,2385.118,False,,2385.176
carnival-of-souls-053-screen_recording,val,carnival-of-souls,heldout,bw-horror,screen_recording,3.0,4145.368,False,False,,130.618,False,,130.618,False,,130.357
carnival-of-souls-054-original,test,carnival-of-souls,heldout,bw-horror,original,10.0,4171.862,False,False,,1304.112,False,,1304.112,False,,477.671
carnival-of-souls-054-compression,test,carnival-of-souls,heldout,bw-horror,compression,10.0,4171.862,False,False,,158.612,False,,158.612,False,,1188.515
carnival-of-souls-054-downscale,test,carnival-of-souls,heldout,bw-horror,downscale,10.0,4171.862,False,False,,2823.612,False,,2823.612,False,,477.671
carnival-of-souls-054-crop,test,carnival-of-souls,heldout,bw-horror,crop,10.0,4171.862,False,False,,488.612,False,,488.612,False,,488.849
carnival-of-souls-054-letterbox,test,carnival-of-souls,heldout,bw-horror,letterbox,10.0,4171.862,False,False,,540.612,False,,540.612,False,,229.023
carnival-of-souls-054-mirror,test,carnival-of-souls,heldout,bw-horror,mirror,10.0,4171.862,False,False,,539.112,False,,539.112,False,,555.182
carnival-of-souls-054-color,test,carnival-of-souls,heldout,bw-horror,color,10.0,4171.862,False,False,,154.112,False,,154.112,False,,2590.682
carnival-of-souls-054-overlay,test,carnival-of-souls,heldout,bw-horror,overlay,10.0,4171.862,False,False,,155.112,False,,155.112,False,,2456.015
carnival-of-souls-054-speed,test,carnival-of-souls,heldout,bw-horror,speed,10.0,4171.862,False,False,,538.112,False,,538.112,False,,538.532
carnival-of-souls-054-screen_recording,test,carnival-of-souls,heldout,bw-horror,screen_recording,10.0,4171.862,False,False,,539.112,False,,539.112,False,,538.999
carnival-of-souls-055-original,val,carnival-of-souls,heldout,bw-horror,original,5.0,4277.274,False,False,,257.024,False,,257.024,False,,1460.093
carnival-of-souls-055-compression,val,carnival-of-souls,heldout,bw-horror,compression,5.0,4277.274,False,False,,461.024,False,,461.024,False,,2839.438
carnival-of-souls-055-downscale,val,carnival-of-souls,heldout,bw-horror,downscale,5.0,4277.274,False,False,,463.524,False,,463.524,False,,461.429
carnival-of-souls-055-crop,val,carnival-of-souls,heldout,bw-horror,crop,5.0,4277.274,False,False,,461.524,False,,461.524,False,,461.596
carnival-of-souls-055-letterbox,val,carnival-of-souls,heldout,bw-horror,letterbox,5.0,4277.274,False,False,,438.524,False,,438.524,False,,439.94
carnival-of-souls-055-mirror,val,carnival-of-souls,heldout,bw-horror,mirror,5.0,4277.274,False,False,,257.024,False,,257.024,False,,1483.083
carnival-of-souls-055-color,val,carnival-of-souls,heldout,bw-horror,color,5.0,4277.274,False,False,,257.024,False,,257.024,False,,438.272
carnival-of-souls-055-overlay,val,carnival-of-souls,heldout,bw-horror,overlay,5.0,4277.274,False,False,,1979.024,False,,1979.024,False,,1978.945
carnival-of-souls-055-speed,val,carnival-of-souls,heldout,bw-horror,speed,5.0,4277.274,False,False,,271.524,False,,271.524,False,,1459.092
carnival-of-souls-055-screen_recording,val,carnival-of-souls,heldout,bw-horror,screen_recording,5.0,4277.274,False,False,,269.524,False,,269.524,False,,446.747
carnival-of-souls-056-original,test,carnival-of-souls,heldout,bw-horror,original,3.0,4323.248,False,False,,1867.998,False,,1867.998,False,,1868.229
carnival-of-souls-056-compression,test,carnival-of-souls,heldout,bw-horror,compression,3.0,4323.248,False,False,,770.002,False,,770.002,False,,2630.724
carnival-of-souls-056-downscale,test,carnival-of-souls,heldout,bw-horror,downscale,3.0,4323.248,False,False,,1870.498,False,,1870.498,False,,1870.731
carnival-of-souls-056-crop,test,carnival-of-souls,heldout,bw-horror,crop,3.0,4323.248,False,False,,1867.998,False,,1867.998,False,,1867.895
carnival-of-souls-056-letterbox,test,carnival-of-souls,heldout,bw-horror,letterbox,3.0,4323.248,False,False,,1317.498,False,,1317.498,False,,1867.895
carnival-of-souls-056-mirror,test,carnival-of-souls,heldout,bw-horror,mirror,3.0,4323.248,False,False,,1867.998,False,,1867.998,False,,1867.561
carnival-of-souls-056-color,test,carnival-of-souls,heldout,bw-horror,color,3.0,4323.248,False,False,,1889.498,False,,1889.498,False,,3245.225
carnival-of-souls-056-overlay,test,carnival-of-souls,heldout,bw-horror,overlay,3.0,4323.248,False,False,,1867.998,False,,1867.998,False,,2365.225
carnival-of-souls-056-speed,test,carnival-of-souls,heldout,bw-horror,speed,3.0,4323.248,False,False,,1867.998,False,,1867.998,False,,1867.895
carnival-of-souls-056-screen_recording,test,carnival-of-souls,heldout,bw-horror,screen_recording,3.0,4323.248,False,False,,1867.998,False,,1867.998,False,,1871.065
carnival-of-souls-057-original,test,carnival-of-souls,heldout,bw-horror,original,3.0,4415.014,False,False,,976.264,False,,976.264,False,,736.172
carnival-of-souls-057-compression,test,carnival-of-souls,heldout,bw-horror,compression,3.0,4415.014,False,False,,575.764,False,,575.764,False,,617.654
carnival-of-souls-057-downscale,test,carnival-of-souls,heldout,bw-horror,downscale,3.0,4415.014,False,False,,576.264,False,,576.264,False,,736.172
carnival-of-souls-057-crop,test,carnival-of-souls,heldout,bw-horror,crop,3.0,4415.014,False,False,,3386.264,False,,3386.264,False,,736.839
carnival-of-souls-057-letterbox,test,carnival-of-souls,heldout,bw-horror,letterbox,3.0,4415.014,False,False,,615.764,False,,615.764,False,,616.653
carnival-of-souls-057-mirror,test,carnival-of-souls,heldout,bw-horror,mirror,3.0,4415.014,False,False,,976.264,False,,976.264,False,,976.179
carnival-of-souls-057-color,test,carnival-of-souls,heldout,bw-horror,color,3.0,4415.014,False,False,,1409.764,False,,1409.764,False,,1409.845
carnival-of-souls-057-overlay,test,carnival-of-souls,heldout,bw-horror,overlay,3.0,4415.014,False,False,,736.264,False,,736.264,False,,736.339
carnival-of-souls-057-speed,test,carnival-of-souls,heldout,bw-horror,speed,3.0,4415.014,False,False,,976.264,False,,976.264,False,,592.495
carnival-of-souls-057-screen_recording,test,carnival-of-souls,heldout,bw-horror,screen_recording,3.0,4415.014,False,False,,977.264,False,,977.264,False,,975.845
carnival-of-souls-058-original,test,carnival-of-souls,heldout,bw-horror,original,3.0,4489.671,False,False,,1498.921,False,,1498.921,True,,1497.815
carnival-of-souls-058-compression,test,carnival-of-souls,heldout,bw-horror,compression,3.0,4489.671,False,False,,1497.421,False,,1497.421,False,,1497.482
carnival-of-souls-058-downscale,test,carnival-of-souls,heldout,bw-horror,downscale,3.0,4489.671,False,False,,1497.921,False,,1497.921,True,,1498.149
carnival-of-souls-058-crop,test,carnival-of-souls,heldout,bw-horror,crop,3.0,4489.671,False,False,,1496.921,False,,1496.921,False,,772.157
carnival-of-souls-058-letterbox,test,carnival-of-souls,heldout,bw-horror,letterbox,3.0,4489.671,False,True,,1497.921,True,,1497.921,True,,1498.483
carnival-of-souls-058-mirror,test,carnival-of-souls,heldout,bw-horror,mirror,3.0,4489.671,False,False,,1497.921,False,,1497.921,True,,1498.816
carnival-of-souls-058-color,test,carnival-of-souls,heldout,bw-horror,color,3.0,4489.671,False,False,,1497.921,False,,1497.921,False,,1497.815
carnival-of-souls-058-overlay,test,carnival-of-souls,heldout,bw-horror,overlay,3.0,4489.671,False,False,,4337.421,False,,4337.421,False,,1484.002
carnival-of-souls-058-speed,test,carnival-of-souls,heldout,bw-horror,speed,3.0,4489.671,False,False,,1498.921,False,,1498.921,True,,1498.483
carnival-of-souls-058-screen_recording,test,carnival-of-souls,heldout,bw-horror,screen_recording,3.0,4489.671,False,False,,1497.921,False,,1497.921,False,,1497.482
carnival-of-souls-059-original,test,carnival-of-souls,heldout,bw-horror,original,10.0,4553.797,False,False,,3804.047,False,,3804.047,False,,3804.282
carnival-of-souls-059-compression,test,carnival-of-souls,heldout,bw-horror,compression,10.0,4553.797,False,False,,3558.047,False,,3558.047,False,,3242.62
carnival-of-souls-059-downscale,test,carnival-of-souls,heldout,bw-horror,downscale,10.0,4553.797,False,False,,4465.047,False,,4465.047,False,,3149.127
carnival-of-souls-059-crop,test,carnival-of-souls,heldout,bw-horror,crop,10.0,4553.797,False,False,,3803.047,False,,3803.047,False,,3151.463
carnival-of-souls-059-letterbox,test,carnival-of-souls,heldout,bw-horror,letterbox,10.0,4553.797,False,False,,4468.547,False,,4468.547,False,,4468.445
carnival-of-souls-059-mirror,test,carnival-of-souls,heldout,bw-horror,mirror,10.0,4553.797,False,False,,3804.547,False,,3804.547,False,,3804.448
carnival-of-souls-059-color,test,carnival-of-souls,heldout,bw-horror,color,10.0,4553.797,False,False,,3805.047,False,,3805.047,False,,3804.282
carnival-of-souls-059-overlay,test,carnival-of-souls,heldout,bw-horror,overlay,10.0,4553.797,False,False,,3804.547,False,,3804.547,False,,3804.949
carnival-of-souls-059-speed,test,carnival-of-souls,heldout,bw-horror,speed,10.0,4553.797,False,False,,3802.547,False,,3802.547,False,,3802.78
carnival-of-souls-059-screen_recording,test,carnival-of-souls,heldout,bw-horror,screen_recording,10.0,4553.797,False,False,,1107.047,False,,1107.047,False,,3322.3
scarlet-street-000-original,test,scarlet-street,heldout,noir,original,5.0,535.906,False,False,,1145.844,False,,1145.844,False,,1145.607
scarlet-street-000-compression,test,scarlet-street,heldout,noir,compression,5.0,535.906,False,False,,904.844,False,,904.844,False,,904.922
scarlet-street-000-downscale,test,scarlet-street,heldout,noir,downscale,5.0,535.906,False,False,,889.844,False,,889.844,False,,1846.945
scarlet-street-000-crop,test,scarlet-street,heldout,noir,crop,5.0,535.906,False,False,,3542.844,False,,3542.844,False,,3542.924
scarlet-street-000-letterbox,test,scarlet-street,heldout,noir,letterbox,5.0,535.906,False,False,,3301.344,False,,3301.344,False,,3301.238
scarlet-street-000-mirror,test,scarlet-street,heldout,noir,mirror,5.0,535.906,False,False,,1145.844,False,,1145.844,False,,1145.609
scarlet-street-000-color,test,scarlet-street,heldout,noir,color,5.0,535.906,False,False,,290.844,False,,290.844,False,,1844.442
scarlet-street-000-overlay,test,scarlet-street,heldout,noir,overlay,5.0,535.906,False,False,,1770.844,False,,1770.844,False,,1770.602
scarlet-street-000-speed,test,scarlet-street,heldout,noir,speed,5.0,535.906,False,False,,3173.344,False,,3173.344,False,,1847.444
scarlet-street-000-screen_recording,test,scarlet-street,heldout,noir,screen_recording,5.0,535.906,False,True,,3110.844,False,,3110.844,False,,3111.428
scarlet-street-001-original,test,scarlet-street,heldout,noir,original,5.0,618.463,False,False,,3110.787,False,,3110.787,False,,3110.564
scarlet-street-001-compression,test,scarlet-street,heldout,noir,compression,5.0,618.463,False,True,,3097.787,False,,3097.787,False,,3095.871
scarlet-street-001-downscale,test,scarlet-street,heldout,noir,downscale,5.0,618.463,False,True,,3110.787,False,,3110.787,False,,3109.885
scarlet-street-001-crop,test,scarlet-street,heldout,noir,crop,5.0,618.463,False,False,,3113.787,False,,3113.787,False,,3113.889
scarlet-street-001-letterbox,test,scarlet-street,heldout,noir,letterbox,5.0,618.463,False,False,,181.213,False,,181.213,False,,180.815
scarlet-street-001-mirror,test,scarlet-street,heldout,noir,mirror,5.0,618.463,False,True,,3110.287,False,,3110.287,False,,3109.885
scarlet-street-001-color,test,scarlet-street,heldout,noir,color,5.0,618.463,False,False,,954.787,False,,954.787,False,,3111.205
scarlet-street-001-overlay,test,scarlet-street,heldout,noir,overlay,5.0,618.463,False,False,,2200.787,False,,2200.787,False,,2200.874
scarlet-street-001-speed,test,scarlet-street,heldout,noir,speed,5.0,618.463,False,True,,3110.787,False,,3110.787,False,,3110.565
scarlet-street-001-screen_recording,test,scarlet-street,heldout,noir,screen_recording,5.0,618.463,False,False,,3068.287,False,,3068.287,False,,3068.696
scarlet-street-002-original,val,scarlet-street,heldout,noir,original,3.0,697.213,False,False,,3753.037,False,,3753.037,False,,3293.629
scarlet-street-002-compression,val,scarlet-street,heldout,noir,compression,3.0,697.213,False,False,,3294.537,False,,3294.537,False,,3293.948
scarlet-street-002-downscale,val,scarlet-street,heldout,noir,downscale,3.0,697.213,False,False,,3834.537,False,,3834.537,False,,3293.809
scarlet-street-002-crop,val,scarlet-street,heldout,noir,crop,3.0,697.213,False,False,,508.037,False,,508.037,False,,507.792
scarlet-street-002-letterbox,val,scarlet-street,heldout,noir,letterbox,3.0,697.213,False,False,,3290.537,False,,3290.537,False,,3290.306
scarlet-street-002-mirror,val,scarlet-street,heldout,noir,mirror,3.0,697.213,False,False,,2932.537,False,,2932.537,False,,3293.628
scarlet-street-002-color,val,scarlet-street,heldout,noir,color,3.0,697.213,False,False,,3251.037,False,,3251.037,False,,3293.308
scarlet-street-002-overlay,val,scarlet-street,heldout,noir,overlay,3.0,697.213,False,False,,2086.537,False,,2086.537,False,,2085.302
scarlet-street-002-speed,val,scarlet-street,heldout,noir,speed,3.0,697.213,False,False,,4094.037,False,,4094.037,False,,3293.628
scarlet-street-002-screen_recording,val,scarlet-street,heldout,noir,screen_recording,3.0,697.213,False,False,,3293.037,False,,3293.037,False,,3293.309
scarlet-street-003-original,test,scarlet-street,heldout,noir,original,5.0,814.393,False,False,,694.643,False,,694.643,False,,695.37
scarlet-street-003-compression,test,scarlet-street,heldout,noir,compression,5.0,814.393,False,False,,2657.857,False,,2657.857,False,,2658.109
scarlet-street-003-downscale,test,scarlet-street,heldout,noir,downscale,5.0,814.393,False,False,,2658.857,False,,2658.857,False,,695.37
scarlet-street-003-crop,test,scarlet-street,heldout,noir,crop,5.0,814.393,False,False,,4397.857,False,,4397.857,False,,4395.434
scarlet-street-003-letterbox,test,scarlet-street,heldout,noir,letterbox,5.0,814.393,False,False,,363.857,False,,363.857,False,,2621.751
scarlet-street-003-mirror,test,scarlet-street,heldout,noir,mirror,5.0,814.393,False,False,,365.857,False,,365.857,False,,365.621
scarlet-street-003-color,test,scarlet-street,heldout,noir,color,5.0,814.393,False,True,,365.357,False,,365.357,False,,364.62
scarlet-street-003-overlay,test,scarlet-street,heldout,noir,overlay,5.0,814.393,False,False,,3028.857,False,,3028.857,False,,2646.132
scarlet-street-003-speed,test,scarlet-street,heldout,noir,speed,5.0,814.393,False,True,,693.143,False,,693.143,False,,693.87
scarlet-street-003-screen_recording,test,scarlet-street,heldout,noir,screen_recording,5.0,814.393,False,False,,2658.357,False,,2658.357,False,,918.14
scarlet-street-004-original,val,scarlet-street,heldout,noir,original,3.0,866.408,False,True,,2979.842,False,,2979.842,False,,2979.922
scarlet-street-004-compression,val,scarlet-street,heldout,noir,compression,3.0,866.408,False,True,,2979.842,True,,2979.842,False,,2979.603
scarlet-street-004-downscale,val,scarlet-street,heldout,noir,downscale,3.0,866.408,False,True,,2979.842,False,,2979.842,False,,2639.234
scarlet-street-004-crop,val,scarlet-street,heldout,noir,crop,3.0,866.408,False,False,,1126.342,False,,1126.342,False,,3131.442
scarlet-street-004-letterbox,val,scarlet-street,heldout,noir,letterbox,3.0,866.408,False,False,,2722.342,False,,2722.342,False,,3070.913
scarlet-street-004-mirror,val,scarlet-street,heldout,noir,mirror,3.0,866.408,False,True,,2711.842,False,,2711.842,False,,2723.752
scarlet-street-004-color,val,scarlet-street,heldout,noir,color,3.0,866.408,False,True,,2243.342,False,,2243.342,False,,2981.243
scarlet-street-004-overlay,val,scarlet-street,heldout,noir,overlay,3.0,866.408,False,False,,3721.342,False,,3721.342,False,,2711.602
scarlet-street-004-speed,val,scarlet-street,heldout,noir,speed,3.0,866.408,False,True,,3419.842,False,,3419.842,False,,3419.749
scarlet-street-004-screen_recording,val,scarlet-street,heldout,noir,screen_recording,3.0,866.408,False,False,,2859.342,False,,2859.342,False,,2860.756
scarlet-street-005-original,test,scarlet-street,heldout,noir,original,5.0,937.753,False,False,,2795.997,False,,2795.997,False,,3294.098
scarlet-street-005-compression,test,scarlet-street,heldout,noir,compression,5.0,937.753,False,False,,3293.997,False,,3293.997,False,,3294.098
scarlet-street-005-downscale,test,scarlet-street,heldout,noir,downscale,5.0,937.753,False,False,,1766.497,False,,1766.497,False,,2795.919
scarlet-street-005-crop,test,scarlet-street,heldout,noir,crop,5.0,937.753,False,False,,3041.997,False,,3041.997,False,,3293.598
scarlet-street-005-letterbox,test,scarlet-street,heldout,noir,letterbox,5.0,937.753,False,False,,2897.497,False,,2897.497,False,,1769.251
scarlet-street-005-mirror,test,scarlet-street,heldout,noir,mirror,5.0,937.753,False,False,,2795.997,False,,2795.997,False,,2795.779
scarlet-street-005-color,test,scarlet-street,heldout,noir,color,5.0,937.753,False,False,,65.503,False,,65.503,False,,518.769
scarlet-street-005-overlay,test,scarlet-street,heldout,noir,overlay,5.0,937.753,False,False,,744.497,False,,744.497,False,,3293.918
scarlet-street-005-speed,test,scarlet-street,heldout,noir,speed,5.0,937.753,False,False,,2796.497,False,,2796.497,False,,2796.599
scarlet-street-005-screen_recording,test,scarlet-street,heldout,noir,screen_recording,5.0,937.753,False,False,,2750.497,False,,2750.497,False,,2750.267
scarlet-street-006-original,val,scarlet-street,heldout,noir,original,10.0,1028.08,False,False,,1628.17,False,,1628.17,False,,1628.588
scarlet-street-006-compression,val,scarlet-street,heldout,noir,compression,10.0,1028.08,False,False,,1628.17,False,,1628.17,False,,1628.268
scarlet-street-006-downscale,val,scarlet-street,heldout,noir,downscale,10.0,1028.08,False,False,,1628.17,False,,1628.17,False,,1627.949
scarlet-street-006-crop,val,scarlet-street,heldout,noir,crop,10.0,1028.08,False,False,,1629.67,False,,1629.67,False,,1629.95
scarlet-street-006-letterbox,val,scarlet-street,heldout,noir,letterbox,10.0,1028.08,False,False,,1629.17,False,,1629.17,False,,1628.764
scarlet-street-006-mirror,val,scarlet-street,heldout,noir,mirror,10.0,1028.08,False,False,,1629.17,False,,1629.17,False,,1629.264
scarlet-street-006-color,val,scarlet-street,heldout,noir,color,10.0,1028.08,False,True,,1632.17,False,,1632.17,False,,1628.588
scarlet-street-006-overlay,val,scarlet-street,heldout,noir,overlay,10.0,1028.08,False,False,,1624.67,False,,1624.67,False,,1626.442
scarlet-street-006-speed,val,scarlet-street,heldout,noir,speed,10.0,1028.08,False,False,,1629.17,False,,1629.17,False,,1628.082
scarlet-street-006-screen_recording,val,scarlet-street,heldout,noir,screen_recording,10.0,1028.08,False,False,,1628.17,False,,1628.17,False,,1629.588
scarlet-street-007-original,test,scarlet-street,heldout,noir,original,3.0,1139.447,False,False,,1983.303,False,,1983.303,False,,1982.394
scarlet-street-007-compression,test,scarlet-street,heldout,noir,compression,3.0,1139.447,False,False,,820.803,False,,820.803,False,,898.799
scarlet-street-007-downscale,test,scarlet-street,heldout,noir,downscale,3.0,1139.447,False,False,,1697.303,False,,1697.303,False,,141.776
scarlet-street-007-crop,test,scarlet-street,heldout,noir,crop,3.0,1139.447,False,False,,1826.303,False,,1826.303,False,,1982.394
scarlet-street-007-letterbox,test,scarlet-street,heldout,noir,letterbox,3.0,1139.447,False,False,,3077.803,False,,3077.803,False,,3077.569
scarlet-street-007-mirror,test,scarlet-street,heldout,noir,mirror,3.0,1139.447,False,False,,633.697,False,,633.697,False,,633.619
scarlet-street-007-color,test,scarlet-street,heldout,noir,color,3.0,1139.447,False,False,,1983.303,False,,1983.303,False,,1983.714
scarlet-street-007-overlay,test,scarlet-street,heldout,noir,overlay,3.0,1139.447,False,False,,910.803,False,,910.803,False,,822.29
scarlet-street-007-speed,test,scarlet-street,heldout,noir,speed,3.0,1139.447,False,False,,1983.803,False,,1983.803,False,,1074.626
scarlet-street-007-screen_recording,test,scarlet-street,heldout,noir,screen_recording,3.0,1139.447,False,False,,510.303,False,,510.303,False,,510.069
scarlet-street-008-original,test,scarlet-street,heldout,noir,original,3.0,1219.4,False,False,,1586.35,False,,1586.35,False,,1586.926
scarlet-street-008-compression,test,scarlet-street,heldout,noir,compression,3.0,1219.4,False,False,,3019.85,False,,3019.85,False,,3019.922
scarlet-street-008-downscale,test,scarlet-street,heldout,noir,downscale,3.0,1219.4,False,False,,721.15,False,,721.15,False,,1683.743
scarlet-street-008-crop,test,scarlet-street,heldout,noir,crop,3.0,1219.4,False,False,,2270.85,False,,2270.85,False,,2270.621
scarlet-street-008-letterbox,test,scarlet-street,heldout,noir,letterbox,3.0,1219.4,False,False,,3019.85,False,,3019.85,False,,3019.923
scarlet-street-008-mirror,test,scarlet-street,heldout,noir,mirror,3.0,1219.4,False,False,,1586.85,False,,1586.85,False,,1586.926
scarlet-street-008-color,test,scarlet-street,heldout,noir,color,3.0,1219.4,False,False,,1586.35,False,,1586.35,False,,4112.769
scarlet-street-008-overlay,test,scarlet-street,heldout,noir,overlay,3.0,1219.4,False,False,,1609.85,False,,1609.85,False,,3511.627
scarlet-street-008-speed,test,scarlet-street,heldout,noir,speed,3.0,1219.4,False,False,,1587.35,False,,1587.35,False,,1586.926
scarlet-street-008-screen_recording,test,scarlet-street,heldout,noir,screen_recording,3.0,1219.4,False,True,,3019.85,True,,3019.85,False,,2413.951
scarlet-street-009-original,val,scarlet-street,heldout,noir,original,3.0,1254.856,False,False,,825.894,False,,825.894,False,,1977.816
scarlet-street-009-compression,val,scarlet-street,heldout,noir,compression,3.0,1254.856,False,False,,820.394,False,,820.394,False,,820.791
scarlet-street-009-downscale,val,scarlet-street,heldout,noir,downscale,3.0,1254.856,False,False,,1977.394,False,,1977.394,False,,1977.675
scarlet-street-009-crop,val,scarlet-street,heldout,noir,crop,3.0,1254.856,False,False,,1978.894,False,,1978.894,False,,1977.995
scarlet-street-009-letterbox,val,scarlet-street,heldout,noir,letterbox,3.0,1254.856,False,False,,571.394,False,,571.394,False,,2905.294
scarlet-street-009-mirror,val,scarlet-street,heldout,noir,mirror,3.0,1254.856,False,False,,1977.894,False,,1977.894,False,,1977.675
scarlet-street-009-color,val,scarlet-street,heldout,noir,color,3.0,1254.856,False,False,,827.394,False,,827.394,False,,826.98
scarlet-street-009-overlay,val,scarlet-street,heldout,noir,overlay,3.0,1254.856,False,False,,1166.394,False,,1166.394,False,,507.173
scarlet-street-009-speed,val,scarlet-street,heldout,noir,speed,3.0,1254.856,False,False,,2373.894,False,,2373.894,False,,1978.174
scarlet-street-009-screen_recording,val,scarlet-street,heldout,noir,screen_recording,3.0,1254.856,False,False,,1978.394,False,,1978.394,False,,234.015
scarlet-street-010-original,test,scarlet-street,heldout,noir,original,10.0,1382.033,False,False,,2649.217,False,,2649.217,False,,3157.609
scarlet-street-010-compression,test,scarlet-street,heldout,noir,compression,10.0,1382.033,False,False,,606.717,False,,606.717,False,,595.984
scarlet-street-010-downscale,test,scarlet-street,heldout,noir,downscale,10.0,1382.033,False,False,,648.717,False,,648.717,False,,3156.11
scarlet-street-010-crop,test,scarlet-street,heldout,noir,crop,10.0,1382.033,False,False,,597.717,False,,597.717,False,,597.626
scarlet-street-010-letterbox,test,scarlet-street,heldout,noir,letterbox,10.0,1382.033,False,False,,597.717,False,,597.717,False,,597.8
scarlet-street-010-mirror,test,scarlet-street,heldout,noir,mirror,10.0,1382.033,False,False,,3908.217,False,,3908.217,False,,3933.981
scarlet-street-010-color,test,scarlet-street,heldout,noir,color,10.0,1382.033,False,False,,3922.217,False,,3922.217,False,,3922.287
scarlet-street-010-overlay,test,scarlet-street,heldout,noir,overlay,10.0,1382.033,False,False,,2962.217,False,,2962.217,False,,3934.481
scarlet-street-010-speed,test,scarlet-street,heldout,noir,speed,10.0,1382.033,False,False,,3911.217,False,,3911.217,False,,3892.976
scarlet-street-010-screen_recording,test,scarlet-street,heldout,noir,screen_recording,10.0,1382.033,False,False,,2022.217,False,,2022.217,False,,2022.609
scarlet-street-011-original,test,scarlet-street,heldout,noir,original,3.0,1503.182,False,False,,1362.068,False,,1362.068,False,,1319.84
scarlet-street-011-compression,test,scarlet-street,heldout,noir,compression,3.0,1503.182,False,False,,547.568,False,,547.568,False,,292.166
scarlet-street-011-downscale,test,scarlet-street,heldout,noir,downscale,3.0,1503.182,False,False,,1319.068,False,,1319.068,False,,1319.16
scarlet-street-011-crop,test,scarlet-street,heldout,noir,crop,3.0,1503.182,False,False,,1325.068,False,,1325.068,False,,1602.321
scarlet-street-011-letterbox,test,scarlet-street,heldout,noir,letterbox,3.0,1503.182,False,False,,1040.568,False,,1040.568,False,,303.463
scarlet-street-011-mirror,test,scarlet-street,heldout,noir,mirror,3.0,1503.182,False,False,,1320.068,False,,1320.068,False,,1319.478
scarlet-street-011-color,test,scarlet-street,heldout,noir,color,3.0,1503.182,False,False,,1362.068,False,,1362.068,False,,1317.838
scarlet-street-011-overlay,test,scarlet-street,heldout,noir,overlay,3.0,1503.182,False,False,,547.568,False,,547.568,False,,546.974
scarlet-street-011-speed,test,scarlet-street,heldout,noir,speed,3.0,1503.182,False,False,,1319.068,False,,1319.068,False,,1319.158
scarlet-street-011-screen_recording,test,scarlet-street,heldout,noir,screen_recording,3.0,1503.182,False,False,,2178.068,False,,2178.068,False,,1319.158
scarlet-street-012-original,val,scarlet-street,heldout,noir,original,10.0,1509.918,False,False,,1313.332,False,,1313.332,False,,1312.742
scarlet-street-012-compression,val,scarlet-street,heldout,noir,compression,10.0,1509.918,False,False,,921.168,False,,921.168,False,,921.076
scarlet-street-012-downscale,val,scarlet-street,heldout,noir,downscale,10.0,1509.918,False,False,,921.168,False,,921.168,False,,2485.111
scarlet-street-012-crop,val,scarlet-street,heldout,noir,crop,10.0,1509.918,False,False,,748.332,False,,748.332,False,,753.112
scarlet-street-012-letterbox,val,scarlet-street,heldout,noir,letterbox,10.0,1509.918,False,False,,2705.332,False,,2705.332,False,,2487.612
scarlet-street-012-mirror,val,scarlet-street,heldout,noir,mirror,10.0,1509.918,False,False,,1311.332,False,,1311.332,False,,921.076
scarlet-street-012-color,val,scarlet-street,heldout,noir,color,10.0,1509.918,False,False,,1313.332,False,,1313.332,False,,1312.104
scarlet-street-012-overlay,val,scarlet-street,heldout,noir,overlay,10.0,1509.918,False,False,,921.168,False,,921.168,False,,921.076
scarlet-street-012-speed,val,scarlet-street,heldout,noir,speed,10.0,1509.918,False,False,,539.832,False,,539.832,False,,1312.102
scarlet-street-012-screen_recording,val,scarlet-street,heldout,noir,screen_recording,10.0,1509.918,False,False,,2486.832,False,,2486.832,False,,2483.933
scarlet-street-013-original,test,scarlet-street,heldout,noir,original,10.0,1657.025,False,True,,646.275,False,,646.275,False,,646.687
scarlet-street-013-compression,test,scarlet-street,heldout,noir,compression,10.0,1657.025,False,True,,511.775,False,,511.775,False,,2563.132
scarlet-street-013-downscale,test,scarlet-street,heldout,noir,downscale,10.0,1657.025,False,True,,641.775,True,,641.775,False,,642.504
scarlet-street-013-crop,test,scarlet-street,heldout,noir,crop,10.0,1657.025,False,False,,1912.225,False,,1912.225,False,,1911.803
scarlet-street-013-letterbox,test,scarlet-street,heldout,noir,letterbox,10.0,1657.025,False,False,,641.775,False,,641.775,False,,2284.123
scarlet-street-013-mirror,test,scarlet-street,heldout,noir,mirror,10.0,1657.025,False,True,,646.275,False,,646.275,False,,647.007
scarlet-street-013-color,test,scarlet-street,heldout,noir,color,10.0,1657.025,False,True,,356.275,False,,356.275,False,,356.521
scarlet-street-013-overlay,test,scarlet-street,heldout,noir,overlay,10.0,1657.025,False,False,,2930.725,False,,2930.725,False,,2931.141
scarlet-street-013-speed,test,scarlet-street,heldout,noir,speed,10.0,1657.025,False,True,,645.275,False,,645.275,False,,645.187
scarlet-street-013-screen_recording,test,scarlet-street,heldout,noir,screen_recording,10.0,1657.025,False,False,,2496.225,False,,2496.225,False,,386.878
scarlet-street-014-original,val,scarlet-street,heldout,noir,original,3.0,1730.464,False,False,,566.214,False,,566.214,False,,1337.536
scarlet-street-014-compression,val,scarlet-street,heldout,noir,compression,3.0,1730.464,False,False,,1337.786,False,,1337.786,False,,1337.709
scarlet-street-014-downscale,val,scarlet-street,heldout,noir,downscale,3.0,1730.464,False,False,,1820.786,False,,1820.786,False,,1774.858
scarlet-street-014-crop,val,scarlet-street,heldout,noir,crop,3.0,1730.464,False,False,,1920.286,False,,1920.286,False,,1920.371
scarlet-street-014-letterbox,val,scarlet-street,heldout,noir,letterbox,3.0,1730.464,False,False,,2855.786,False,,2855.786,False,,1775.178
scarlet-street-014-mirror,val,scarlet-street,heldout,noir,mirror,3.0,1730.464,False,False,,1337.286,False,,1337.286,False,,1337.389
scarlet-street-014-color,val,scarlet-street,heldout,noir,color,3.0,1730.464,False,False,,1820.786,False,,1820.786,False,,566.294
scarlet-street-014-overlay,val,scarlet-street,heldout,noir,overlay,3.0,1730.464,False,False,,2856.286,False,,2856.286,False,,2856.192
scarlet-street-014-speed,val,scarlet-street,heldout,noir,speed,3.0,1730.464,False,False,,565.714,False,,565.714,False,,1774.538
scarlet-street-014-screen_recording,val,scarlet-street,heldout,noir,screen_recording,3.0,1730.464,False,False,,1773.786,False,,1773.786,False,,1708.359
scarlet-street-015-original,test,scarlet-street,heldout,noir,original,3.0,1834.85,False,False,,3375.4,False,,3375.4,False,,3375.297
scarlet-street-015-compression,test,scarlet-street,heldout,noir,compression,3.0,1834.85,False,False,,3375.4,False,,3375.4,False,,3374.796
scarlet-street-015-downscale,test,scarlet-street,heldout,noir,downscale,3.0,1834.85,False,False,,3375.4,False,,3375.4,False,,3374.796
scarlet-street-015-crop,test,scarlet-street,heldout,noir,crop,3.0,1834.85,False,False,,658.6,False,,658.6,False,,658.699
scarlet-street-015-letterbox,test,scarlet-street,heldout,noir,letterbox,3.0,1834.85,False,False,,1668.4,False,,1668.4,False,,1352.168
scarlet-street-015-mirror,test,scarlet-street,heldout,noir,mirror,3.0,1834.85,False,False,,3375.4,False,,3375.4,False,,3375.297
scarlet-street-015-color,test,scarlet-street,heldout,noir,color,3.0,1834.85,False,False,,650.1,False,,650.1,False,,3375.657
scarlet-street-015-overlay,test,scarlet-street,heldout,noir,overlay,3.0,1834.85,False,False,,1563.1,False,,1563.1,False,,1352.309
scarlet-street-015-speed,test,scarlet-street,heldout,noir,speed,3.0,1834.85,False,False,,3375.4,False,,3375.4,False,,3375.476
scarlet-street-015-screen_recording,test,scarlet-street,heldout,noir,screen_recording,3.0,1834.85,False,False,,1352.4,False,,1352.4,False,,1352.488
scarlet-street-016-original,test,scarlet-street,heldout,noir,original,3.0,1929.767,False,False,,3077.483,False,,3077.483,False,,2060.394
scarlet-street-016-compression,test,scarlet-street,heldout,noir,compression,3.0,1929.767,False,False,,2059.983,False,,2059.983,False,,2059.893
scarlet-street-016-downscale,test,scarlet-street,heldout,noir,downscale,3.0,1929.767,False,False,,2059.983,False,,2059.983,False,,2060.074
scarlet-street-016-crop,test,scarlet-street,heldout,noir,crop,3.0,1929.767,False,False,,1036.483,False,,1036.483,False,,144.881
scarlet-street-016-letterbox,test,scarlet-street,heldout,noir,letterbox,3.0,1929.767,False,False,,932.017,False,,932.017,False,,2061.394
scarlet-street-016-mirror,test,scarlet-street,heldout,noir,mirror,3.0,1929.767,False,False,,2805.983,False,,2805.983,False,,2059.072
scarlet-street-016-color,test,scarlet-street,heldout,noir,color,3.0,1929.767,False,False,,2858.983,False,,2858.983,False,,2060.074
scarlet-street-016-overlay,test,scarlet-street,heldout,noir,overlay,3.0,1929.767,False,False,,853.483,False,,853.483,False,,853.388
scarlet-street-016-speed,test,scarlet-street,heldout,noir,speed,3.0,1929.767,False,False,,1362.483,False,,1362.483,False,,2061.074
scarlet-street-016-screen_recording,test,scarlet-street,heldout,noir,screen_recording,3.0,1929.767,False,False,,2060.983,False,,2060.983,False,,2060.893
scarlet-street-017-original,test,scarlet-street,heldout,noir,original,10.0,1943.224,False,False,,2045.526,False,,2045.526,False,,1317.697
scarlet-street-017-compression,test,scarlet-street,heldout,noir,compression,10.0,1943.224,False,False,,896.526,False,,896.526,False,,896.425
scarlet-street-017-downscale,test,scarlet-street,heldout,noir,downscale,10.0,1943.224,False,False,,894.526,False,,894.526,False,,1317.697
scarlet-street-017-crop,test,scarlet-street,heldout,noir,crop,10.0,1943.224,False,False,,2045.526,False,,2045.526,False,,2045.295
scarlet-street-017-letterbox,test,scarlet-street,heldout,noir,letterbox,10.0,1943.224,False,False,,1779.974,False,,1779.974,False,,1998.924
scarlet-street-017-mirror,test,scarlet-street,heldout,noir,mirror,10.0,1943.224,False,False,,893.526,False,,893.526,False,,893.602
scarlet-street-017-color,test,scarlet-street,heldout,noir,color,10.0,1943.224,False,False,,2039.526,False,,2039.526,False,,1317.697
scarlet-street-017-overlay,test,scarlet-street,heldout,noir,overlay,10.0,1943.224,False,False,,832.026,False,,832.026,False,,832.111
scarlet-street-017-speed,test,scarlet-street,heldout,noir,speed,10.0,1943.224,False,False,,2040.526,False,,2040.526,False,,1317.697
scarlet-street-017-screen_recording,test,scarlet-street,heldout,noir,screen_recording,10.0,1943.224,False,False,,896.526,False,,896.526,False,,896.28
scarlet-street-018-original,test,scarlet-street,heldout,noir,original,3.0,2067.258,False,False,,735.492,False,,735.492,False,,7.89
scarlet-street-018-compression,test,scarlet-street,heldout,noir,compression,3.0,2067.258,False,False,,1037.492,False,,1037.492,False,,735.565
scarlet-street-018-downscale,test,scarlet-street,heldout,noir,downscale,3.0,2067.258,False,False,,6.992,False,,6.992,False,,7.89
scarlet-street-018-crop,test,scarlet-street,heldout,noir,crop,3.0,2067.258,False,False,,6.992,False,,6.992,False,,28.592
scarlet-street-018-letterbox,test,scarlet-street,heldout,noir,letterbox,3.0,2067.258,False,False,,30.992,False,,30.992,False,,7.57
scarlet-street-018-mirror,test,scarlet-street,heldout,noir,mirror,3.0,2067.258,False,False,,2463.992,False,,2463.992,False,,7.39
scarlet-street-018-color,test,scarlet-street,heldout,noir,color,3.0,2067.258,False,False,,735.492,False,,735.492,False,,7.75
scarlet-street-018-overlay,test,scarlet-street,heldout,noir,overlay,3.0,2067.258,False,False,,105.008,False,,105.008,False,,1246.574
scarlet-street-018-speed,test,scarlet-street,heldout,noir,speed,3.0,2067.258,False,False,,2463.992,False,,2463.992,False,,8.07
scarlet-street-018-screen_recording,test,scarlet-street,heldout,noir,screen_recording,3.0,2067.258,False,False,,6.992,False,,6.992,False,,7.068
scarlet-street-019-original,val,scarlet-street,heldout,noir,original,3.0,2113.157,False,False,,1637.093,False,,1637.093,False,,420.515
scarlet-street-019-compression,val,scarlet-street,heldout,noir,compression,3.0,2113.157,False,False,,1636.593,False,,1636.593,False,,1636.997
scarlet-street-019-downscale,val,scarlet-street,heldout,noir,downscale,3.0,2113.157,False,False,,998.093,False,,998.093,False,,420.515
scarlet-street-019-crop,val,scarlet-street,heldout,noir,crop,3.0,2113.157,False,False,,2124.593,False,,2124.593,False,,2123.984
scarlet-street-019-letterbox,val,scarlet-street,heldout,noir,letterbox,3.0,2113.157,False,False,,2123.593,False,,2123.593,False,,2123.664
scarlet-street-019-mirror,val,scarlet-street,heldout,noir,mirror,3.0,2113.157,False,False,,1637.093,False,,1637.093,False,,420.696
scarlet-street-019-color,val,scarlet-street,heldout,noir,color,3.0,2113.157,False,False,,1359.907,False,,1359.907,False,,1360.154
scarlet-street-019-overlay,val,scarlet-street,heldout,noir,overlay,3.0,2113.157,False,False,,1602.907,False,,1602.907,False,,119.692
scarlet-street-019-speed,val,scarlet-street,heldout,noir,speed,3.0,2113.157,False,False,,347.407,False,,347.407,False,,1602.506
scarlet-street-019-screen_recording,val,scarlet-street,heldout,noir,screen_recording,3.0,2113.157,False,False,,991.593,False,,991.593,False,,1636.677
scarlet-street-020-original,val,scarlet-street,heldout,noir,original,3.0,2254.869,False,False,,1901.381,False,,1901.381,False,,1736.292
scarlet-street-020-compression,val,scarlet-street,heldout,noir,compression,3.0,2254.869,False,False,,612.881,False,,612.881,False,,1739.795
scarlet-street-020-downscale,val,scarlet-street,heldout,noir,downscale,3.0,2254.869,False,False,,7.881,False,,7.881,False,,1736.292
scarlet-street-020-crop,val,scarlet-street,heldout,noir,crop,3.0,2254.869,False,False,,2632.381,False,,2632.381,False,,2632.789
scarlet-street-020-letterbox,val,scarlet-street,heldout,noir,letterbox,3.0,2254.869,False,False,,1737.381,False,,1737.381,False,,1736.293
scarlet-street-020-mirror,val,scarlet-street,heldout,noir,mirror,3.0,2254.869,False,False,,1730.381,False,,1730.381,False,,1736.292
scarlet-street-020-color,val,scarlet-street,heldout,noir,color,3.0,2254.869,False,False,,1736.881,False,,1736.881,False,,1736.292
scarlet-street-020-overlay,val,scarlet-street,heldout,noir,overlay,3.0,2254.869,False,False,,527.881,False,,527.881,False,,2738.794
scarlet-street-020-speed,val,scarlet-street,heldout,noir,speed,3.0,2254.869,False,False,,1736.881,False,,1736.881,False,,1736.652
scarlet-street-020-screen_recording,val,scarlet-street,heldout,noir,screen_recording,3.0,2254.869,False,False,,256.881,False,,256.881,False,,1739.155
scarlet-street-021-original,val,scarlet-street,heldout,noir,original,3.0,2317.978,False,False,,1867.772,False,,1867.772,False,,1751.375
scarlet-street-021-compression,val,scarlet-street,heldout,noir,compression,3.0,2317.978,False,False,,2121.272,False,,2121.272,False,,953.808
scarlet-street-021-downscale,val,scarlet-street,heldout,noir,downscale,3.0,2317.978,False,False,,953.728,False,,953.728,False,,953.308
scarlet-street-021-crop,val,scarlet-street,heldout,noir,crop,3.0,2317.978,False,False,,1764.272,False,,1764.272,False,,953.948
scarlet-street-021-letterbox,val,scarlet-street,heldout,noir,letterbox,3.0,2317.978,False,False,,952.728,False,,952.728,False,,953.308
scarlet-street-021-mirror,val,scarlet-street,heldout,noir,mirror,3.0,2317.978,False,False,,1758.272,False,,1758.272,False,,878.972
scarlet-street-021-color,val,scarlet-street,heldout,noir,color,3.0,2317.978,False,False,,878.728,False,,878.728,False,,1751.055
scarlet-street-021-overlay,val,scarlet-street,heldout,noir,overlay,3.0,2317.978,False,False,,953.228,False,,953.228,False,,953.807
scarlet-street-021-speed,val,scarlet-street,heldout,noir,speed,3.0,2317.978,False,False,,3074.272,False,,3074.272,False,,1898.857
scarlet-street-021-screen_recording,val,scarlet-street,heldout,noir,screen_recording,3.0,2317.978,False,False,,879.728,False,,879.728,False,,879.334
scarlet-street-022-original,val,scarlet-street,heldout,noir,original,3.0,2383.817,False,False,,720.433,False,,720.433,False,,721.006
scarlet-street-022-compression,val,scarlet-street,heldout,noir,compression,3.0,2383.817,False,False,,721.933,False,,721.933,False,,719.826
scarlet-street-022-downscale,val,scarlet-street,heldout,noir,downscale,3.0,2383.817,False,False,,719.933,False,,719.933,False,,721.006
scarlet-street-022-crop,val,scarlet-street,heldout,noir,crop,3.0,2383.817,False,False,,1833.933,False,,1833.933,False,,1834.018
scarlet-street-022-letterbox,val,scarlet-street,heldout,noir,letterbox,3.0,2383.817,False,False,,1856.433,False,,1856.433,False,,721.006
scarlet-street-022-mirror,val,scarlet-street,heldout,noir,mirror,3.0,2383.817,False,False,,440.067,False,,440.067,False,,721.187
scarlet-street-022-color,val,scarlet-street,heldout,noir,color,3.0,2383.817,False,False,,722.433,False,,722.433,False,,722.326
scarlet-street-022-overlay,val,scarlet-street,heldout,noir,overlay,3.0,2383.817,False,False,,722.433,False,,722.433,False,,722.186
scarlet-street-022-speed,val,scarlet-street,heldout,noir,speed,3.0,2383.817,False,False,,720.433,False,,720.433,False,,720.186
scarlet-street-022-screen_recording,val,scarlet-street,heldout,noir,screen_recording,3.0,2383.817,False,False,,721.433,False,,721.433,False,,722.187
scarlet-street-023-original,val,scarlet-street,heldout,noir,original,3.0,2453.341,False,False,,1941.591,False,,1941.591,False,,653.162
scarlet-street-023-compression,val,scarlet-street,heldout,noir,compression,3.0,2453.341,False,False,,1941.591,False,,1941.591,False,,1941.83
scarlet-street-023-downscale,val,scarlet-street,heldout,noir,downscale,3.0,2453.341,False,False,,653.409,False,,653.409,False,,1941.69
scarlet-street-023-crop,val,scarlet-street,heldout,noir,crop,3.0,2453.341,False,False,,389.909,False,,389.909,False,,389.667
scarlet-street-023-letterbox,val,scarlet-street,heldout,noir,letterbox,3.0,2453.341,False,False,,450.909,False,,450.909,False,,90.988
scarlet-street-023-mirror,val,scarlet-street,heldout,noir,mirror,3.0,2453.341,False,False,,450.909,False,,450.909,False,,1941.83
scarlet-street-023-color,val,scarlet-street,heldout,noir,color,3.0,2453.341,False,False,,450.909,False,,450.909,False,,450.661
scarlet-street-023-overlay,val,scarlet-street,heldout,noir,overlay,3.0,2453.341,False,False,,652.409,False,,652.409,False,,652.162
scarlet-street-023-speed,val,scarlet-street,heldout,noir,speed,3.0,2453.341,False,False,,1941.591,False,,1941.591,False,,1941.828
scarlet-street-023-screen_recording,val,scarlet-street,heldout,noir,screen_recording,3.0,2453.341,False,False,,1785.909,False,,1785.909,False,,1179.51
scarlet-street-024-original,test,scarlet-street,heldout,noir,original,5.0,2535.556,False,False,,1116.806,False,,1116.806,False,,1116.717
scarlet-street-024-compression,test,scarlet-street,heldout,noir,compression,5.0,2535.556,False,False,,740.806,False,,740.806,False,,735.414
scarlet-street-024-downscale,test,scarlet-street,heldout,noir,downscale,5.0,2535.556,False,False,,1445.694,False,,1445.694,False,,1445.959
scarlet-street-024-crop,test,scarlet-street,heldout,noir,crop,5.0,2535.556,False,False,,735.806,False,,735.806,False,,683.717
scarlet-street-024-letterbox,test,scarlet-street,heldout,noir,letterbox,5.0,2535.556,False,False,,429.306,False,,429.306,False,,429.551
scarlet-street-024-mirror,test,scarlet-street,heldout,noir,mirror,5.0,2535.556,False,False,,1475.194,False,,1475.194,False,,1475.273
scarlet-street-024-color,test,scarlet-street,heldout,noir,color,5.0,2535.556,False,False,,1116.806,False,,1116.806,False,,1116.717
scarlet-street-024-overlay,test,scarlet-street,heldout,noir,overlay,5.0,2535.556,False,False,,2456.194,False,,2456.194,False,,2455.608
scarlet-street-024-speed,test,scarlet-street,heldout,noir,speed,5.0,2535.556,False,False,,1116.306,False,,1116.306,False,,1116.395
scarlet-street-024-screen_recording,test,scarlet-street,heldout,noir,screen_recording,5.0,2535.556,False,False,,1336.694,False,,1336.694,False,,741.028
scarlet-street-025-original,val,scarlet-street,heldout,noir,original,5.0,2632.368,False,False,,1404.882,False,,1404.882,False,,1405.274
scarlet-street-025-compression,val,scarlet-street,heldout,noir,compression,5.0,2632.368,False,False,,1636.618,False,,1636.618,False,,1349.284
scarlet-street-025-downscale,val,scarlet-street,heldout,noir,downscale,5.0,2632.368,False,False,,1350.882,False,,1350.882,False,,1405.276
scarlet-street-025-crop,val,scarlet-street,heldout,noir,crop,5.0,2632.368,False,False,,1012.618,False,,1012.618,False,,632.161
scarlet-street-025-letterbox,val,scarlet-street,heldout,noir,letterbox,5.0,2632.368,False,False,,1349.882,False,,1349.882,False,,1350.467
scarlet-street-025-mirror,val,scarlet-street,heldout,noir,mirror,5.0,2632.368,False,False,,1404.882,False,,1404.882,False,,1404.634
scarlet-street-025-color,val,scarlet-street,heldout,noir,color,5.0,2632.368,False,False,,1403.882,False,,1403.882,False,,1405.274
scarlet-street-025-overlay,val,scarlet-street,heldout,noir,overlay,5.0,2632.368,False,False,,151.882,False,,151.882,False,,149.967
scarlet-street-025-speed,val,scarlet-street,heldout,noir,speed,5.0,2632.368,False,False,,1404.882,False,,1404.882,False,,1405.274
scarlet-street-025-screen_recording,val,scarlet-street,heldout,noir,screen_recording,5.0,2632.368,False,False,,1349.882,False,,1349.882,False,,1349.965
scarlet-street-026-original,val,scarlet-street,heldout,noir,original,3.0,2747.845,False,False,,1789.905,False,,1789.905,False,,1789.976
scarlet-street-026-compression,val,scarlet-street,heldout,noir,compression,3.0,2747.845,False,False,,1749.595,False,,1749.595,False,,1749.494
scarlet-street-026-downscale,val,scarlet-street,heldout,noir,downscale,3.0,2747.845,False,False,,1789.905,False,,1789.905,False,,1789.977
scarlet-street-026-crop,val,scarlet-street,heldout,noir,crop,3.0,2747.845,False,False,,1187.405,False,,1187.405,False,,2091.68
scarlet-street-026-letterbox,val,scarlet-street,heldout,noir,letterbox,3.0,2747.845,False,False,,2596.595,False,,2596.595,False,,2597.186
scarlet-street-026-mirror,val,scarlet-street,heldout,noir,mirror,3.0,2747.845,False,False,,2181.095,False,,2181.095,False,,2180.522
scarlet-street-026-color,val,scarlet-street,heldout,noir,color,3.0,2747.845,False,False,,2570.405,False,,2570.405,False,,2570.81
scarlet-street-026-overlay,val,scarlet-street,heldout,noir,overlay,3.0,2747.845,False,False,,1127.405,False,,1127.405,False,,1983.824
scarlet-street-026-speed,val,scarlet-street,heldout,noir,speed,3.0,2747.845,False,False,,1790.905,False,,1790.905,False,,1790.656
scarlet-street-026-screen_recording,val,scarlet-street,heldout,noir,screen_recording,3.0,2747.845,False,False,,944.095,False,,944.095,False,,1749.174
scarlet-street-027-original,val,scarlet-street,heldout,noir,original,5.0,2824.232,False,False,,2332.482,False,,2332.482,False,,2332.707
scarlet-street-027-compression,val,scarlet-street,heldout,noir,compression,5.0,2824.232,False,False,,2331.982,False,,2331.982,False,,2332.567
scarlet-street-027-downscale,val,scarlet-street,heldout,noir,downscale,5.0,2824.232,False,False,,2330.982,False,,2330.982,False,,2332.563
scarlet-street-027-crop,val,scarlet-street,heldout,noir,crop,5.0,2824.232,False,False,,2163.982,False,,2163.982,False,,2163.565
scarlet-street-027-letterbox,val,scarlet-street,heldout,noir,letterbox,5.0,2824.232,False,False,,2332.482,False,,2332.482,False,,2332.387
scarlet-street-027-mirror,val,scarlet-street,heldout,noir,mirror,5.0,2824.232,False,False,,2334.982,False,,2334.982,False,,2334.885
scarlet-street-027-color,val,scarlet-street,heldout,noir,color,5.0,2824.232,False,False,,2331.982,False,,2331.982,False,,2332.563
scarlet-street-027-overlay,val,scarlet-street,heldout,noir,overlay,5.0,2824.232,False,False,,2333.482,False,,2333.482,False,,2335.067
scarlet-street-027-speed,val,scarlet-street,heldout,noir,speed,5.0,2824.232,False,False,,2331.982,False,,2331.982,False,,2332.707
scarlet-street-027-screen_recording,val,scarlet-street,heldout,noir,screen_recording,5.0,2824.232,False,False,,2331.982,False,,2331.982,False,,2332.565
scarlet-street-028-original,val,scarlet-street,heldout,noir,original,3.0,2947.46,False,False,,1656.29,False,,1656.29,False,,1080.387
scarlet-street-028-compression,val,scarlet-street,heldout,noir,compression,3.0,2947.46,False,False,,1184.71,False,,1184.71,False,,1134.627
scarlet-street-028-downscale,val,scarlet-street,heldout,noir,downscale,3.0,2947.46,False,False,,1525.71,False,,1525.71,False,,1525.797
scarlet-street-028-crop,val,scarlet-street,heldout,noir,crop,3.0,2947.46,False,False,,836.21,False,,836.21,True,,836.31
scarlet-street-028-letterbox,val,scarlet-street,heldout,noir,letterbox,3.0,2947.46,False,False,,1038.29,False,,1038.29,False,,1081.387
scarlet-street-028-mirror,val,scarlet-street,heldout,noir,mirror,3.0,2947.46,False,True,,1037.29,False,,1037.29,False,,1037.377
scarlet-street-028-color,val,scarlet-street,heldout,noir,color,3.0,2947.46,False,True,,1108.29,False,,1108.29,False,,1088.541
scarlet-street-028-overlay,val,scarlet-street,heldout,noir,overlay,3.0,2947.46,False,False,,1777.79,False,,1777.79,False,,1185.613
scarlet-street-028-speed,val,scarlet-street,heldout,noir,speed,3.0,2947.46,False,True,,1089.29,False,,1089.29,False,,1080.205
scarlet-street-028-screen_recording,val,scarlet-street,heldout,noir,screen_recording,3.0,2947.46,False,False,,1078.79,False,,1078.79,False,,490.863
scarlet-street-029-original,val,scarlet-street,heldout,noir,original,10.0,2966.803,False,False,,2901.553,False,,2901.553,False,,2904.772
scarlet-street-029-compression,val,scarlet-street,heldout,noir,compression,10.0,2966.803,False,False,,2899.553,False,,2899.553,False,,2905.272
scarlet-street-029-downscale,val,scarlet-street,heldout,noir,downscale,10.0,2966.803,False,False,,2898.553,False,,2898.553,False,,2898.799
scarlet-street-029-crop,val,scarlet-street,heldout,noir,crop,10.0,2966.803,False,False,,2900.553,False,,2900.553,False,,2900.658
scarlet-street-029-letterbox,val,scarlet-street,heldout,noir,letterbox,10.0,2966.803,False,False,,1622.553,False,,1622.553,False,,2899.658
scarlet-street-029-mirror,val,scarlet-street,heldout,noir,mirror,10.0,2966.803,False,False,,2902.053,False,,2902.053,False,,2901.978
scarlet-street-029-color,val,scarlet-street,heldout,noir,color,10.0,2966.803,False,False,,1341.947,False,,1341.947,False,,2900.799
scarlet-street-029-overlay,val,scarlet-street,heldout,noir,overlay,10.0,2966.803,False,False,,869.947,False,,869.947,False,,1046.215
scarlet-street-029-speed,val,scarlet-street,heldout,noir,speed,10.0,2966.803,False,False,,2897.553,False,,2897.553,False,,216.144
scarlet-street-029-screen_recording,val,scarlet-street,heldout,noir,screen_recording,10.0,2966.803,False,False,,1192.053,False,,1192.053,False,,2899.798
scarlet-street-030-original,val,scarlet-street,heldout,noir,original,5.0,3109.19,False,False,,582.44,False,,582.44,False,,582.523
scarlet-street-030-compression,val,scarlet-street,heldout,noir,compression,5.0,3109.19,False,False,,456.94,False,,456.94,False,,508.548
scarlet-street-030-downscale,val,scarlet-street,heldout,noir,downscale,5.0,3109.19,False,False,,582.44,False,,582.44,False,,582.842
scarlet-street-030-crop,val,scarlet-street,heldout,noir,crop,5.0,3109.19,False,False,,840.94,False,,840.94,False,,841.046
scarlet-street-030-letterbox,val,scarlet-street,heldout,noir,letterbox,5.0,3109.19,False,False,,2805.94,False,,2805.94,False,,2806.045
scarlet-street-030-mirror,val,scarlet-street,heldout,noir,mirror,5.0,3109.19,False,False,,582.44,False,,582.44,False,,583.346
scarlet-street-030-color,val,scarlet-street,heldout,noir,color,5.0,3109.19,False,True,,581.94,True,,581.94,True,,582.665
scarlet-street-030-overlay,val,scarlet-street,heldout,noir,overlay,5.0,3109.19,False,False,,1071.06,False,,1071.06,False,,1070.819
scarlet-street-030-speed,val,scarlet-street,heldout,noir,speed,5.0,3109.19,False,False,,581.94,False,,581.94,False,,581.842
scarlet-street-030-screen_recording,val,scarlet-street,heldout,noir,screen_recording,5.0,3109.19,False,False,,881.56,False,,881.56,False,,880.972
scarlet-street-031-original,test,scarlet-street,heldout,noir,original,5.0,3196.264,False,False,,901.486,False,,901.486,False,,901.266
scarlet-street-031-compression,test,scarlet-street,heldout,noir,compression,5.0,3196.264,False,False,,845.986,False,,845.986,False,,1131.094
scarlet-street-031-downscale,test,scarlet-street,heldout,noir,downscale,5.0,3196.264,False,False,,2528.014,False,,2528.014,False,,2527.94
scarlet-street-031-crop,test,scarlet-street,heldout,noir,crop,5.0,3196.264,False,False,,1131.514,False,,1131.514,False,,3132.624
scarlet-street-031-letterbox,test,scarlet-street,heldout,noir,letterbox,5.0,3196.264,False,False,,2317.014,False,,2317.014,False,,2755.616
scarlet-street-031-mirror,test,scarlet-street,heldout,noir,mirror,5.0,3196.264,False,False,,2527.514,False,,2527.514,False,,2527.759
scarlet-street-031-color,test,scarlet-street,heldout,noir,color,5.0,3196.264,False,False,,1208.986,False,,1208.986,False,,2527.439
scarlet-street-031-overlay,test,scarlet-street,heldout,noir,overlay,5.0,3196.264,False,False,,2526.514,False,,2526.514,False,,3059.761
scarlet-street-031-speed,test,scarlet-street,heldout,noir,speed,5.0,3196.264,False,False,,902.486,False,,902.486,False,,902.587
scarlet-street-031-screen_recording,test,scarlet-street,heldout,noir,screen_recording,5.0,3196.264,False,False,,1092.014,False,,1092.014,False,,1091.76
scarlet-street-032-original,test,scarlet-street,heldout,noir,original,3.0,3245.849,False,True,,1049.901,True,,1049.901,False,,785.18
scarlet-street-032-compression,test,scarlet-street,heldout,noir,compression,3.0,3245.849,False,True,,903.401,False,,903.401,False,,903.484
scarlet-street-032-downscale,test,scarlet-street,heldout,noir,downscale,3.0,3245.849,False,True,,1049.901,True,,1049.901,False,,2072.665
scarlet-street-032-crop,test,scarlet-street,heldout,noir,crop,3.0,3245.849,False,False,,718.901,False,,718.901,False,,718.999
scarlet-street-032-letterbox,test,scarlet-street,heldout,noir,letterbox,3.0,3245.849,False,False,,786.401,False,,786.401,False,,785.82
scarlet-street-032-mirror,test,scarlet-street,heldout,noir,mirror,3.0,3245.849,False,True,,1049.901,True,,1049.901,False,,1051.5
scarlet-street-032-color,test,scarlet-street,heldout,noir,color,3.0,3245.849,False,True,,785.401,True,,785.401,False,,785.18
scarlet-street-032-overlay,test,scarlet-street,heldout,noir,overlay,3.0,3245.849,False,False,,1748.401,False,,1748.401,False,,1287.503
scarlet-street-032-speed,test,scarlet-street,heldout,noir,speed,3.0,3245.849,False,True,,1342.901,True,,1342.901,False,,1049.998
scarlet-street-032-screen_recording,test,scarlet-street,heldout,noir,screen_recording,3.0,3245.849,False,False,,791.901,False,,791.901,False,,791.651
scarlet-street-033-original,val,scarlet-street,heldout,noir,original,5.0,3376.023,False,False,,236.227,False,,236.227,False,,235.987
scarlet-street-033-compression,val,scarlet-street,heldout,noir,compression,5.0,3376.023,False,False,,245.727,False,,245.727,False,,245.816
scarlet-street-033-downscale,val,scarlet-street,heldout,noir,downscale,5.0,3376.023,False,False,,1084.273,False,,1084.273,False,,3228.869
scarlet-street-033-crop,val,scarlet-street,heldout,noir,crop,5.0,3376.023,False,False,,235.727,False,,235.727,False,,235.625
scarlet-street-033-letterbox,val,scarlet-street,heldout,noir,letterbox,5.0,3376.023,False,False,,248.227,False,,248.227,False,,247.998
scarlet-street-033-mirror,val,scarlet-street,heldout,noir,mirror,5.0,3376.023,False,False,,235.727,False,,235.727,False,,235.806
scarlet-street-033-color,val,scarlet-street,heldout,noir,color,5.0,3376.023,False,False,,1615.773,False,,1615.773,False,,3305.378
scarlet-street-033-overlay,val,scarlet-street,heldout,noir,overlay,5.0,3376.023,False,False,,643.727,False,,643.727,False,,643.814
scarlet-street-033-speed,val,scarlet-street,heldout,noir,speed,5.0,3376.023,False,False,,235.727,False,,235.727,False,,235.486
scarlet-street-033-screen_recording,val,scarlet-street,heldout,noir,screen_recording,5.0,3376.023,False,False,,247.227,False,,247.227,False,,244.138
scarlet-street-034-original,test,scarlet-street,heldout,noir,original,10.0,3439.339,False,False,,2026.911,False,,2026.911,False,,547.183
scarlet-street-034-compression,test,scarlet-street,heldout,noir,compression,10.0,3439.339,False,False,,842.089,False,,842.089,False,,841.838
scarlet-street-034-downscale,test,scarlet-street,heldout,noir,downscale,10.0,3439.339,False,False,,1291.411,False,,1291.411,False,,818.187
scarlet-street-034-crop,test,scarlet-street,heldout,noir,crop,10.0,3439.339,False,False,,662.089,False,,662.089,False,,219.173
scarlet-street-034-letterbox,test,scarlet-street,heldout,noir,letterbox,10.0,3439.339,False,False,,682.589,False,,682.589,False,,683.169
scarlet-street-034-mirror,test,scarlet-street,heldout,noir,mirror,10.0,3439.339,False,False,,129.089,False,,129.089,False,,546.184
scarlet-street-034-color,test,scarlet-street,heldout,noir,color,10.0,3439.339,False,False,,501.911,False,,501.911,False,,501.809
scarlet-street-034-overlay,test,scarlet-street,heldout,noir,overlay,10.0,3439.339,False,False,,662.089,False,,662.089,False,,662.004
scarlet-street-034-speed,test,scarlet-street,heldout,noir,speed,10.0,3439.339,False,False,,1292.411,False,,1292.411,False,,548.001
scarlet-street-034-screen_recording,test,scarlet-street,heldout,noir,screen_recording,10.0,3439.339,False,True,,683.589,True,,683.589,False,,682.811
scarlet-street-035-original,test,scarlet-street,heldout,noir,original,3.0,3489.309,False,False,,773.441,False,,773.441,True,,774.038
scarlet-street-035-compression,test,scarlet-street,heldout,noir,compression,3.0,3489.309,False,False,,775.441,False,,775.441,True,,775.539
scarlet-street-035-downscale,test,scarlet-street,heldout,noir,downscale,3.0,3489.309,False,False,,773.441,False,,773.441,True,,774.038
scarlet-street-035-crop,test,scarlet-street,heldout,noir,crop,3.0,3489.309,False,False,,829.559,False,,829.559,False,,829.284
scarlet-street-035-letterbox,test,scarlet-street,heldout,noir,letterbox,3.0,3489.309,False,False,,774.941,False,,774.941,True,,774.357
scarlet-street-035-mirror,test,scarlet-street,heldout,noir,mirror,3.0,3489.309,False,False,,774.941,False,,774.941,True,,775.358
scarlet-street-035-color,test,scarlet-street,heldout,noir,color,3.0,3489.309,False,True,,930.059,True,,930.059,True,,930.286
scarlet-street-035-overlay,test,scarlet-street,heldout,noir,overlay,3.0,3489.309,False,False,,779.941,False,,779.941,False,,200.468
scarlet-street-035-speed,test,scarlet-street,heldout,noir,speed,3.0,3489.309,False,False,,774.441,False,,774.441,True,,774.718
scarlet-street-035-screen_recording,test,scarlet-street,heldout,noir,screen_recording,3.0,3489.309,False,True,,773.441,True,,773.441,True,,774.539
scarlet-street-036-original,test,scarlet-street,heldout,noir,original,3.0,3578.603,False,True,,1386.853,False,,1386.853,False,,1165.271
scarlet-street-036-compression,test,scarlet-street,heldout,noir,compression,3.0,3578.603,False,False,,1388.353,False,,1388.353,False,,1388.94
scarlet-street-036-downscale,test,scarlet-street,heldout,noir,downscale,3.0,3578.603,False,True,,1389.853,True,,1389.853,False,,1389.762
scarlet-street-036-crop,test,scarlet-street,heldout,noir,crop,3.0,3578.603,False,False,,2522.353,False,,2522.353,False,,1151.576
scarlet-street-036-letterbox,test,scarlet-street,heldout,noir,letterbox,3.0,3578.603,False,True,,1140.353,False,,1140.353,False,,1140.6
scarlet-street-036-mirror,test,scarlet-street,heldout,noir,mirror,3.0,3578.603,False,False,,1391.353,False,,1391.353,False,,1391.442
scarlet-street-036-color,test,scarlet-street,heldout,noir,color,3.0,3578.603,False,False,,1389.853,False,,1389.853,False,,1390.082
scarlet-street-036-overlay,test,scarlet-street,heldout,noir,overlay,3.0,3578.603,False,False,,795.853,False,,795.853,False,,695.447
scarlet-street-036-speed,test,scarlet-street,heldout,noir,speed,3.0,3578.603,False,False,,1387.353,False,,1387.353,False,,1387.26
scarlet-street-036-screen_recording,test,scarlet-street,heldout,noir,screen_recording,3.0,3578.603,False,True,,2600.853,False,,2600.853,False,,1389.762
scarlet-street-037-original,val,scarlet-street,heldout,noir,original,5.0,3689.663,False,True,,1614.587,True,,1614.587,False,,1614.658
scarlet-street-037-compression,val,scarlet-street,heldout,noir,compression,5.0,3689.663,False,False,,1628.087,False,,1628.087,False,,1627.173
scarlet-street-037-downscale,val,scarlet-street,heldout,noir,downscale,5.0,3689.663,False,True,,112.913,True,,112.913,False,,113.155
scarlet-street-037-crop,val,scarlet-street,heldout,noir,crop,5.0,3689.663,False,True,,126.913,True,,126.913,False,,124.313
scarlet-street-037-letterbox,val,scarlet-street,heldout,noir,letterbox,5.0,3689.663,False,False,,1224.413,False,,1224.413,False,,1224.634
scarlet-street-037-mirror,val,scarlet-street,heldout,noir,mirror,5.0,3689.663,False,True,,1614.587,True,,1614.587,False,,1615.981
scarlet-street-037-color,val,scarlet-street,heldout,noir,color,5.0,3689.663,False,True,,1614.587,True,,1614.587,False,,1616.162
scarlet-street-037-overlay,val,scarlet-street,heldout,noir,overlay,5.0,3689.663,False,False,,126.913,False,,126.913,False,,126.314
scarlet-street-037-speed,val,scarlet-street,heldout,noir,speed,5.0,3689.663,False,True,,1614.587,True,,1614.587,False,,1614.661
scarlet-street-037-screen_recording,val,scarlet-street,heldout,noir,screen_recording,5.0,3689.663,False,False,,1225.413,False,,1225.413,False,,1227.993
scarlet-street-038-original,test,scarlet-street,heldout,noir,original,3.0,3772.273,False,True,,1525.477,False,,1525.477,False,,1525.254
scarlet-street-038-compression,test,scarlet-street,heldout,noir,compression,3.0,3772.273,False,False,,1698.023,False,,1698.023,False,,1701.27
scarlet-street-038-downscale,test,scarlet-street,heldout,noir,downscale,3.0,3772.273,False,False,,105.977,False,,105.977,False,,1525.754
scarlet-street-038-crop,test,scarlet-street,heldout,noir,crop,3.0,3772.273,False,True,,268.523,False,,268.523,False,,268.631
scarlet-street-038-letterbox,test,scarlet-street,heldout,noir,letterbox,3.0,3772.273,False,False,,1784.023,False,,1784.023,False,,1784.254
scarlet-street-038-mirror,test,scarlet-street,heldout,noir,mirror,3.0,3772.273,False,True,,1533.977,False,,1533.977,False,,1546.561
scarlet-street-038-color,test,scarlet-street,heldout,noir,color,3.0,3772.273,False,False,,1533.477,False,,1533.477,False,,1533.227
scarlet-street-038-overlay,test,scarlet-street,heldout,noir,overlay,3.0,3772.273,False,False,,267.523,False,,267.523,False,,266.13
scarlet-street-038-speed,test,scarlet-street,heldout,noir,speed,3.0,3772.273,False,True,,1533.477,False,,1533.477,False,,1545.381
scarlet-street-038-screen_recording,test,scarlet-street,heldout,noir,screen_recording,3.0,3772.273,False,False,,47.023,False,,47.023,False,,1307.924
scarlet-street-039-original,test,scarlet-street,heldout,noir,original,10.0,3860.191,False,True,,1432.059,True,,1432.059,False,,1431.658
scarlet-street-039-compression,test,scarlet-street,heldout,noir,compression,10.0,3860.191,False,False,,3083.941,False,,3083.941,False,,3084.355
scarlet-street-039-downscale,test,scarlet-street,heldout,noir,downscale,10.0,3860.191,False,False,,420.059,False,,420.059,False,,1431.155
scarlet-street-039-crop,test,scarlet-street,heldout,noir,crop,10.0,3860.191,False,False,,3139.941,False,,3139.941,False,,3139.846
scarlet-street-039-letterbox,test,scarlet-street,heldout,noir,letterbox,10.0,3860.191,False,False,,1396.941,False,,1396.941,False,,1397.839
scarlet-street-039-mirror,test,scarlet-street,heldout,noir,mirror,10.0,3860.191,False,True,,1431.059,True,,1431.059,False,,1431.154
scarlet-street-039-color,test,scarlet-street,heldout,noir,color,10.0,3860.191,False,True,,419.559,True,,419.559,False,,1431.338
scarlet-street-039-overlay,test,scarlet-street,heldout,noir,overlay,10.0,3860.191,False,False,,3415.441,False,,3415.441,False,,3417.176
scarlet-street-039-speed,test,scarlet-street,heldout,noir,speed,10.0,3860.191,False,True,,421.059,True,,421.059,False,,420.822
scarlet-street-039-screen_recording,test,scarlet-street,heldout,noir,screen_recording,10.0,3860.191,False,False,,1397.941,False,,1397.941,False,,1399.162
scarlet-street-040-original,test,scarlet-street,heldout,noir,original,5.0,3938.426,False,False,,3428.176,False,,3428.176,False,,1394.917
scarlet-street-040-compression,test,scarlet-street,heldout,noir,compression,5.0,3938.426,False,False,,299.824,False,,299.824,False,,299.216
scarlet-street-040-downscale,test,scarlet-street,heldout,noir,downscale,5.0,3938.426,False,False,,299.824,False,,299.824,False,,1394.597
scarlet-street-040-crop,test,scarlet-street,heldout,noir,crop,5.0,3938.426,False,False,,1674.176,False,,1674.176,False,,1673.756
scarlet-street-040-letterbox,test,scarlet-street,heldout,noir,letterbox,5.0,3938.426,False,False,,299.324,False,,299.324,False,,3427.095
scarlet-street-040-mirror,test,scarlet-street,heldout,noir,mirror,5.0,3938.426,False,False,,3428.176,False,,3428.176,False,,3426.775
scarlet-street-040-color,test,scarlet-street,heldout,noir,color,5.0,3938.426,False,False,,251.676,False,,251.676,False,,204.253
scarlet-street-040-overlay,test,scarlet-street,heldout,noir,overlay,5.0,3938.426,False,False,,3428.176,False,,3428.176,False,,219.588
scarlet-street-040-speed,test,scarlet-street,heldout,noir,speed,5.0,3938.426,False,False,,3426.676,False,,3426.676,False,,3426.913
scarlet-street-040-screen_recording,test,scarlet-street,heldout,noir,screen_recording,5.0,3938.426,False,False,,2488.676,False,,2488.676,False,,2488.769
scarlet-street-041-original,val,scarlet-street,heldout,noir,original,5.0,4007.296,False,False,,3888.046,False,,3888.046,False,,3890.277
scarlet-street-041-compression,val,scarlet-street,heldout,noir,compression,5.0,4007.296,False,False,,462.546,False,,462.546,False,,462.784
scarlet-street-041-downscale,val,scarlet-street,heldout,noir,downscale,5.0,4007.296,False,False,,3888.046,False,,3888.046,False,,3887.634
scarlet-street-041-crop,val,scarlet-street,heldout,noir,crop,5.0,4007.296,False,False,,3019.546,False,,3019.546,False,,3019.774
scarlet-street-041-letterbox,val,scarlet-street,heldout,noir,letterbox,5.0,4007.296,False,False,,1996.046,False,,1996.046,False,,1995.964
scarlet-street-041-mirror,val,scarlet-street,heldout,noir,mirror,5.0,4007.296,False,False,,3888.046,False,,3888.046,False,,3888.134
scarlet-street-041-color,val,scarlet-street,heldout,noir,color,5.0,4007.296,False,False,,3889.046,False,,3889.046,False,,3889.274
scarlet-street-041-overlay,val,scarlet-street,heldout,noir,overlay,5.0,4007.296,False,False,,1994.046,False,,1994.046,False,,1993.643
scarlet-street-041-speed,val,scarlet-street,heldout,noir,speed,5.0,4007.296,False,False,,3888.046,False,,3888.046,False,,3887.776
scarlet-street-041-screen_recording,val,scarlet-street,heldout,noir,screen_recording,5.0,4007.296,False,False,,1975.546,False,,1975.546,False,,1975.445
scarlet-street-042-original,test,scarlet-street,heldout,noir,original,3.0,4077.164,False,False,,335.086,False,,335.086,False,,87.323
scarlet-street-042-compression,test,scarlet-street,heldout,noir,compression,3.0,4077.164,False,False,,133.914,False,,133.914,False,,134.156
scarlet-street-042-downscale,test,scarlet-street,heldout,noir,downscale,3.0,4077.164,False,False,,87.414,False,,87.414,False,,87.642
scarlet-street-042-crop,test,scarlet-street,heldout,noir,crop,3.0,4077.164,False,False,,335.586,False,,335.586,False,,335.847
scarlet-street-042-letterbox,test,scarlet-street,heldout,noir,letterbox,3.0,4077.164,False,False,,133.414,False,,133.414,False,,133.836
scarlet-street-042-mirror,test,scarlet-street,heldout,noir,mirror,3.0,4077.164,False,False,,336.586,False,,336.586,False,,336.167
scarlet-street-042-color,test,scarlet-street,heldout,noir,color,3.0,4077.164,False,False,,1048.914,False,,1048.914,False,,87.323
scarlet-street-042-overlay,test,scarlet-street,heldout,noir,overlay,3.0,4077.164,False,False,,2961.414,False,,2961.414,False,,1328.01
scarlet-street-042-speed,test,scarlet-street,heldout,noir,speed,3.0,4077.164,False,False,,86.414,False,,86.414,False,,87.002
scarlet-street-042-screen_recording,test,scarlet-street,heldout,noir,screen_recording,3.0,4077.164,False,False,,1617.414,False,,1617.414,False,,2850.816
scarlet-street-043-original,test,scarlet-street,heldout,noir,original,10.0,4169.545,False,False,,442.295,False,,442.295,False,,442.513
scarlet-street-043-compression,test,scarlet-street,heldout,noir,compression,10.0,4169.545,False,False,,2595.795,False,,2595.795,False,,446.517
scarlet-street-043-downscale,test,scarlet-street,heldout,noir,downscale,10.0,4169.545,False,False,,440.795,False,,440.795,False,,447.202
scarlet-street-043-crop,test,scarlet-street,heldout,noir,crop,10.0,4169.545,False,False,,442.795,False,,442.795,False,,442.513
scarlet-street-043-letterbox,test,scarlet-street,heldout,noir,letterbox,10.0,4169.545,False,False,,2595.795,False,,2595.795,False,,1469.401
scarlet-street-043-mirror,test,scarlet-street,heldout,noir,mirror,10.0,4169.545,False,False,,438.795,False,,438.795,False,,439.517
scarlet-street-043-color,test,scarlet-street,heldout,noir,color,10.0,4169.545,False,False,,447.295,False,,447.295,False,,446.38
scarlet-street-043-overlay,test,scarlet-street,heldout,noir,overlay,10.0,4169.545,False,False,,298.295,False,,298.295,False,,298.22
scarlet-street-043-speed,test,scarlet-street,heldout,noir,speed,10.0,4169.545,False,False,,445.295,False,,445.295,False,,442.012
scarlet-street-043-screen_recording,test,scarlet-street,heldout,noir,screen_recording,10.0,4169.545,False,False,,523.795,False,,523.795,False,,483.709
scarlet-street-044-original,test,scarlet-street,heldout,noir,original,5.0,4243.264,False,False,,1065.986,False,,1065.986,False,,1065.88
scarlet-street-044-compression,test,scarlet-street,heldout,noir,compression,5.0,4243.264,False,False,,260.014,False,,260.014,False,,8.411
scarlet-street-044-downscale,test,scarlet-street,heldout,noir,downscale,5.0,4243.264,False,False,,207.014,False,,207.014,False,,243.414
scarlet-street-044-crop,test,scarlet-street,heldout,noir,crop,5.0,4243.264,False,False,,1065.486,False,,1065.486,False,,1065.881
scarlet-street-044-letterbox,test,scarlet-street,heldout,noir,letterbox,5.0,4243.264,False,False,,207.014,False,,207.014,False,,412.092
scarlet-street-044-mirror,test,scarlet-street,heldout,noir,mirror,5.0,4243.264,False,False,,1065.486,False,,1065.486,False,,1065.56
scarlet-street-044-color,test,scarlet-street,heldout,noir,color,5.0,4243.264,False,False,,1077.486,False,,1077.486,False,,205.263
scarlet-street-044-overlay,test,scarlet-street,heldout,noir,overlay,5.0,4243.264,False,False,,2847.514,False,,2847.514,False,,2847.415
scarlet-street-044-speed,test,scarlet-street,heldout,noir,speed,5.0,4243.264,False,False,,1065.486,False,,1065.486,False,,1065.88
scarlet-street-044-screen_recording,test,scarlet-street,heldout,noir,screen_recording,5.0,4243.264,False,False,,1375.014,False,,1375.014,False,,1375.121
scarlet-street-045-original,val,scarlet-street,heldout,noir,original,10.0,4322.49,False,False,,716.74,False,,716.74,False,,3351.337
scarlet-street-045-compression,val,scarlet-street,heldout,noir,compression,10.0,4322.49,False,False,,90.24,False,,90.24,False,,89.848
scarlet-street-045-downscale,val,scarlet-street,heldout,noir,downscale,10.0,4322.49,False,False,,3351.74,False,,3351.74,False,,553.66
scarlet-street-045-crop,val,scarlet-street,heldout,noir,crop,10.0,4322.49,False,False,,3351.74,False,,3351.74,False,,3351.478
scarlet-street-045-letterbox,val,scarlet-street,heldout,noir,letterbox,10.0,4322.49,False,False,,92.24,False,,92.24,False,,89.667
scarlet-street-045-mirror,val,scarlet-street,heldout,noir,mirror,10.0,4322.49,False,False,,3350.74,False,,3350.74,False,,3351.479
scarlet-street-045-color,val,scarlet-street,heldout,noir,color,10.0,4322.49,False,False,,3350.74,False,,3350.74,False,,3350.978
scarlet-street-045-overlay,val,scarlet-street,heldout,noir,overlay,10.0,4322.49,False,False,,1893.24,False,,1893.24,False,,4244.975
scarlet-street-045-speed,val,scarlet-street,heldout,noir,speed,10.0,4322.49,False,False,,3349.74,False,,3349.74,False,,3349.657
scarlet-street-045-screen_recording,val,scarlet-street,heldout,noir,screen_recording,10.0,4322.49,False,False,,2646.24,False,,2646.24,False,,2646.153
scarlet-street-046-original,test,scarlet-street,heldout,noir,original,3.0,4428.633,False,False,,3883.883,False,,3883.883,False,,3884.12
scarlet-street-046-compression,test,scarlet-street,heldout,noir,compression,3.0,4428.633,False,False,,2770.383,False,,2770.383,False,,2775.112
scarlet-street-046-downscale,test,scarlet-street,heldout,noir,downscale,3.0,4428.633,False,False,,2492.883,False,,2492.883,False,,2492.81
scarlet-street-046-crop,test,scarlet-street,heldout,noir,crop,3.0,4428.633,False,False,,2157.883,False,,2157.883,False,,2157.49
scarlet-street-046-letterbox,test,scarlet-street,heldout,noir,letterbox,3.0,4428.633,False,False,,2454.383,False,,2454.383,False,,2454.307
scarlet-street-046-mirror,test,scarlet-street,heldout,noir,mirror,3.0,4428.633,False,False,,3883.883,False,,3883.883,False,,3883.62
scarlet-street-046-color,test,scarlet-street,heldout,noir,color,3.0,4428.633,False,False,,4359.883,False,,4359.883,False,,2602.786
scarlet-street-046-overlay,test,scarlet-street,heldout,noir,overlay,3.0,4428.633,False,False,,249.383,False,,249.383,False,,249.983
scarlet-street-046-speed,test,scarlet-street,heldout,noir,speed,3.0,4428.633,False,False,,3882.383,False,,3882.383,False,,2059.811
scarlet-street-046-screen_recording,test,scarlet-street,heldout,noir,screen_recording,3.0,4428.633,False,False,,1317.383,False,,1317.383,False,,1317.123
scarlet-street-047-original,val,scarlet-street,heldout,noir,original,3.0,4534.448,False,False,,1914.198,False,,1914.198,False,,1876.424
scarlet-street-047-compression,val,scarlet-street,heldout,noir,compression,3.0,4534.448,False,False,,2975.198,False,,2975.198,False,,2975.103
scarlet-street-047-downscale,val,scarlet-street,heldout,noir,downscale,3.0,4534.448,False,False,,1349.198,False,,1349.198,False,,1876.924
scarlet-street-047-crop,val,scarlet-street,heldout,noir,crop,3.0,4534.448,False,False,,2261.198,False,,2261.198,False,,2261.121
scarlet-street-047-letterbox,val,scarlet-street,heldout,noir,letterbox,3.0,4534.448,False,False,,1348.198,False,,1348.198,False,,1348.11
scarlet-street-047-mirror,val,scarlet-street,heldout,noir,mirror,3.0,4534.448,False,False,,1570.698,False,,1570.698,False,,1569.098
scarlet-street-047-color,val,scarlet-street,heldout,noir,color,3.0,4534.448,False,False,,1957.198,False,,1957.198,False,,1876.784
scarlet-street-047-overlay,val,scarlet-street,heldout,noir,overlay,3.0,4534.448,False,False,,3706.698,False,,3706.698,False,,3706.419
scarlet-street-047-speed,val,scarlet-street,heldout,noir,speed,3.0,4534.448,False,False,,1349.198,False,,1349.198,False,,1876.103
scarlet-street-047-screen_recording,val,scarlet-street,heldout,noir,screen_recording,3.0,4534.448,False,False,,2961.698,False,,2961.698,False,,2973.42
scarlet-street-048-original,test,scarlet-street,heldout,noir,original,3.0,4588.994,False,False,,985.244,False,,985.244,False,,4475.16
scarlet-street-048-compression,test,scarlet-street,heldout,noir,compression,3.0,4588.994,False,False,,1010.744,False,,1010.744,False,,2513.347
scarlet-street-048-downscale,test,scarlet-street,heldout,noir,downscale,3.0,4588.994,False,False,,2015.744,False,,2015.744,False,,4474.479
scarlet-street-048-crop,test,scarlet-street,heldout,noir,crop,3.0,4588.994,False,False,,345.756,False,,345.756,False,,346.176
scarlet-street-048-letterbox,test,scarlet-street,heldout,noir,letterbox,3.0,4588.994,False,False,,4230.744,False,,4230.744,False,,4434.973
scarlet-street-048-mirror,test,scarlet-street,heldout,noir,mirror,3.0,4588.994,False,False,,4323.744,False,,4323.744,True,,4475.16
scarlet-street-048-color,test,scarlet-street,heldout,noir,color,3.0,4588.994,False,False,,2006.744,False,,2006.744,False,,4475.339
scarlet-street-048-overlay,test,scarlet-street,heldout,noir,overlay,3.0,4588.994,False,False,,2686.744,False,,2686.744,False,,3358.464
scarlet-street-048-speed,test,scarlet-street,heldout,noir,speed,3.0,4588.994,False,False,,2727.744,False,,2727.744,False,,4474.84
scarlet-street-048-screen_recording,test,scarlet-street,heldout,noir,screen_recording,3.0,4588.994,False,False,,4325.244,False,,4325.244,False,,4475.16
scarlet-street-049-original,val,scarlet-street,heldout,noir,original,5.0,4704.647,False,False,,322.397,False,,322.397,False,,290.817
scarlet-street-049-compression,val,scarlet-street,heldout,noir,compression,5.0,4704.647,False,False,,1222.397,False,,1222.397,False,,1219.627
scarlet-street-049-downscale,val,scarlet-street,heldout,noir,downscale,5.0,4704.647,False,True,,1221.897,False,,1221.897,False,,1203.476
scarlet-street-049-crop,val,scarlet-street,heldout,noir,crop,5.0,4704.647,False,False,,2044.397,False,,2044.397,False,,2291.634
scarlet-street-049-letterbox,val,scarlet-street,heldout,noir,letterbox,5.0,4704.647,False,False,,3825.897,False,,3825.897,False,,3829.315
scarlet-street-049-mirror,val,scarlet-street,heldout,noir,mirror,5.0,4704.647,False,True,,1220.897,False,,1220.897,False,,1221.129
scarlet-street-049-color,val,scarlet-street,heldout,noir,color,5.0,4704.647,False,True,,3220.397,False,,3220.397,False,,3221.308
scarlet-street-049-overlay,val,scarlet-street,heldout,noir,overlay,5.0,4704.647,False,False,,1430.897,False,,1430.897,False,,1431.501
scarlet-street-049-speed,val,scarlet-street,heldout,noir,speed,5.0,4704.647,False,True,,1222.397,False,,1222.397,False,,1222.492
scarlet-street-049-screen_recording,val,scarlet-street,heldout,noir,screen_recording,5.0,4704.647,False,False,,2424.897,False,,2424.897,False,,2424.313
scarlet-street-050-original,val,scarlet-street,heldout,noir,original,10.0,4805.493,False,False,,626.243,False,,626.243,False,,2103.49
scarlet-street-050-compression,val,scarlet-street,heldout,noir,compression,10.0,4805.493,False,False,,829.257,False,,829.257,False,,829.541
scarlet-street-050-downscale,val,scarlet-street,heldout,noir,downscale,10.0,4805.493,False,False,,3128.243,False,,3128.243,False,,3127.975
scarlet-street-050-crop,val,scarlet-street,heldout,noir,crop,10.0,4805.493,False,False,,363.757,False,,363.757,False,,246.834
scarlet-street-050-letterbox,val,scarlet-street,heldout,noir,letterbox,10.0,4805.493,False,False,,975.243,False,,975.243,False,,971.85
scarlet-street-050-mirror,val,scarlet-street,heldout,noir,mirror,10.0,4805.493,False,False,,2099.743,False,,2099.743,False,,2103.85
scarlet-street-050-color,val,scarlet-street,heldout,noir,color,10.0,4805.493,False,False,,433.257,False,,433.257,False,,433.042
scarlet-street-050-overlay,val,scarlet-street,heldout,noir,overlay,10.0,4805.493,False,False,,3128.243,False,,3128.243,False,,3130.66
scarlet-street-050-speed,val,scarlet-street,heldout,noir,speed,10.0,4805.493,False,False,,2097.743,False,,2097.743,False,,3127.66
scarlet-street-050-screen_recording,val,scarlet-street,heldout,noir,screen_recording,10.0,4805.493,False,False,,603.243,False,,603.243,False,,3122.658
scarlet-street-051-original,val,scarlet-street,heldout,noir,original,3.0,4842.616,False,False,,998.866,False,,998.866,False,,999.469
scarlet-street-051-compression,val,scarlet-street,heldout,noir,compression,3.0,4842.616,False,False,,1049.366,False,,1049.366,False,,1050.272
scarlet-street-051-downscale,val,scarlet-street,heldout,noir,downscale,3.0,4842.616,False,False,,1050.366,False,,1050.366,False,,1037.792
scarlet-street-051-crop,val,scarlet-street,heldout,noir,crop,3.0,4842.616,False,False,,998.866,False,,998.866,False,,999.789
scarlet-street-051-letterbox,val,scarlet-street,heldout,noir,letterbox,3.0,4842.616,False,True,,998.866,True,,998.866,False,,1012.767
scarlet-street-051-mirror,val,scarlet-street,heldout,noir,mirror,3.0,4842.616,False,False,,1050.366,False,,1050.366,False,,1050.272
scarlet-street-051-color,val,scarlet-street,heldout,noir,color,3.0,4842.616,False,False,,1000.366,False,,1000.366,False,,1015.27
scarlet-street-051-overlay,val,scarlet-street,heldout,noir,overlay,3.0,4842.616,False,False,,3399.866,False,,3399.866,False,,3481.267
scarlet-street-051-speed,val,scarlet-street,heldout,noir,speed,3.0,4842.616,False,False,,999.366,False,,999.366,False,,999.469
scarlet-street-051-screen_recording,val,scarlet-street,heldout,noir,screen_recording,3.0,4842.616,False,False,,1011.866,False,,1011.866,False,,1012.086
scarlet-street-052-original,test,scarlet-street,heldout,noir,original,5.0,4936.345,False,False,,35.405,False,,35.405,False,,34.975
scarlet-street-052-compression,test,scarlet-street,heldout,noir,compression,5.0,4936.345,False,False,,4026.095,False,,4026.095,False,,4026.333
scarlet-street-052-downscale,test,scarlet-street,heldout,noir,downscale,5.0,4936.345,False,False,,2096.595,False,,2096.595,False,,34.975
scarlet-street-052-crop,test,scarlet-street,heldout,noir,crop,5.0,4936.345,False,False,,273.405,False,,273.405,False,,3921.511
scarlet-street-052-letterbox,test,scarlet-street,heldout,noir,letterbox,5.0,4936.345,False,False,,4824.595,False,,4824.595,False,,4824.83
scarlet-street-052-mirror,test,scarlet-street,heldout,noir,mirror,5.0,4936.345,False,False,,1479.595,False,,1479.595,False,,34.975
scarlet-street-052-color,test,scarlet-street,heldout,noir,color,5.0,4936.345,False,False,,34.905,False,,34.905,False,,34.655
scarlet-street-052-overlay,test,scarlet-street,heldout,noir,overlay,5.0,4936.345,False,False,,4823.595,False,,4823.595,False,,4823.509
scarlet-street-052-speed,test,scarlet-street,heldout,noir,speed,5.0,4936.345,False,False,,2169.095,False,,2169.095,False,,2169.022
scarlet-street-052-screen_recording,test,scarlet-street,heldout,noir,screen_recording,5.0,4936.345,False,False,,4796.595,False,,4796.595,False,,4796.694
scarlet-street-053-original,val,scarlet-street,heldout,noir,original,10.0,5026.287,False,False,,2318.037,False,,2318.037,False,,2028.641
scarlet-street-053-compression,val,scarlet-street,heldout,noir,compression,10.0,5026.287,False,False,,2702.037,False,,2702.037,False,,2702.623
scarlet-street-053-downscale,val,scarlet-street,heldout,noir,downscale,10.0,5026.287,False,False,,1330.537,False,,1330.537,False,,1330.439
scarlet-street-053-crop,val,scarlet-street,heldout,noir,crop,10.0,5026.287,False,False,,2318.537,False,,2318.537,False,,1330.26
scarlet-street-053-letterbox,val,scarlet-street,heldout,noir,letterbox,10.0,5026.287,False,False,,3233.537,False,,3233.537,False,,3233.258
scarlet-street-053-mirror,val,scarlet-street,heldout,noir,mirror,10.0,5026.287,False,False,,1973.537,False,,1973.537,False,,2027.961
scarlet-street-053-color,val,scarlet-street,heldout,noir,color,10.0,5026.287,False,False,,2318.037,False,,2318.037,False,,2028.641
scarlet-street-053-overlay,val,scarlet-street,heldout,noir,overlay,10.0,5026.287,False,False,,2701.537,False,,2701.537,False,,2701.94
scarlet-street-053-speed,val,scarlet-street,heldout,noir,speed,10.0,5026.287,False,False,,1330.037,False,,1330.037,False,,2027.961
scarlet-street-053-screen_recording,val,scarlet-street,heldout,noir,screen_recording,10.0,5026.287,False,False,,2494.037,False,,2494.037,False,,4491.279
scarlet-street-054-original,val,scarlet-street,heldout,noir,original,5.0,5140.849,False,False,,2312.599,False,,2312.599,False,,2009.029
scarlet-street-054-compression,val,scarlet-street,heldout,noir,compression,5.0,5140.849,False,False,,2347.099,False,,2347.099,False,,2320.69
scarlet-street-054-downscale,val,scarlet-street,heldout,noir,downscale,5.0,5140.849,False,False,,2346.099,False,,2346.099,False,,2345.679
scarlet-street-054-crop,val,scarlet-street,heldout,noir,crop,5.0,5140.849,False,False,,2314.099,False,,2314.099,False,,2314.501
scarlet-street-054-letterbox,val,scarlet-street,heldout,noir,letterbox,5.0,5140.849,False,False,,1297.099,False,,1297.099,False,,1297.522
scarlet-street-054-mirror,val,scarlet-street,heldout,noir,mirror,5.0,5140.849,False,False,,2346.099,False,,2346.099,False,,2313.181
scarlet-street-054-color,val,scarlet-street,heldout,noir,color,5.0,5140.849,False,False,,3785.599,False,,3785.599,False,,3785.524
scarlet-street-054-overlay,val,scarlet-street,heldout,noir,overlay,5.0,5140.849,False,False,,3671.099,False,,3671.099,False,,3671.203
scarlet-street-054-speed,val,scarlet-street,heldout,noir,speed,5.0,5140.849,False,False,,2345.099,False,,2345.099,False,,2345.319
scarlet-street-054-screen_recording,val,scarlet-street,heldout,noir,screen_recording,5.0,5140.849,False,False,,3670.599,False,,3670.599,False,,3671.523
scarlet-street-055-original,test,scarlet-street,heldout,noir,original,5.0,5191.437,False,False,,337.187,False,,337.187,False,,193.256
scarlet-street-055-compression,test,scarlet-street,heldout,noir,compression,5.0,5191.437,False,False,,2488.187,False,,2488.187,False,,5051.403
scarlet-street-055-downscale,test,scarlet-street,heldout,noir,downscale,5.0,5191.437,False,False,,4598.187,False,,4598.187,False,,5051.583
scarlet-street-055-crop,test,scarlet-street,heldout,noir,crop,5.0,5191.437,False,False,,338.187,False,,338.187,False,,1360.906
scarlet-street-055-letterbox,test,scarlet-street,heldout,noir,letterbox,5.0,5191.437,False,True,,1352.187,True,,1352.187,False,,1352.435
scarlet-street-055-mirror,test,scarlet-street,heldout,noir,mirror,5.0,5191.437,False,False,,196.187,False,,196.187,False,,195.756
scarlet-street-055-color,test,scarlet-street,heldout,noir,color,5.0,5191.437,False,False,,4086.187,False,,4086.187,False,,469.418
scarlet-street-055-overlay,test,scarlet-street,heldout,noir,overlay,5.0,5191.437,False,False,,1360.687,False,,1360.687,False,,2883.931
scarlet-street-055-speed,test,scarlet-street,heldout,noir,speed,5.0,5191.437,False,False,,340.187,False,,340.187,False,,1360.587
scarlet-street-055-screen_recording,test,scarlet-street,heldout,noir,screen_recording,5.0,5191.437,False,False,,1384.187,False,,1384.187,False,,1360.266
scarlet-street-056-original,val,scarlet-street,heldout,noir,original,5.0,5273.112,False,True,,2615.362,False,,2615.362,False,,2615.767
scarlet-street-056-compression,val,scarlet-street,heldout,noir,compression,5.0,5273.112,False,False,,2565.862,False,,2565.862,False,,2565.284
scarlet-street-056-downscale,val,scarlet-street,heldout,noir,downscale,5.0,5273.112,False,True,,2615.362,False,,2615.362,False,,2615.588
scarlet-street-056-crop,val,scarlet-street,heldout,noir,crop,5.0,5273.112,False,False,,2614.862,False,,2614.862,False,,2614.949
scarlet-street-056-letterbox,val,scarlet-street,heldout,noir,letterbox,5.0,5273.112,False,False,,2616.362,False,,2616.362,False,,2564.282
scarlet-street-056-mirror,val,scarlet-street,heldout,noir,mirror,5.0,5273.112,False,False,,2615.362,False,,2615.362,False,,2615.588
scarlet-street-056-color,val,scarlet-street,heldout,noir,color,5.0,5273.112,False,False,,2615.362,False,,2615.362,False,,2615.59
scarlet-street-056-overlay,val,scarlet-street,heldout,noir,overlay,5.0,5273.112,False,False,,1075.862,False,,1075.862,False,,2617.27
scarlet-street-056-speed,val,scarlet-street,heldout,noir,speed,5.0,5273.112,False,False,,2615.362,False,,2615.362,False,,2617.951
scarlet-street-056-screen_recording,val,scarlet-street,heldout,noir,screen_recording,5.0,5273.112,False,False,,2564.362,False,,2564.362,False,,2565.103
scarlet-street-057-original,val,scarlet-street,heldout,noir,original,10.0,5350.611,False,False,,372.861,False,,372.861,False,,375.458
scarlet-street-057-compression,val,scarlet-street,heldout,noir,compression,10.0,5350.611,False,False,,3538.861,False,,3538.861,False,,5281.966
scarlet-street-057-downscale,val,scarlet-street,heldout,noir,downscale,10.0,5350.611,False,False,,372.861,False,,372.861,False,,372.958
scarlet-street-057-crop,val,scarlet-street,heldout,noir,crop,10.0,5350.611,False,False,,1680.861,False,,1680.861,False,,1679.608
scarlet-street-057-letterbox,val,scarlet-street,heldout,noir,letterbox,10.0,5350.611,False,False,,3669.861,False,,3669.861,False,,3670.096
scarlet-street-057-mirror,val,scarlet-street,heldout,noir,mirror,10.0,5350.611,False,False,,375.861,False,,375.861,False,,375.779
scarlet-street-057-color,val,scarlet-street,heldout,noir,color,10.0,5350.611,False,False,,1087.361,False,,1087.361,False,,374.098
scarlet-street-057-overlay,val,scarlet-street,heldout,noir,overlay,10.0,5350.611,False,False,,2571.361,False,,2571.361,False,,1176.601
scarlet-street-057-speed,val,scarlet-street,heldout,noir,speed,10.0,5350.611,False,False,,374.861,False,,374.861,False,,373.778
scarlet-street-057-screen_recording,val,scarlet-street,heldout,noir,screen_recording,10.0,5350.611,False,False,,2572.361,False,,2572.361,False,,2482.291
scarlet-street-058-original,val,scarlet-street,heldout,noir,original,3.0,5455.65,False,False,,4337.9,False,,4337.9,False,,373.318
scarlet-street-058-compression,val,scarlet-street,heldout,noir,compression,3.0,5455.65,False,False,,4338.4,False,,4338.4,False,,4338.632
scarlet-street-058-downscale,val,scarlet-street,heldout,noir,downscale,3.0,5455.65,False,False,,4337.9,False,,4337.9,False,,4337.992
scarlet-street-058-crop,val,scarlet-street,heldout,noir,crop,3.0,5455.65,False,False,,3542.4,False,,3542.4,False,,3542.317
scarlet-street-058-letterbox,val,scarlet-street,heldout,noir,letterbox,3.0,5455.65,False,False,,5280.4,False,,5280.4,False,,1221.799
scarlet-street-058-mirror,val,scarlet-street,heldout,noir,mirror,3.0,5455.65,False,False,,4338.4,False,,4338.4,False,,373.497
scarlet-street-058-color,val,scarlet-street,heldout,noir,color,3.0,5455.65,False,False,,4337.9,False,,4337.9,False,,4337.811
scarlet-street-058-overlay,val,scarlet-street,heldout,noir,overlay,3.0,5455.65,False,False,,367.9,False,,367.9,False,,366.491
scarlet-street-058-speed,val,scarlet-street,heldout,noir,speed,3.0,5455.65,False,False,,4337.4,False,,4337.4,False,,372.318
scarlet-street-058-screen_recording,val,scarlet-street,heldout,noir,screen_recording,3.0,5455.65,False,False,,3768.9,False,,3768.9,False,,3765.626
scarlet-street-059-original,test,scarlet-street,heldout,noir,original,10.0,5574.989,False,False,,2912.739,False,,2912.739,False,,3022.966
scarlet-street-059-compression,test,scarlet-street,heldout,noir,compression,10.0,5574.989,False,False,,2866.739,False,,2866.739,False,,2866.663
scarlet-street-059-downscale,test,scarlet-street,heldout,noir,downscale,10.0,5574.989,False,False,,2913.239,False,,2913.239,False,,2913.322
scarlet-street-059-crop,test,scarlet-street,heldout,noir,crop,10.0,5574.989,False,False,,2913.739,False,,2913.739,False,,2914.322
scarlet-street-059-letterbox,test,scarlet-street,heldout,noir,letterbox,10.0,5574.989,False,False,,2915.239,False,,2915.239,False,,1387.151
scarlet-street-059-mirror,test,scarlet-street,heldout,noir,mirror,10.0,5574.989,False,False,,3038.739,False,,3038.739,False,,3411.136
scarlet-street-059-color,test,scarlet-street,heldout,noir,color,10.0,5574.989,False,False,,2913.239,False,,2913.239,False,,3022.827
scarlet-street-059-overlay,test,scarlet-street,heldout,noir,overlay,10.0,5574.989,False,False,,1378.739,False,,1378.739,False,,1378.819
scarlet-street-059-speed,test,scarlet-street,heldout,noir,speed,10.0,5574.989,False,False,,2912.239,False,,2912.239,False,,2912.321
scarlet-street-059-screen_recording,test,scarlet-street,heldout,noir,screen_recording,10.0,5574.989,False,False,,1388.739,False,,1388.739,False,,1376.821
a-star-is-born-000-original,test,a-star-is-born,heldout,technicolor,original,10.0,548.702,False,False,,1902.548,False,,1902.548,False,,3309.653
a-star-is-born-000-compression,test,a-star-is-born,heldout,technicolor,compression,10.0,548.702,False,False,,1872.548,False,,1872.548,False,,1874.319
a-star-is-born-000-downscale,test,a-star-is-born,heldout,technicolor,downscale,10.0,548.702,False,False,,1873.048,False,,1873.048,False,,1875.486
a-star-is-born-000-crop,test,a-star-is-born,heldout,technicolor,crop,10.0,548.702,False,False,,1874.048,False,,1874.048,False,,4165.475
a-star-is-born-000-letterbox,test,a-star-is-born,heldout,technicolor,letterbox,10.0,548.702,False,False,,881.548,False,,881.548,False,,1877.322
a-star-is-born-000-mirror,test,a-star-is-born,heldout,technicolor,mirror,10.0,548.702,False,False,,3310.048,False,,3310.048,False,,3309.319
a-star-is-born-000-color,test,a-star-is-born,heldout,technicolor,color,10.0,548.702,False,False,,3689.548,False,,3689.548,False,,4165.809
a-star-is-born-000-overlay,test,a-star-is-born,heldout,technicolor,overlay,10.0,548.702,False,False,,1908.548,False,,1908.548,False,,1908.137
a-star-is-born-000-speed,test,a-star-is-born,heldout,technicolor,speed,10.0,548.702,False,False,,1874.548,False,,1874.548,False,,1874.485
a-star-is-born-000-screen_recording,test,a-star-is-born,heldout,technicolor,screen_recording,10.0,548.702,False,False,,1872.548,False,,1872.548,False,,515.369
a-star-is-born-001-original,val,a-star-is-born,heldout,technicolor,original,3.0,660.296,False,False,,1407.954,False,,1407.954,False,,1408.871
a-star-is-born-001-compression,val,a-star-is-born,heldout,technicolor,compression,3.0,660.296,False,False,,3191.954,False,,3191.954,False,,3192.386
a-star-is-born-001-downscale,val,a-star-is-born,heldout,technicolor,downscale,3.0,660.296,False,False,,1409.454,False,,1409.454,False,,1408.871
a-star-is-born-001-crop,val,a-star-is-born,heldout,technicolor,crop,3.0,660.296,False,False,,3651.454,False,,3651.454,False,,2340.871
a-star-is-born-001-letterbox,val,a-star-is-born,heldout,technicolor,letterbox,3.0,660.296,False,False,,3182.954,False,,3182.954,False,,3183.377
a-star-is-born-001-mirror,val,a-star-is-born,heldout,technicolor,mirror,3.0,660.296,False,False,,188.954,False,,188.954,False,,1473.232
a-star-is-born-001-color,val,a-star-is-born,heldout,technicolor,color,3.0,660.296,False,False,,1419.954,False,,1419.954,False,,3183.043
a-star-is-born-001-overlay,val,a-star-is-born,heldout,technicolor,overlay,3.0,660.296,False,False,,1396.954,False,,1396.954,False,,1396.559
a-star-is-born-001-speed,val,a-star-is-born,heldout,technicolor,speed,3.0,660.296,False,False,,1397.454,False,,1397.454,False,,1396.893
a-star-is-born-001-screen_recording,val,a-star-is-born,heldout,technicolor,screen_recording,3.0,660.296,False,False,,1407.954,False,,1407.954,False,,3183.377
a-star-is-born-002-original,val,a-star-is-born,heldout,technicolor,original,3.0,722.53,False,False,,684.28,False,,684.28,False,,684.192
a-star-is-born-002-compression,val,a-star-is-born,heldout,technicolor,compression,3.0,722.53,False,False,,3615.22,False,,3615.22,False,,684.859
a-star-is-born-002-downscale,val,a-star-is-born,heldout,technicolor,downscale,3.0,722.53,False,False,,686.28,False,,686.28,False,,682.857
a-star-is-born-002-crop,val,a-star-is-born,heldout,technicolor,crop,3.0,722.53,False,False,,683.28,False,,683.28,False,,684.192
a-star-is-born-002-letterbox,val,a-star-is-born,heldout,technicolor,letterbox,3.0,722.53,False,False,,661.78,False,,661.78,False,,661.669
a-star-is-born-002-mirror,val,a-star-is-born,heldout,technicolor,mirror,3.0,722.53,False,False,,126.72,False,,126.72,False,,2948.638
a-star-is-born-002-color,val,a-star-is-born,heldout,technicolor,color,3.0,722.53,False,False,,684.28,False,,684.28,False,,685.36
a-star-is-born-002-overlay,val,a-star-is-born,heldout,technicolor,overlay,3.0,722.53,False,False,,653.28,False,,653.28,False,,684.525
a-star-is-born-002-speed,val,a-star-is-born,heldout,technicolor,speed,3.0,722.53,False,False,,684.28,False,,684.28,False,,684.192
a-star-is-born-002-screen_recording,val,a-star-is-born,heldout,technicolor,screen_recording,3.0,722.53,False,False,,661.28,False,,661.28,False,,661.002
a-star-is-born-003-original,test,a-star-is-born,heldout,technicolor,original,3.0,841.611,False,False,,1107.639,False,,1107.639,False,,1112.074
a-star-is-born-003-compression,test,a-star-is-born,heldout,technicolor,compression,3.0,841.611,False,False,,1093.139,False,,1093.139,False,,1093.722
a-star-is-born-003-downscale,test,a-star-is-born,heldout,technicolor,downscale,3.0,841.611,False,False,,1093.139,False,,1093.139,False,,1093.222
a-star-is-born-003-crop,test,a-star-is-born,heldout,technicolor,crop,3.0,841.611,False,False,,4508.139,False,,4508.139,False,,4508.567
a-star-is-born-003-letterbox,test,a-star-is-born,heldout,technicolor,letterbox,3.0,841.611,False,False,,1527.139,False,,1527.139,False,,1527.389
a-star-is-born-003-mirror,test,a-star-is-born,heldout,technicolor,mirror,3.0,841.611,False,False,,1092.139,False,,1092.139,False,,1527.222
a-star-is-born-003-color,test,a-star-is-born,heldout,technicolor,color,3.0,841.611,False,False,,1815.139,False,,1815.139,False,,1815.243
a-star-is-born-003-overlay,test,a-star-is-born,heldout,technicolor,overlay,3.0,841.611,False,False,,1815.139,False,,1815.139,False,,1093.722
a-star-is-born-003-speed,test,a-star-is-born,heldout,technicolor,speed,3.0,841.611,False,False,,1111.639,False,,1111.639,False,,1094.056
a-star-is-born-003-screen_recording,test,a-star-is-born,heldout,technicolor,screen_recording,3.0,841.611,False,False,,1529.139,False,,1529.139,True,,1527.889
a-star-is-born-004-original,val,a-star-is-born,heldout,technicolor,original,3.0,931.184,False,False,,470.066,False,,470.066,False,,2796.507
a-star-is-born-004-compression,val,a-star-is-born,heldout,technicolor,compression,3.0,931.184,False,False,,2304.066,False,,2304.066,False,,1136.015
a-star-is-born-004-downscale,val,a-star-is-born,heldout,technicolor,downscale,3.0,931.184,False,False,,2784.566,False,,2784.566,False,,2784.662
a-star-is-born-004-crop,val,a-star-is-born,heldout,technicolor,crop,3.0,931.184,False,False,,3435.566,False,,3435.566,False,,1645.824
a-star-is-born-004-letterbox,val,a-star-is-born,heldout,technicolor,letterbox,3.0,931.184,False,False,,1179.566,False,,1179.566,False,,3905.181
a-star-is-born-004-mirror,val,a-star-is-born,heldout,technicolor,mirror,3.0,931.184,False,False,,467.066,False,,467.066,False,,2796.507
a-star-is-born-004-color,val,a-star-is-born,heldout,technicolor,color,3.0,931.184,False,False,,1134.566,False,,1134.566,False,,1135.014
a-star-is-born-004-overlay,val,a-star-is-born,heldout,technicolor,overlay,3.0,931.184,False,False,,4530.066,False,,4530.066,False,,4529.838
a-star-is-born-004-speed,val,a-star-is-born,heldout,technicolor,speed,3.0,931.184,False,False,,1133.566,False,,1133.566,False,,470.817
a-star-is-born-004-screen_recording,val,a-star-is-born,heldout,technicolor,screen_recording,3.0,931.184,False,False,,2975.566,False,,2975.566,False,,3904.18
a-star-is-born-005-original,val,a-star-is-born,heldout,technicolor,original,5.0,1062.523,False,False,,1753.227,False,,1753.227,False,,1753.323
a-star-is-born-005-compression,val,a-star-is-born,heldout,technicolor,compression,5.0,1062.523,False,False,,652.273,False,,652.273,False,,838.142
a-star-is-born-005-downscale,val,a-star-is-born,heldout,technicolor,downscale,5.0,1062.523,False,False,,654.273,False,,654.273,False,,656.017
a-star-is-born-005-crop,val,a-star-is-born,heldout,technicolor,crop,5.0,1062.523,False,False,,1751.227,False,,1751.227,False,,1751.488
a-star-is-born-005-letterbox,val,a-star-is-born,heldout,technicolor,letterbox,5.0,1062.523,False,False,,1450.727,False,,1450.727,False,,1753.657
a-star-is-born-005-mirror,val,a-star-is-born,heldout,technicolor,mirror,5.0,1062.523,False,False,,1754.227,False,,1754.227,False,,1752.99
a-star-is-born-005-color,val,a-star-is-born,heldout,technicolor,color,5.0,1062.523,False,False,,3902.227,False,,3902.227,False,,3902.322
a-star-is-born-005-overlay,val,a-star-is-born,heldout,technicolor,overlay,5.0,1062.523,False,False,,655.273,False,,655.273,False,,655.35
a-star-is-born-005-speed,val,a-star-is-born,heldout,technicolor,speed,5.0,1062.523,False,False,,656.273,False,,656.273,False,,656.184
a-star-is-born-005-screen_recording,val,a-star-is-born,heldout,technicolor,screen_recording,5.0,1062.523,False,False,,656.273,False,,656.273,False,,656.017
a-star-is-born-006-original,test,a-star-is-born,heldout,technicolor,original,5.0,1154.607,False,False,,3757.143,False,,3757.143,False,,3756.399
a-star-is-born-006-compression,test,a-star-is-born,heldout,technicolor,compression,5.0,1154.607,False,False,,3756.643,False,,3756.643,False,,3756.399
a-star-is-born-006-downscale,test,a-star-is-born,heldout,technicolor,downscale,5.0,1154.607,False,False,,2263.143,False,,2263.143,False,,3790.4
a-star-is-born-006-crop,test,a-star-is-born,heldout,technicolor,crop,5.0,1154.607,False,False,,2262.643,False,,2262.643,False,,2262.74
a-star-is-born-006-letterbox,test,a-star-is-born,heldout,technicolor,letterbox,5.0,1154.607,False,False,,1213.143,False,,1213.143,False,,1214.393
a-star-is-born-006-mirror,test,a-star-is-born,heldout,technicolor,mirror,5.0,1154.607,False,False,,2323.643,False,,2323.643,False,,2323.234
a-star-is-born-006-color,test,a-star-is-born,heldout,technicolor,color,5.0,1154.607,False,False,,1211.143,False,,1211.143,False,,1211.09
a-star-is-born-006-overlay,test,a-star-is-born,heldout,technicolor,overlay,5.0,1154.607,False,False,,1248.143,False,,1248.143,False,,1247.726
a-star-is-born-006-speed,test,a-star-is-born,heldout,technicolor,speed,5.0,1154.607,False,False,,3717.143,False,,3717.143,False,,3756.733
a-star-is-born-006-screen_recording,test,a-star-is-born,heldout,technicolor,screen_recording,5.0,1154.607,False,False,,3705.143,False,,3705.143,False,,3704.581
a-star-is-born-007-original,test,a-star-is-born,heldout,technicolor,original,3.0,1185.005,False,False,,2676.245,False,,2676.245,False,,841.996
a-star-is-born-007-compression,test,a-star-is-born,heldout,technicolor,compression,3.0,1185.005,False,False,,2676.745,False,,2676.745,False,,2676.519
a-star-is-born-007-downscale,test,a-star-is-born,heldout,technicolor,downscale,3.0,1185.005,False,False,,842.255,False,,842.255,False,,2676.853
a-star-is-born-007-crop,test,a-star-is-born,heldout,technicolor,crop,3.0,1185.005,False,False,,2985.245,False,,2985.245,False,,2985.328
a-star-is-born-007-letterbox,test,a-star-is-born,heldout,technicolor,letterbox,3.0,1185.005,False,False,,1106.755,False,,1106.755,False,,2485.662
a-star-is-born-007-mirror,test,a-star-is-born,heldout,technicolor,mirror,3.0,1185.005,False,False,,842.755,False,,842.755,False,,841.996
a-star-is-born-007-color,test,a-star-is-born,heldout,technicolor,color,3.0,1185.005,False,False,,372.245,False,,372.245,False,,2676.853
a-star-is-born-007-overlay,test,a-star-is-born,heldout,technicolor,overlay,3.0,1185.005,False,False,,2651.245,False,,2651.245,False,,2990.5
a-star-is-born-007-speed,test,a-star-is-born,heldout,technicolor,speed,3.0,1185.005,False,False,,842.255,False,,842.255,False,,842.329
a-star-is-born-007-screen_recording,test,a-star-is-born,heldout,technicolor,screen_recording,3.0,1185.005,False,False,,2648.245,False,,2648.245,False,,2648.024
a-star-is-born-008-original,test,a-star-is-born,heldout,technicolor,original,3.0,1294.722,False,False,,2250.028,False,,2250.028,False,,2250.119
a-star-is-born-008-compression,test,a-star-is-born,heldout,technicolor,compression,3.0,1294.722,False,False,,2544.028,False,,2544.028,False,,444.706
a-star-is-born-008-downscale,test,a-star-is-born,heldout,technicolor,downscale,3.0,1294.722,False,False,,2357.028,False,,2357.028,False,,2356.793
a-star-is-born-008-crop,test,a-star-is-born,heldout,technicolor,crop,3.0,1294.722,False,False,,443.472,False,,443.472,False,,443.372
a-star-is-born-008-letterbox,test,a-star-is-born,heldout,technicolor,letterbox,3.0,1294.722,False,False,,1231.472,False,,1231.472,False,,1230.858
a-star-is-born-008-mirror,test,a-star-is-born,heldout,technicolor,mirror,3.0,1294.722,False,False,,2357.028,False,,2357.028,False,,2249.786
a-star-is-born-008-color,test,a-star-is-born,heldout,technicolor,color,3.0,1294.722,False,False,,1231.472,False,,1231.472,False,,1434.302
a-star-is-born-008-overlay,test,a-star-is-born,heldout,technicolor,overlay,3.0,1294.722,False,False,,1117.028,False,,1117.028,False,,1246.874
a-star-is-born-008-speed,test,a-star-is-born,heldout,technicolor,speed,3.0,1294.722,False,False,,2250.028,False,,2250.028,False,,2249.452
a-star-is-born-008-screen_recording,test,a-star-is-born,heldout,technicolor,screen_recording,3.0,1294.722,False,False,,1230.972,False,,1230.972,False,,1230.858
a-star-is-born-009-original,test,a-star-is-born,heldout,technicolor,original,5.0,1386.562,False,False,,2261.188,False,,2261.188,False,,2257.779
a-star-is-born-009-compression,test,a-star-is-born,heldout,technicolor,compression,5.0,1386.562,False,False,,2259.188,False,,2259.188,False,,2259.614
a-star-is-born-009-downscale,test,a-star-is-born,heldout,technicolor,downscale,5.0,1386.562,False,False,,2261.188,False,,2261.188,False,,2029.617
a-star-is-born-009-crop,test,a-star-is-born,heldout,technicolor,crop,5.0,1386.562,False,False,,2261.188,False,,2261.188,False,,2260.782
a-star-is-born-009-letterbox,test,a-star-is-born,heldout,technicolor,letterbox,5.0,1386.562,False,False,,2261.188,False,,2261.188,False,,2261.282
a-star-is-born-009-mirror,test,a-star-is-born,heldout,technicolor,mirror,5.0,1386.562,False,False,,2030.188,False,,2030.188,False,,2027.782
a-star-is-born-009-color,test,a-star-is-born,heldout,technicolor,color,5.0,1386.562,False,False,,2259.688,False,,2259.688,False,,2259.447
a-star-is-born-009-overlay,test,a-star-is-born,heldout,technicolor,overlay,5.0,1386.562,False,False,,2259.188,False,,2259.188,False,,2258.446
a-star-is-born-009-speed,test,a-star-is-born,heldout,technicolor,speed,5.0,1386.562,False,False,,2029.188,False,,2029.188,False,,2029.117
a-star-is-born-009-screen_recording,test,a-star-is-born,heldout,technicolor,screen_recording,5.0,1386.562,False,False,,2259.688,False,,2259.688,False,,2258.279
a-star-is-born-010-original,test,a-star-is-born,heldout,technicolor,original,3.0,1500.764,False,False,,161.986,False,,161.986,False,,160.596
a-star-is-born-010-compression,test,a-star-is-born,heldout,technicolor,compression,3.0,1500.764,False,True,,2929.986,False,,2929.986,False,,206.909
a-star-is-born-010-downscale,test,a-star-is-born,heldout,technicolor,downscale,3.0,1500.764,False,True,,206.486,False,,206.486,False,,206.575
a-star-is-born-010-crop,test,a-star-is-born,heldout,technicolor,crop,3.0,1500.764,False,False,,3907.486,False,,3907.486,False,,3907.238
a-star-is-born-010-letterbox,test,a-star-is-born,heldout,technicolor,letterbox,3.0,1500.764,False,False,,187.486,False,,187.486,False,,125.594
a-star-is-born-010-mirror,test,a-star-is-born,heldout,technicolor,mirror,3.0,1500.764,False,False,,160.486,False,,160.486,False,,160.596
a-star-is-born-010-color,test,a-star-is-born,heldout,technicolor,color,3.0,1500.764,False,False,,160.486,False,,160.486,False,,160.929
a-star-is-born-010-overlay,test,a-star-is-born,heldout,technicolor,overlay,3.0,1500.764,False,False,,2943.986,False,,2943.986,False,,3743.575
a-star-is-born-010-speed,test,a-star-is-born,heldout,technicolor,speed,3.0,1500.764,False,False,,157.486,False,,157.486,False,,160.763
a-star-is-born-010-screen_recording,test,a-star-is-born,heldout,technicolor,screen_recording,3.0,1500.764,False,False,,2943.986,False,,2943.986,False,,206.742
a-star-is-born-011-original,val,a-star-is-born,heldout,technicolor,original,3.0,1629.209,False,False,,2064.041,False,,2064.041,False,,2064.815
a-star-is-born-011-compression,val,a-star-is-born,heldout,technicolor,compression,3.0,1629.209,False,False,,2135.541,False,,2135.541,False,,2063.814
a-star-is-born-011-downscale,val,a-star-is-born,heldout,technicolor,downscale,3.0,1629.209,False,False,,2063.541,False,,2063.541,False,,2063.814
a-star-is-born-011-crop,val,a-star-is-born,heldout,technicolor,crop,3.0,1629.209,False,False,,2065.541,False,,2065.541,False,,2065.148
a-star-is-born-011-letterbox,val,a-star-is-born,heldout,technicolor,letterbox,3.0,1629.209,False,False,,2064.041,False,,2064.041,False,,2063.814
a-star-is-born-011-mirror,val,a-star-is-born,heldout,technicolor,mirror,3.0,1629.209,False,False,,2065.541,False,,2065.541,False,,521.869
a-star-is-born-011-color,val,a-star-is-born,heldout,technicolor,color,3.0,1629.209,False,False,,2136.041,False,,2136.041,False,,2136.153
a-star-is-born-011-overlay,val,a-star-is-born,heldout,technicolor,overlay,3.0,1629.209,False,False,,2065.041,False,,2065.041,False,,2065.148
a-star-is-born-011-speed,val,a-star-is-born,heldout,technicolor,speed,3.0,1629.209,False,False,,2065.041,False,,2065.041,False,,2065.148
a-star-is-born-011-screen_recording,val,a-star-is-born,heldout,technicolor,screen_recording,3.0,1629.209,False,False,,2063.541,False,,2063.541,False,,2064.147
a-star-is-born-012-original,test,a-star-is-born,heldout,technicolor,original,5.0,1673.885,False,False,,2061.365,False,,2061.365,False,,574.387
a-star-is-born-012-compression,test,a-star-is-born,heldout,technicolor,compression,5.0,1673.885,False,False,,573.635,False,,573.635,False,,573.552
a-star-is-born-012-downscale,test,a-star-is-born,heldout,technicolor,downscale,5.0,1673.885,False,False,,575.635,False,,575.635,False,,574.387
a-star-is-born-012-crop,test,a-star-is-born,heldout,technicolor,crop,5.0,1673.885,False,False,,574.635,False,,574.635,False,,573.519
a-star-is-born-012-letterbox,test,a-star-is-born,heldout,technicolor,letterbox,5.0,1673.885,False,False,,2757.365,False,,2757.365,False,,2756.641
a-star-is-born-012-mirror,test,a-star-is-born,heldout,technicolor,mirror,5.0,1673.885,False,False,,574.635,False,,574.635,False,,573.386
a-star-is-born-012-color,test,a-star-is-born,heldout,technicolor,color,5.0,1673.885,False,False,,2757.865,False,,2757.865,False,,574.687
a-star-is-born-012-overlay,test,a-star-is-born,heldout,technicolor,overlay,5.0,1673.885,False,False,,3568.365,False,,3568.365,False,,575.187
a-star-is-born-012-speed,test,a-star-is-born,heldout,technicolor,speed,5.0,1673.885,False,False,,575.635,False,,575.635,False,,573.886
a-star-is-born-012-screen_recording,test,a-star-is-born,heldout,technicolor,screen_recording,5.0,1673.885,False,False,,2755.865,False,,2755.865,False,,2757.976
a-star-is-born-013-original,val,a-star-is-born,heldout,technicolor,original,3.0,1767.069,False,False,,798.681,False,,798.681,False,,2108.603
a-star-is-born-013-compression,val,a-star-is-born,heldout,technicolor,compression,3.0,1767.069,False,False,,1321.819,False,,1321.819,False,,2177.271
a-star-is-born-013-downscale,val,a-star-is-born,heldout,technicolor,downscale,3.0,1767.069,False,False,,2177.181,False,,2177.181,False,,2177.271
a-star-is-born-013-crop,val,a-star-is-born,heldout,technicolor,crop,3.0,1767.069,False,False,,1255.319,False,,1255.319,False,,1020.115
a-star-is-born-013-letterbox,val,a-star-is-born,heldout,technicolor,letterbox,3.0,1767.069,False,False,,1347.319,False,,1347.319,False,,1321.891
a-star-is-born-013-mirror,val,a-star-is-born,heldout,technicolor,mirror,3.0,1767.069,False,False,,1246.319,False,,1246.319,False,,1246.549
a-star-is-born-013-color,val,a-star-is-born,heldout,technicolor,color,3.0,1767.069,False,False,,1997.181,False,,1997.181,False,,1996.958
a-star-is-born-013-overlay,val,a-star-is-born,heldout,technicolor,overlay,3.0,1767.069,False,False,,1255.319,False,,1255.319,False,,1018.781
a-star-is-born-013-speed,val,a-star-is-born,heldout,technicolor,speed,3.0,1767.069,False,False,,487.681,False,,487.681,False,,327.564
a-star-is-born-013-screen_recording,val,a-star-is-born,heldout,technicolor,screen_recording,3.0,1767.069,False,False,,442.681,False,,442.681,False,,711.548
a-star-is-born-014-original,test,a-star-is-born,heldout,technicolor,original,5.0,1873.49,False,False,,696.26,False,,696.26,False,,696.177
a-star-is-born-014-compression,test,a-star-is-born,heldout,technicolor,compression,5.0,1873.49,False,False,,2961.76,False,,2961.76,False,,2961.707
a-star-is-born-014-downscale,test,a-star-is-born,heldout,technicolor,downscale,5.0,1873.49,False,False,,696.26,False,,696.26,False,,695.843
a-star-is-born-014-crop,test,a-star-is-born,heldout,technicolor,crop,5.0,1873.49,False,False,,18.74,False,,18.74,False,,2959.705
a-star-is-born-014-letterbox,test,a-star-is-born,heldout,technicolor,letterbox,5.0,1873.49,False,False,,7.74,False,,7.74,False,,7.793
a-star-is-born-014-mirror,test,a-star-is-born,heldout,technicolor,mirror,5.0,1873.49,False,False,,696.26,False,,696.26,False,,695.843
a-star-is-born-014-color,test,a-star-is-born,heldout,technicolor,color,5.0,1873.49,False,False,,3238.26,False,,3238.26,False,,3238.517
a-star-is-born-014-overlay,test,a-star-is-born,heldout,technicolor,overlay,5.0,1873.49,False,False,,690.76,False,,690.76,False,,690.872
a-star-is-born-014-speed,test,a-star-is-born,heldout,technicolor,speed,5.0,1873.49,False,False,,3239.26,False,,3239.26,False,,764.846
a-star-is-born-014-screen_recording,test,a-star-is-born,heldout,technicolor,screen_recording,5.0,1873.49,False,False,,3238.76,False,,3238.76,False,,3238.183
a-star-is-born-015-original,test,a-star-is-born,heldout,technicolor,original,10.0,1981.433,False,False,,944.183,False,,944.183,False,,944.097
a-star-is-born-015-compression,test,a-star-is-born,heldout,technicolor,compression,10.0,1981.433,False,False,,1450.817,False,,1450.817,False,,1450.729
a-star-is-born-015-downscale,test,a-star-is-born,heldout,technicolor,downscale,10.0,1981.433,False,False,,943.183,False,,943.183,False,,944.43
a-star-is-born-015-crop,test,a-star-is-born,heldout,technicolor,crop,10.0,1981.433,False,False,,941.183,False,,941.183,False,,941.427
a-star-is-born-015-letterbox,test,a-star-is-born,heldout,technicolor,letterbox,10.0,1981.433,False,False,,943.683,False,,943.683,False,,942.595
a-star-is-born-015-mirror,test,a-star-is-born,heldout,technicolor,mirror,10.0,1981.433,False,False,,944.183,False,,944.183,False,,944.097
a-star-is-born-015-color,test,a-star-is-born,heldout,technicolor,color,10.0,1981.433,False,False,,944.183,False,,944.183,False,,944.43
a-star-is-born-015-overlay,test,a-star-is-born,heldout,technicolor,overlay,10.0,1981.433,False,False,,941.183,False,,941.183,False,,385.932
a-star-is-born-015-speed,test,a-star-is-born,heldout,technicolor,speed,10.0,1981.433,False,False,,943.183,False,,943.183,False,,942.929
a-star-is-born-015-screen_recording,test,a-star-is-born,heldout,technicolor,screen_recording,10.0,1981.433,False,False,,3278.317,False,,3278.317,False,,1183.929
a-star-is-born-016-original,val,a-star-is-born,heldout,technicolor,original,5.0,2103.627,False,False,,176.377,False,,176.377,False,,3293.732
a-star-is-born-016-compression,val,a-star-is-born,heldout,technicolor,compression,5.0,2103.627,False,False,,2771.123,False,,2771.123,False,,2770.876
a-star-is-born-016-downscale,val,a-star-is-born,heldout,technicolor,downscale,5.0,2103.627,False,False,,1670.877,False,,1670.877,False,,934.793
a-star-is-born-016-crop,val,a-star-is-born,heldout,technicolor,crop,5.0,2103.627,False,False,,1311.623,False,,1311.623,False,,1312.219
a-star-is-born-016-letterbox,val,a-star-is-born,heldout,technicolor,letterbox,5.0,2103.627,False,False,,2771.623,False,,2771.623,False,,2771.71
a-star-is-born-016-mirror,val,a-star-is-born,heldout,technicolor,mirror,5.0,2103.627,False,False,,1664.377,False,,1664.377,False,,1668.959
a-star-is-born-016-color,val,a-star-is-born,heldout,technicolor,color,5.0,2103.627,False,False,,372.877,False,,372.877,False,,251.443
a-star-is-born-016-overlay,val,a-star-is-born,heldout,technicolor,overlay,5.0,2103.627,False,False,,2771.623,False,,2771.623,False,,2771.043
a-star-is-born-016-speed,val,a-star-is-born,heldout,technicolor,speed,5.0,2103.627,False,False,,345.123,False,,345.123,False,,3294.065
a-star-is-born-016-screen_recording,val,a-star-is-born,heldout,technicolor,screen_recording,5.0,2103.627,False,False,,2771.623,False,,2771.623,False,,2771.71
a-star-is-born-017-original,val,a-star-is-born,heldout,technicolor,original,5.0,2175.28,False,False,,403.03,False,,403.03,False,,442.282
a-star-is-born-017-compression,val,a-star-is-born,heldout,technicolor,compression,5.0,2175.28,False,False,,403.03,False,,403.03,False,,403.276
a-star-is-born-017-downscale,val,a-star-is-born,heldout,technicolor,downscale,5.0,2175.28,False,False,,444.53,False,,444.53,False,,442.449
a-star-is-born-017-crop,val,a-star-is-born,heldout,technicolor,crop,5.0,2175.28,False,False,,95.47,False,,95.47,False,,57.384
a-star-is-born-017-letterbox,val,a-star-is-born,heldout,technicolor,letterbox,5.0,2175.28,False,False,,441.53,False,,441.53,False,,442.949
a-star-is-born-017-mirror,val,a-star-is-born,heldout,technicolor,mirror,5.0,2175.28,False,False,,435.53,False,,435.53,False,,405.779
a-star-is-born-017-color,val,a-star-is-born,heldout,technicolor,color,5.0,2175.28,False,False,,1088.03,False,,1088.03,False,,1088.417
a-star-is-born-017-overlay,val,a-star-is-born,heldout,technicolor,overlay,5.0,2175.28,False,False,,2279.97,False,,2279.97,False,,91.384
a-star-is-born-017-speed,val,a-star-is-born,heldout,technicolor,speed,5.0,2175.28,False,False,,442.03,False,,442.03,False,,441.948
a-star-is-born-017-screen_recording,val,a-star-is-born,heldout,technicolor,screen_recording,5.0,2175.28,False,False,,441.53,False,,441.53,False,,441.414
a-star-is-born-018-original,val,a-star-is-born,heldout,technicolor,original,3.0,2216.72,False,False,,1211.53,False,,1211.53,False,,1211.305
a-star-is-born-018-compression,val,a-star-is-born,heldout,technicolor,compression,3.0,2216.72,False,False,,209.03,False,,209.03,False,,209.804
a-star-is-born-018-downscale,val,a-star-is-born,heldout,technicolor,downscale,3.0,2216.72,False,False,,1821.03,False,,1821.03,False,,1644.638
a-star-is-born-018-crop,val,a-star-is-born,heldout,technicolor,crop,3.0,2216.72,False,False,,1213.03,False,,1213.03,False,,1213.14
a-star-is-born-018-letterbox,val,a-star-is-born,heldout,technicolor,letterbox,3.0,2216.72,False,False,,1714.03,False,,1714.03,False,,1708.969
a-star-is-born-018-mirror,val,a-star-is-born,heldout,technicolor,mirror,3.0,2216.72,False,False,,1821.03,False,,1821.03,False,,766.371
a-star-is-born-018-color,val,a-star-is-born,heldout,technicolor,color,3.0,2216.72,False,False,,130.53,False,,130.53,False,,209.47
a-star-is-born-018-overlay,val,a-star-is-born,heldout,technicolor,overlay,3.0,2216.72,False,False,,1872.53,False,,1872.53,False,,18.309
a-star-is-born-018-speed,val,a-star-is-born,heldout,technicolor,speed,3.0,2216.72,False,False,,1642.53,False,,1642.53,False,,766.705
a-star-is-born-018-screen_recording,val,a-star-is-born,heldout,technicolor,screen_recording,3.0,2216.72,False,False,,766.47,False,,766.47,False,,765.704
a-star-is-born-019-original,test,a-star-is-born,heldout,technicolor,original,3.0,2366.775,False,False,,315.525,False,,315.525,False,,2710.898
a-star-is-born-019-compression,test,a-star-is-born,heldout,technicolor,compression,3.0,2366.775,False,False,,2710.475,False,,2710.475,False,,2763.25
a-star-is-born-019-downscale,test,a-star-is-born,heldout,technicolor,downscale,3.0,2366.775,False,False,,315.025,False,,315.025,False,,2709.897
a-star-is-born-019-crop,test,a-star-is-born,heldout,technicolor,crop,3.0,2366.775,False,False,,1280.975,False,,1280.975,False,,1280.402
a-star-is-born-019-letterbox,test,a-star-is-born,heldout,technicolor,letterbox,3.0,2366.775,False,False,,1280.475,False,,1280.475,False,,1280.402
a-star-is-born-019-mirror,test,a-star-is-born,heldout,technicolor,mirror,3.0,2366.775,False,False,,315.525,False,,315.525,False,,315.426
a-star-is-born-019-color,test,a-star-is-born,heldout,technicolor,color,3.0,2366.775,False,False,,2710.975,False,,2710.975,False,,2763.584
a-star-is-born-019-overlay,test,a-star-is-born,heldout,technicolor,overlay,3.0,2366.775,False,False,,606.025,False,,606.025,False,,2727.915
a-star-is-born-019-speed,test,a-star-is-born,heldout,technicolor,speed,3.0,2366.775,False,False,,2710.475,False,,2710.475,False,,2710.564
a-star-is-born-019-screen_recording,test,a-star-is-born,heldout,technicolor,screen_recording,3.0,2366.775,False,False,,2710.475,False,,2710.475,False,,2763.584
a-star-is-born-020-original,test,a-star-is-born,heldout,technicolor,original,10.0,2434.114,False,False,,1165.136,False,,1165.136,False,,1165.082
a-star-is-born-020-compression,test,a-star-is-born,heldout,technicolor,compression,10.0,2434.114,False,False,,1165.136,False,,1165.136,False,,1564.08
a-star-is-born-020-downscale,test,a-star-is-born,heldout,technicolor,downscale,10.0,2434.114,False,False,,1165.136,False,,1165.136,False,,1165.248
a-star-is-born-020-crop,test,a-star-is-born,heldout,technicolor,crop,10.0,2434.114,False,False,,2949.636,False,,2949.636,False,,2949.731
a-star-is-born-020-letterbox,test,a-star-is-born,heldout,technicolor,letterbox,10.0,2434.114,False,False,,1062.636,False,,1062.636,False,,1909.225
a-star-is-born-020-mirror,test,a-star-is-born,heldout,technicolor,mirror,10.0,2434.114,False,False,,1164.636,False,,1164.636,False,,1562.412
a-star-is-born-020-color,test,a-star-is-born,heldout,technicolor,color,10.0,2434.114,False,False,,1165.636,False,,1165.636,False,,1165.415
a-star-is-born-020-overlay,test,a-star-is-born,heldout,technicolor,overlay,10.0,2434.114,False,False,,1165.136,False,,1165.136,False,,1062.746
a-star-is-born-020-speed,test,a-star-is-born,heldout,technicolor,speed,10.0,2434.114,False,False,,3029.636,False,,3029.636,False,,3029.578
a-star-is-born-020-screen_recording,test,a-star-is-born,heldout,technicolor,screen_recording,10.0,2434.114,False,False,,1166.136,False,,1166.136,False,,1563.746
a-star-is-born-021-original,val,a-star-is-born,heldout,technicolor,original,10.0,2555.552,False,False,,2707.198,False,,2707.198,False,,2686.952
a-star-is-born-021-compression,val,a-star-is-born,heldout,technicolor,compression,10.0,2555.552,False,False,,2707.698,False,,2707.698,False,,2707.305
a-star-is-born-021-downscale,val,a-star-is-born,heldout,technicolor,downscale,10.0,2555.552,False,False,,2707.698,False,,2707.698,False,,2707.639
a-star-is-born-021-crop,val,a-star-is-born,heldout,technicolor,crop,10.0,2555.552,False,False,,2707.698,False,,2707.698,False,,40.706
a-star-is-born-021-letterbox,val,a-star-is-born,heldout,technicolor,letterbox,10.0,2555.552,False,False,,2679.698,False,,2679.698,False,,187.186
a-star-is-born-021-mirror,val,a-star-is-born,heldout,technicolor,mirror,10.0,2555.552,False,False,,1513.198,False,,1513.198,False,,1512.812
a-star-is-born-021-color,val,a-star-is-born,heldout,technicolor,color,10.0,2555.552,False,False,,2707.198,False,,2707.198,False,,1677.777
a-star-is-born-021-overlay,val,a-star-is-born,heldout,technicolor,overlay,10.0,2555.552,False,False,,2708.198,False,,2708.198,False,,2803.468
a-star-is-born-021-speed,val,a-star-is-born,heldout,technicolor,speed,10.0,2555.552,False,False,,2708.198,False,,2708.198,False,,2709.441
a-star-is-born-021-screen_recording,val,a-star-is-born,heldout,technicolor,screen_recording,10.0,2555.552,False,False,,2707.698,False,,2707.698,False,,2707.305
a-star-is-born-022-original,val,a-star-is-born,heldout,technicolor,original,10.0,2599.514,False,False,,2667.236,False,,2667.236,False,,2666.346
a-star-is-born-022-compression,val,a-star-is-born,heldout,technicolor,compression,10.0,2599.514,False,False,,2667.236,False,,2667.236,False,,2667.014
a-star-is-born-022-downscale,val,a-star-is-born,heldout,technicolor,downscale,10.0,2599.514,False,False,,596.236,False,,596.236,False,,2666.346
a-star-is-born-022-crop,val,a-star-is-born,heldout,technicolor,crop,10.0,2599.514,False,False,,2782.236,False,,2782.236,False,,2782.496
a-star-is-born-022-letterbox,val,a-star-is-born,heldout,technicolor,letterbox,10.0,2599.514,False,False,,716.236,False,,716.236,False,,716.666
a-star-is-born-022-mirror,val,a-star-is-born,heldout,technicolor,mirror,10.0,2599.514,False,False,,2666.236,False,,2666.236,False,,2665.679
a-star-is-born-022-color,val,a-star-is-born,heldout,technicolor,color,10.0,2599.514,False,False,,2270.236,False,,2270.236,False,,596.512
a-star-is-born-022-overlay,val,a-star-is-born,heldout,technicolor,overlay,10.0,2599.514,False,False,,2667.236,False,,2667.236,False,,2667.481
a-star-is-born-022-speed,val,a-star-is-born,heldout,technicolor,speed,10.0,2599.514,False,False,,2667.236,False,,2667.236,False,,777.66
a-star-is-born-022-screen_recording,val,a-star-is-born,heldout,technicolor,screen_recording,10.0,2599.514,False,False,,2271.236,False,,2271.236,False,,2272.153
a-star-is-born-023-original,test,a-star-is-born,heldout,technicolor,original,3.0,2739.145,False,False,,1024.395,False,,1024.395,False,,2674.614
a-star-is-born-023-compression,test,a-star-is-born,heldout,technicolor,compression,3.0,2739.145,False,False,,1465.605,False,,1465.605,False,,1465.522
a-star-is-born-023-downscale,test,a-star-is-born,heldout,technicolor,downscale,3.0,2739.145,False,False,,2675.395,False,,2675.395,False,,2675.281
a-star-is-born-023-crop,test,a-star-is-born,heldout,technicolor,crop,3.0,2739.145,False,False,,1464.105,False,,1464.105,False,,2675.615
a-star-is-born-023-letterbox,test,a-star-is-born,heldout,technicolor,letterbox,3.0,2739.145,False,False,,1051.895,False,,1051.895,False,,1122.046
a-star-is-born-023-mirror,test,a-star-is-born,heldout,technicolor,mirror,3.0,2739.145,False,False,,1023.895,False,,1023.895,False,,2674.614
a-star-is-born-023-color,test,a-star-is-born,heldout,technicolor,color,3.0,2739.145,False,False,,1056.895,False,,1056.895,False,,1123.047
a-star-is-born-023-overlay,test,a-star-is-born,heldout,technicolor,overlay,3.0,2739.145,False,False,,1446.605,False,,1446.605,False,,1443.867
a-star-is-born-023-speed,test,a-star-is-born,heldout,technicolor,speed,3.0,2739.145,False,False,,2675.395,False,,2675.395,False,,2675.281
a-star-is-born-023-screen_recording,test,a-star-is-born,heldout,technicolor,screen_recording,3.0,2739.145,False,False,,469.395,False,,469.395,False,,468.31
a-star-is-born-024-original,val,a-star-is-born,heldout,technicolor,original,5.0,2846.072,False,False,,1171.822,False,,1171.822,False,,1172.066
a-star-is-born-024-compression,val,a-star-is-born,heldout,technicolor,compression,5.0,2846.072,False,False,,2422.322,False,,2422.322,False,,2413.406
a-star-is-born-024-downscale,val,a-star-is-born,heldout,technicolor,downscale,5.0,2846.072,False,False,,996.178,False,,996.178,False,,995.933
a-star-is-born-024-crop,val,a-star-is-born,heldout,technicolor,crop,5.0,2846.072,False,False,,2413.322,False,,2413.322,False,,996.266
a-star-is-born-024-letterbox,val,a-star-is-born,heldout,technicolor,letterbox,5.0,2846.072,False,False,,1107.822,False,,1107.822,False,,1125.053
a-star-is-born-024-mirror,val,a-star-is-born,heldout,technicolor,mirror,5.0,2846.072,False,False,,1172.322,False,,1172.322,False,,1147.709
a-star-is-born-024-color,val,a-star-is-born,heldout,technicolor,color,5.0,2846.072,False,False,,1148.822,False,,1148.822,False,,1738.274
a-star-is-born-024-overlay,val,a-star-is-born,heldout,technicolor,overlay,5.0,2846.072,False,False,,1191.822,False,,1191.822,False,,1738.775
a-star-is-born-024-speed,val,a-star-is-born,heldout,technicolor,speed,5.0,2846.072,False,False,,1147.822,False,,1147.822,False,,995.432
a-star-is-born-024-screen_recording,val,a-star-is-born,heldout,technicolor,screen_recording,5.0,2846.072,False,False,,1148.322,False,,1148.322,False,,1148.042
a-star-is-born-025-original,val,a-star-is-born,heldout,technicolor,original,10.0,2929.492,False,False,,15.242,False,,15.242,False,,2574.471
a-star-is-born-025-compression,val,a-star-is-born,heldout,technicolor,compression,10.0,2929.492,False,False,,1440.758,False,,1440.758,False,,1441.174
a-star-is-born-025-downscale,val,a-star-is-born,heldout,technicolor,downscale,10.0,2929.492,False,False,,1520.742,False,,1520.742,False,,45.513
a-star-is-born-025-crop,val,a-star-is-born,heldout,technicolor,crop,10.0,2929.492,False,False,,1280.742,False,,1280.742,False,,1520.484
a-star-is-born-025-letterbox,val,a-star-is-born,heldout,technicolor,letterbox,10.0,2929.492,False,False,,2139.742,False,,2139.742,False,,2139.97
a-star-is-born-025-mirror,val,a-star-is-born,heldout,technicolor,mirror,10.0,2929.492,False,False,,2575.242,False,,2575.242,False,,2574.304
a-star-is-born-025-color,val,a-star-is-born,heldout,technicolor,color,10.0,2929.492,False,False,,1201.242,False,,1201.242,False,,1199.964
a-star-is-born-025-overlay,val,a-star-is-born,heldout,technicolor,overlay,10.0,2929.492,False,False,,1440.758,False,,1440.758,False,,1440.841
a-star-is-born-025-speed,val,a-star-is-born,heldout,technicolor,speed,10.0,2929.492,False,False,,14.242,False,,14.242,False,,2573.803
a-star-is-born-025-screen_recording,val,a-star-is-born,heldout,technicolor,screen_recording,10.0,2929.492,False,False,,1440.758,False,,1440.758,False,,1440.674
a-star-is-born-026-original,val,a-star-is-born,heldout,technicolor,original,5.0,2958.084,False,False,,1636.666,False,,1636.666,False,,1637.274
a-star-is-born-026-compression,val,a-star-is-born,heldout,technicolor,compression,5.0,2958.084,False,False,,1348.166,False,,1348.166,False,,1347.751
a-star-is-born-026-downscale,val,a-star-is-born,heldout,technicolor,downscale,5.0,2958.084,False,False,,1635.666,False,,1635.666,False,,1242.779
a-star-is-born-026-crop,val,a-star-is-born,heldout,technicolor,crop,5.0,2958.084,False,False,,2233.834,False,,2233.834,False,,2234.228
a-star-is-born-026-letterbox,val,a-star-is-born,heldout,technicolor,letterbox,5.0,2958.084,False,False,,3.834,False,,3.834,False,,3.733
a-star-is-born-026-mirror,val,a-star-is-born,heldout,technicolor,mirror,5.0,2958.084,False,False,,1636.666,False,,1636.666,False,,1636.773
a-star-is-born-026-color,val,a-star-is-born,heldout,technicolor,color,5.0,2958.084,False,False,,1636.166,False,,1636.166,False,,1636.106
a-star-is-born-026-overlay,val,a-star-is-born,heldout,technicolor,overlay,5.0,2958.084,False,False,,2393.166,False,,2393.166,False,,2393.595
a-star-is-born-026-speed,val,a-star-is-born,heldout,technicolor,speed,5.0,2958.084,False,False,,1636.666,False,,1636.666,False,,1635.772
a-star-is-born-026-screen_recording,val,a-star-is-born,heldout,technicolor,screen_recording,5.0,2958.084,False,False,,1728.834,False,,1728.834,False,,1728.723
a-star-is-born-027-original,val,a-star-is-born,heldout,technicolor,original,3.0,3132.888,False,False,,2091.362,False,,2091.362,False,,2091.131
a-star-is-born-027-compression,val,a-star-is-born,heldout,technicolor,compression,3.0,3132.888,False,False,,2091.862,False,,2091.862,False,,2091.632
a-star-is-born-027-downscale,val,a-star-is-born,heldout,technicolor,downscale,3.0,3132.888,False,False,,671.362,False,,671.362,False,,2091.298
a-star-is-born-027-crop,val,a-star-is-born,heldout,technicolor,crop,3.0,3132.888,False,False,,707.138,False,,707.138,False,,1321.545
a-star-is-born-027-letterbox,val,a-star-is-born,heldout,technicolor,letterbox,3.0,3132.888,False,False,,2091.862,False,,2091.862,False,,2091.632
a-star-is-born-027-mirror,val,a-star-is-born,heldout,technicolor,mirror,3.0,3132.888,False,False,,671.362,False,,671.362,False,,1707.281
a-star-is-born-027-color,val,a-star-is-born,heldout,technicolor,color,3.0,3132.888,False,False,,1707.862,False,,1707.862,False,,1707.948
a-star-is-born-027-overlay,val,a-star-is-born,heldout,technicolor,overlay,3.0,3132.888,False,False,,2091.862,False,,2091.862,False,,2091.632
a-star-is-born-027-speed,val,a-star-is-born,heldout,technicolor,speed,3.0,3132.888,False,False,,1215.362,False,,1215.362,False,,669.778
a-star-is-born-027-screen_recording,val,a-star-is-born,heldout,technicolor,screen_recording,3.0,3132.888,False,False,,2091.862,False,,2091.862,False,,2091.298
a-star-is-born-028-original,test,a-star-is-born,heldout,technicolor,original,10.0,3201.206,False,False,,1841.044,False,,1841.044,False,,1840.798
a-star-is-born-028-compression,test,a-star-is-born,heldout,technicolor,compression,10.0,3201.206,False,False,,774.456,False,,774.456,False,,774.682
a-star-is-born-028-downscale,test,a-star-is-born,heldout,technicolor,downscale,10.0,3201.206,False,False,,771.956,False,,771.956,False,,772.046
a-star-is-born-028-crop,test,a-star-is-born,heldout,technicolor,crop,10.0,3201.206,False,False,,754.456,False,,754.456,False,,754.695
a-star-is-born-028-letterbox,test,a-star-is-born,heldout,technicolor,letterbox,10.0,3201.206,False,False,,774.456,False,,774.456,False,,774.048
a-star-is-born-028-mirror,test,a-star-is-born,heldout,technicolor,mirror,10.0,3201.206,False,False,,769.456,False,,769.456,False,,769.377
a-star-is-born-028-color,test,a-star-is-born,heldout,technicolor,color,10.0,3201.206,False,False,,840.956,False,,840.956,False,,839.68
a-star-is-born-028-overlay,test,a-star-is-born,heldout,technicolor,overlay,10.0,3201.206,False,False,,637.956,False,,637.956,False,,637.845
a-star-is-born-028-speed,test,a-star-is-born,heldout,technicolor,speed,10.0,3201.206,False,False,,1841.544,False,,1841.544,False,,1845.636
a-star-is-born-028-screen_recording,test,a-star-is-born,heldout,technicolor,screen_recording,10.0,3201.206,False,False,,770.456,False,,770.456,False,,770.878
a-star-is-born-029-original,val,a-star-is-born,heldout,technicolor,original,5.0,3264.609,False,False,,2512.859,False,,2512.859,False,,2512.925
a-star-is-born-029-compression,val,a-star-is-born,heldout,technicolor,compression,5.0,3264.609,False,False,,2169.141,False,,2169.141,False,,2169.253
a-star-is-born-029-downscale,val,a-star-is-born,heldout,technicolor,downscale,5.0,3264.609,False,False,,2091.141,False,,2091.141,False,,2090.908
a-star-is-born-029-crop,val,a-star-is-born,heldout,technicolor,crop,5.0,3264.609,False,False,,2513.859,False,,2513.859,False,,2868.611
a-star-is-born-029-letterbox,val,a-star-is-born,heldout,technicolor,letterbox,5.0,3264.609,False,False,,1848.359,False,,1848.359,False,,1848.261
a-star-is-born-029-mirror,val,a-star-is-born,heldout,technicolor,mirror,5.0,3264.609,False,False,,2091.141,False,,2091.141,False,,2090.908
a-star-is-born-029-color,val,a-star-is-born,heldout,technicolor,color,5.0,3264.609,False,False,,1304.141,False,,1304.141,False,,2070.087
a-star-is-born-029-overlay,val,a-star-is-born,heldout,technicolor,overlay,5.0,3264.609,False,False,,2513.859,False,,2513.859,False,,2520.933
a-star-is-born-029-speed,val,a-star-is-born,heldout,technicolor,speed,5.0,3264.609,False,False,,2519.859,False,,2519.859,False,,2503.415
a-star-is-born-029-screen_recording,val,a-star-is-born,heldout,technicolor,screen_recording,5.0,3264.609,False,False,,2520.859,False,,2520.859,False,,2520.933
a-star-is-born-030-original,test,a-star-is-born,heldout,technicolor,original,5.0,3352.152,False,False,,706.402,False,,706.402,False,,706.476
a-star-is-born-030-compression,test,a-star-is-born,heldout,technicolor,compression,5.0,3352.152,False,False,,985.902,False,,985.902,False,,1636.138
a-star-is-born-030-downscale,test,a-star-is-born,heldout,technicolor,downscale,5.0,3352.152,False,False,,701.902,False,,701.902,False,,701.971
a-star-is-born-030-crop,test,a-star-is-born,heldout,technicolor,crop,5.0,3352.152,False,False,,942.402,False,,942.402,False,,982.985
a-star-is-born-030-letterbox,test,a-star-is-born,heldout,technicolor,letterbox,5.0,3352.152,False,False,,2683.402,False,,2683.402,False,,2683.15
a-star-is-born-030-mirror,test,a-star-is-born,heldout,technicolor,mirror,5.0,3352.152,False,False,,544.902,False,,544.902,False,,701.804
a-star-is-born-030-color,test,a-star-is-born,heldout,technicolor,color,5.0,3352.152,False,False,,681.902,False,,681.902,False,,2003.866
a-star-is-born-030-overlay,test,a-star-is-born,heldout,technicolor,overlay,5.0,3352.152,False,False,,702.902,False,,702.902,False,,701.804
a-star-is-born-030-speed,test,a-star-is-born,heldout,technicolor,speed,5.0,3352.152,False,False,,679.902,False,,679.902,False,,551.788
a-star-is-born-030-screen_recording,test,a-star-is-born,heldout,technicolor,screen_recording,5.0,3352.152,False,False,,2004.598,False,,2004.598,False,,983.319
a-star-is-born-031-original,val,a-star-is-born,heldout,technicolor,original,3.0,3474.023,False,False,,1771.273,False,,1771.273,False,,1770.521
a-star-is-born-031-compression,val,a-star-is-born,heldout,technicolor,compression,3.0,3474.023,False,False,,987.273,False,,987.273,False,,986.838
a-star-is-born-031-downscale,val,a-star-is-born,heldout,technicolor,downscale,3.0,3474.023,False,False,,1771.273,False,,1771.273,False,,1771.189
a-star-is-born-031-crop,val,a-star-is-born,heldout,technicolor,crop,3.0,3474.023,False,False,,531.273,False,,531.273,False,,531.016
a-star-is-born-031-letterbox,val,a-star-is-born,heldout,technicolor,letterbox,3.0,3474.023,False,False,,1771.273,False,,1771.273,False,,516.835
a-star-is-born-031-mirror,val,a-star-is-born,heldout,technicolor,mirror,3.0,3474.023,False,False,,948.273,False,,948.273,False,,948.0
a-star-is-born-031-color,val,a-star-is-born,heldout,technicolor,color,3.0,3474.023,False,False,,757.727,False,,757.727,False,,758.338
a-star-is-born-031-overlay,val,a-star-is-born,heldout,technicolor,overlay,3.0,3474.023,False,False,,428.727,False,,428.727,False,,429.31
a-star-is-born-031-speed,val,a-star-is-born,heldout,technicolor,speed,3.0,3474.023,False,False,,1771.273,False,,1771.273,False,,1770.521
a-star-is-born-031-screen_recording,val,a-star-is-born,heldout,technicolor,screen_recording,3.0,3474.023,False,False,,950.773,False,,950.773,False,,951.002
a-star-is-born-032-original,test,a-star-is-born,heldout,technicolor,original,10.0,3591.742,False,False,,748.508,False,,748.508,False,,752.097
a-star-is-born-032-compression,test,a-star-is-born,heldout,technicolor,compression,10.0,3591.742,False,False,,749.008,False,,749.008,False,,748.761
a-star-is-born-032-downscale,test,a-star-is-born,heldout,technicolor,downscale,10.0,3591.742,False,False,,748.508,False,,748.508,False,,748.427
a-star-is-born-032-crop,test,a-star-is-born,heldout,technicolor,crop,10.0,3591.742,False,False,,748.508,False,,748.508,False,,748.26
a-star-is-born-032-letterbox,test,a-star-is-born,heldout,technicolor,letterbox,10.0,3591.742,False,False,,1307.508,False,,1307.508,False,,1625.603
a-star-is-born-032-mirror,test,a-star-is-born,heldout,technicolor,mirror,10.0,3591.742,False,False,,749.008,False,,749.008,False,,748.427
a-star-is-born-032-color,test,a-star-is-born,heldout,technicolor,color,10.0,3591.742,False,False,,1249.508,False,,1249.508,False,,361.274
a-star-is-born-032-overlay,test,a-star-is-born,heldout,technicolor,overlay,10.0,3591.742,False,False,,1627.008,False,,1627.008,False,,1626.104
a-star-is-born-032-speed,test,a-star-is-born,heldout,technicolor,speed,10.0,3591.742,False,False,,750.008,False,,750.008,False,,749.595
a-star-is-born-032-screen_recording,test,a-star-is-born,heldout,technicolor,screen_recording,10.0,3591.742,False,False,,1485.992,False,,1485.992,False,,745.758
a-star-is-born-033-original,test,a-star-is-born,heldout,technicolor,original,3.0,3615.323,False,False,,3213.073,False,,3213.073,False,,3212.988
a-star-is-born-033-compression,test,a-star-is-born,heldout,technicolor,compression,3.0,3615.323,False,False,,3123.073,False,,3123.073,False,,3122.964
a-star-is-born-033-downscale,test,a-star-is-born,heldout,technicolor,downscale,3.0,3615.323,False,False,,231.427,False,,231.427,False,,3122.631
a-star-is-born-033-crop,test,a-star-is-born,heldout,technicolor,crop,3.0,3615.323,False,False,,3123.073,False,,3123.073,False,,3123.632
a-star-is-born-033-letterbox,test,a-star-is-born,heldout,technicolor,letterbox,3.0,3615.323,False,False,,1603.927,False,,1603.927,False,,1603.19
a-star-is-born-033-mirror,test,a-star-is-born,heldout,technicolor,mirror,3.0,3615.323,False,False,,3119.573,False,,3119.573,False,,3213.155
a-star-is-born-033-color,test,a-star-is-born,heldout,technicolor,color,3.0,3615.323,False,False,,231.427,False,,231.427,False,,231.353
a-star-is-born-033-overlay,test,a-star-is-born,heldout,technicolor,overlay,3.0,3615.323,False,False,,3122.573,False,,3122.573,False,,3120.295
a-star-is-born-033-speed,test,a-star-is-born,heldout,technicolor,speed,3.0,3615.323,False,False,,701.427,False,,701.427,False,,3213.655
a-star-is-born-033-screen_recording,test,a-star-is-born,heldout,technicolor,screen_recording,3.0,3615.323,False,False,,231.427,False,,231.427,False,,231.186
a-star-is-born-034-original,test,a-star-is-born,heldout,technicolor,original,3.0,3781.525,False,False,,2085.775,False,,2085.775,False,,534.488
a-star-is-born-034-compression,test,a-star-is-born,heldout,technicolor,compression,3.0,3781.525,False,False,,1126.225,False,,1126.225,False,,667.486
a-star-is-born-034-downscale,test,a-star-is-born,heldout,technicolor,downscale,3.0,3781.525,False,False,,35.725,False,,35.725,False,,1511.691
a-star-is-born-034-crop,test,a-star-is-born,heldout,technicolor,crop,3.0,3781.525,False,False,,576.725,False,,576.725,False,,75.828
a-star-is-born-034-letterbox,test,a-star-is-born,heldout,technicolor,letterbox,3.0,3781.525,False,False,,135.725,False,,135.725,False,,146.666
a-star-is-born-034-mirror,test,a-star-is-born,heldout,technicolor,mirror,3.0,3781.525,False,False,,2085.775,False,,2085.775,False,,534.488
a-star-is-born-034-color,test,a-star-is-born,heldout,technicolor,color,3.0,3781.525,False,False,,1126.225,False,,1126.225,False,,1541.325
a-star-is-born-034-overlay,test,a-star-is-born,heldout,technicolor,overlay,3.0,3781.525,False,False,,1127.725,False,,1127.725,False,,1467.013
a-star-is-born-034-speed,test,a-star-is-born,heldout,technicolor,speed,3.0,3781.525,False,False,,1511.775,False,,1511.775,False,,1511.691
a-star-is-born-034-screen_recording,test,a-star-is-born,heldout,technicolor,screen_recording,3.0,3781.525,False,False,,3019.775,False,,3019.775,False,,667.486
a-star-is-born-035-original,test,a-star-is-born,heldout,technicolor,original,10.0,3861.851,False,False,,439.601,False,,439.601,False,,263.169
a-star-is-born-035-compression,test,a-star-is-born,heldout,technicolor,compression,10.0,3861.851,False,False,,234.399,False,,234.399,False,,31.825
a-star-is-born-035-downscale,test,a-star-is-born,heldout,technicolor,downscale,10.0,3861.851,False,False,,1369.101,False,,1369.101,False,,1368.66
a-star-is-born-035-crop,test,a-star-is-born,heldout,technicolor,crop,10.0,3861.851,False,False,,1230.399,False,,1230.399,False,,263.503
a-star-is-born-035-letterbox,test,a-star-is-born,heldout,technicolor,letterbox,10.0,3861.851,False,False,,59.899,False,,59.899,False,,1368.994
a-star-is-born-035-mirror,test,a-star-is-born,heldout,technicolor,mirror,10.0,3861.851,False,False,,439.601,False,,439.601,False,,1368.994
a-star-is-born-035-color,test,a-star-is-born,heldout,technicolor,color,10.0,3861.851,False,False,,1264.399,False,,1264.399,False,,263.503
a-star-is-born-035-overlay,test,a-star-is-born,heldout,technicolor,overlay,10.0,3861.851,False,False,,1593.601,False,,1593.601,False,,1593.018
a-star-is-born-035-speed,test,a-star-is-born,heldout,technicolor,speed,10.0,3861.851,False,False,,964.899,False,,964.899,False,,263.503
a-star-is-born-035-screen_recording,test,a-star-is-born,heldout,technicolor,screen_recording,10.0,3861.851,False,False,,148.601,False,,148.601,False,,187.982
a-star-is-born-036-original,val,a-star-is-born,heldout,technicolor,original,5.0,3945.208,False,False,,1285.958,False,,1285.958,False,,1286.519
a-star-is-born-036-compression,val,a-star-is-born,heldout,technicolor,compression,5.0,3945.208,False,False,,1278.542,False,,1278.542,False,,1235.534
a-star-is-born-036-downscale,val,a-star-is-born,heldout,technicolor,downscale,5.0,3945.208,False,False,,1283.958,False,,1283.958,False,,1284.183
a-star-is-born-036-crop,val,a-star-is-born,heldout,technicolor,crop,5.0,3945.208,False,False,,3543.958,False,,3543.958,False,,3544.041
a-star-is-born-036-letterbox,val,a-star-is-born,heldout,technicolor,letterbox,5.0,3945.208,False,False,,1234.458,False,,1234.458,False,,1236.702
a-star-is-born-036-mirror,val,a-star-is-born,heldout,technicolor,mirror,5.0,3945.208,False,False,,1286.958,False,,1286.958,False,,1575.207
a-star-is-born-036-color,val,a-star-is-born,heldout,technicolor,color,5.0,3945.208,False,False,,1286.958,False,,1286.958,False,,1288.02
a-star-is-born-036-overlay,val,a-star-is-born,heldout,technicolor,overlay,5.0,3945.208,False,False,,1574.958,False,,1574.958,False,,1576.542
a-star-is-born-036-speed,val,a-star-is-born,heldout,technicolor,speed,5.0,3945.208,False,False,,1284.458,False,,1284.458,False,,1286.519
a-star-is-born-036-screen_recording,val,a-star-is-born,heldout,technicolor,screen_recording,5.0,3945.208,False,False,,1237.458,False,,1237.458,False,,1236.368
a-star-is-born-037-original,val,a-star-is-born,heldout,technicolor,original,3.0,4063.79,False,False,,31.46,False,,31.46,False,,31.401
a-star-is-born-037-compression,val,a-star-is-born,heldout,technicolor,compression,3.0,4063.79,False,False,,3369.04,False,,3369.04,False,,1402.07
a-star-is-born-037-downscale,val,a-star-is-born,heldout,technicolor,downscale,3.0,4063.79,False,False,,3312.04,False,,3312.04,False,,32.069
a-star-is-born-037-crop,val,a-star-is-born,heldout,technicolor,crop,3.0,4063.79,False,False,,1291.96,False,,1291.96,False,,1128.291
a-star-is-born-037-letterbox,val,a-star-is-born,heldout,technicolor,letterbox,3.0,4063.79,False,False,,1698.04,False,,1698.04,False,,1698.427
a-star-is-born-037-mirror,val,a-star-is-born,heldout,technicolor,mirror,3.0,4063.79,False,False,,31.46,False,,31.46,False,,31.401
a-star-is-born-037-color,val,a-star-is-born,heldout,technicolor,color,3.0,4063.79,False,False,,30.96,False,,30.96,False,,31.735
a-star-is-born-037-overlay,val,a-star-is-born,heldout,technicolor,overlay,3.0,4063.79,False,False,,1402.96,False,,1402.96,False,,1402.404
a-star-is-born-037-speed,val,a-star-is-born,heldout,technicolor,speed,3.0,4063.79,False,False,,30.96,False,,30.96,False,,31.068
a-star-is-born-037-screen_recording,val,a-star-is-born,heldout,technicolor,screen_recording,3.0,4063.79,False,False,,337.54,False,,337.54,False,,337.768
a-star-is-born-038-original,test,a-star-is-born,heldout,technicolor,original,10.0,4098.709,False,False,,1317.459,False,,1317.459,False,,361.709
a-star-is-born-038-compression,test,a-star-is-born,heldout,technicolor,compression,10.0,4098.709,False,False,,1316.959,False,,1316.959,False,,534.382
a-star-is-born-038-downscale,test,a-star-is-born,heldout,technicolor,downscale,10.0,4098.709,False,False,,118.459,False,,118.459,False,,118.7
a-star-is-born-038-crop,test,a-star-is-born,heldout,technicolor,crop,10.0,4098.709,False,False,,2179.459,False,,2179.459,False,,2180.026
a-star-is-born-038-letterbox,test,a-star-is-born,heldout,technicolor,letterbox,10.0,4098.709,False,False,,2562.459,False,,2562.459,False,,2562.875
a-star-is-born-038-mirror,test,a-star-is-born,heldout,technicolor,mirror,10.0,4098.709,False,False,,2336.459,False,,2336.459,False,,361.375
a-star-is-born-038-color,test,a-star-is-born,heldout,technicolor,color,10.0,4098.709,False,False,,102.541,False,,102.541,False,,361.876
a-star-is-born-038-overlay,test,a-star-is-born,heldout,technicolor,overlay,10.0,4098.709,False,False,,2398.459,False,,2398.459,False,,2398.877
a-star-is-born-038-speed,test,a-star-is-born,heldout,technicolor,speed,10.0,4098.709,False,False,,1226.959,False,,1226.959,False,,1227.207
a-star-is-born-038-screen_recording,test,a-star-is-born,heldout,technicolor,screen_recording,10.0,4098.709,False,False,,267.959,False,,267.959,False,,452.033
a-star-is-born-039-original,val,a-star-is-born,heldout,technicolor,original,10.0,4243.816,False,False,,101.934,False,,101.934,False,,102.025
a-star-is-born-039-compression,val,a-star-is-born,heldout,technicolor,compression,10.0,4243.816,False,False,,205.566,False,,205.566,False,,205.815
a-star-is-born-039-downscale,val,a-star-is-born,heldout,technicolor,downscale,10.0,4243.816,False,False,,4237.566,False,,4237.566,False,,4236.976
a-star-is-born-039-crop,val,a-star-is-born,heldout,technicolor,crop,10.0,4243.816,False,False,,2564.566,False,,2564.566,False,,2564.138
a-star-is-born-039-letterbox,val,a-star-is-born,heldout,technicolor,letterbox,10.0,4243.816,False,False,,209.066,False,,209.066,False,,208.818
a-star-is-born-039-mirror,val,a-star-is-born,heldout,technicolor,mirror,10.0,4243.816,False,False,,2592.566,False,,2592.566,False,,2591.799
a-star-is-born-039-color,val,a-star-is-born,heldout,technicolor,color,10.0,4243.816,False,False,,209.066,False,,209.066,False,,209.152
a-star-is-born-039-overlay,val,a-star-is-born,heldout,technicolor,overlay,10.0,4243.816,False,False,,190.566,False,,190.566,False,,188.798
a-star-is-born-039-speed,val,a-star-is-born,heldout,technicolor,speed,10.0,4243.816,False,False,,102.934,False,,102.934,False,,4236.142
a-star-is-born-039-screen_recording,val,a-star-is-born,heldout,technicolor,screen_recording,10.0,4243.816,False,False,,4188.566,False,,4188.566,False,,4185.625
a-star-is-born-040-original,test,a-star-is-born,heldout,technicolor,original,5.0,4274.473,False,False,,3109.723,False,,3109.723,False,,2519.119
a-star-is-born-040-compression,test,a-star-is-born,heldout,technicolor,compression,5.0,4274.473,False,False,,3109.723,False,,3109.723,False,,3109.609
a-star-is-born-040-downscale,test,a-star-is-born,heldout,technicolor,downscale,5.0,4274.473,False,False,,3109.723,False,,3109.723,False,,3109.609
a-star-is-born-040-crop,test,a-star-is-born,heldout,technicolor,crop,5.0,4274.473,False,False,,438.723,False,,438.723,False,,2112.947
a-star-is-born-040-letterbox,test,a-star-is-born,heldout,technicolor,letterbox,5.0,4274.473,False,False,,3109.723,False,,3109.723,False,,3109.609
a-star-is-born-040-mirror,test,a-star-is-born,heldout,technicolor,mirror,5.0,4274.473,False,False,,2186.723,False,,2186.723,False,,2186.621
a-star-is-born-040-color,test,a-star-is-born,heldout,technicolor,color,5.0,4274.473,False,False,,3108.723,False,,3108.723,False,,2519.453
a-star-is-born-040-overlay,test,a-star-is-born,heldout,technicolor,overlay,5.0,4274.473,False,False,,2187.223,False,,2187.223,False,,2187.121
a-star-is-born-040-speed,test,a-star-is-born,heldout,technicolor,speed,5.0,4274.473,False,False,,460.223,False,,460.223,False,,2518.786
a-star-is-born-040-screen_recording,test,a-star-is-born,heldout,technicolor,screen_recording,5.0,4274.473,False,False,,3109.723,False,,3109.723,False,,2112.613
a-star-is-born-041-original,test,a-star-is-born,heldout,technicolor,original,10.0,4399.476,False,False,,599.226,False,,599.226,False,,599.313
a-star-is-born-041-compression,test,a-star-is-born,heldout,technicolor,compression,10.0,4399.476,False,False,,596.726,False,,596.726,False,,596.977
a-star-is-born-041-downscale,test,a-star-is-born,heldout,technicolor,downscale,10.0,4399.476,False,False,,599.226,False,,599.226,False,,600.314
a-star-is-born-041-crop,test,a-star-is-born,heldout,technicolor,crop,10.0,4399.476,False,True,,600.226,False,,600.226,False,,600.147
a-star-is-born-041-letterbox,test,a-star-is-born,heldout,technicolor,letterbox,10.0,4399.476,False,False,,1487.726,False,,1487.726,False,,463.978
a-star-is-born-041-mirror,test,a-star-is-born,heldout,technicolor,mirror,10.0,4399.476,False,False,,599.226,False,,599.226,False,,599.313
a-star-is-born-041-color,test,a-star-is-born,heldout,technicolor,color,10.0,4399.476,False,False,,1486.226,False,,1486.226,False,,1975.621
a-star-is-born-041-overlay,test,a-star-is-born,heldout,technicolor,overlay,10.0,4399.476,False,False,,1487.726,False,,1487.726,False,,1486.299
a-star-is-born-041-speed,test,a-star-is-born,heldout,technicolor,speed,10.0,4399.476,False,False,,597.726,False,,597.726,False,,597.311
a-star-is-born-041-screen_recording,test,a-star-is-born,heldout,technicolor,screen_recording,10.0,4399.476,False,False,,2032.226,False,,2032.226,False,,1486.132
a-star-is-born-042-original,test,a-star-is-born,heldout,technicolor,original,10.0,4453.406,False,False,,428.156,False,,428.156,False,,4026.213
a-star-is-born-042-compression,test,a-star-is-born,heldout,technicolor,compression,10.0,4453.406,False,False,,424.156,False,,424.156,False,,424.047
a-star-is-born-042-downscale,test,a-star-is-born,heldout,technicolor,downscale,10.0,4453.406,False,False,,418.156,False,,418.156,False,,128.938
a-star-is-born-042-crop,test,a-star-is-born,heldout,technicolor,crop,10.0,4453.406,False,False,,801.656,False,,801.656,False,,1311.734
a-star-is-born-042-letterbox,test,a-star-is-born,heldout,technicolor,letterbox,10.0,4453.406,False,False,,418.156,False,,418.156,False,,417.908
a-star-is-born-042-mirror,test,a-star-is-born,heldout,technicolor,mirror,10.0,4453.406,False,False,,135.344,False,,135.344,False,,137.614
a-star-is-born-042-color,test,a-star-is-born,heldout,technicolor,color,10.0,4453.406,False,False,,2445.156,False,,2445.156,False,,134.444
a-star-is-born-042-overlay,test,a-star-is-born,heldout,technicolor,overlay,10.0,4453.406,False,False,,1895.156,False,,1895.156,False,,586.429
a-star-is-born-042-speed,test,a-star-is-born,heldout,technicolor,speed,10.0,4453.406,False,False,,1535.156,False,,1535.156,False,,130.44
a-star-is-born-042-screen_recording,test,a-star-is-born,heldout,technicolor,screen_recording,10.0,4453.406,False,False,,423.156,False,,423.156,False,,585.428
a-star-is-born-043-original,test,a-star-is-born,heldout,technicolor,original,10.0,4582.138,False,False,,545.388,False,,545.388,False,,545.138
a-star-is-born-043-compression,test,a-star-is-born,heldout,technicolor,compression,10.0,4582.138,False,False,,998.888,False,,998.888,False,,999.125
a-star-is-born-043-downscale,test,a-star-is-born,heldout,technicolor,downscale,10.0,4582.138,False,False,,1957.388,False,,1957.388,False,,1956.281
a-star-is-born-043-crop,test,a-star-is-born,heldout,technicolor,crop,10.0,4582.138,False,False,,1004.888,False,,1004.888,False,,1000.293
a-star-is-born-043-letterbox,test,a-star-is-born,heldout,technicolor,letterbox,10.0,4582.138,False,False,,1952.888,False,,1952.888,False,,1952.611
a-star-is-born-043-mirror,test,a-star-is-born,heldout,technicolor,mirror,10.0,4582.138,False,False,,1957.388,False,,1957.388,False,,1957.616
a-star-is-born-043-color,test,a-star-is-born,heldout,technicolor,color,10.0,4582.138,False,False,,1003.888,False,,1003.888,False,,1002.462
a-star-is-born-043-overlay,test,a-star-is-born,heldout,technicolor,overlay,10.0,4582.138,False,False,,1002.888,False,,1002.888,False,,1002.295
a-star-is-born-043-speed,test,a-star-is-born,heldout,technicolor,speed,10.0,4582.138,False,False,,545.388,False,,545.388,False,,545.472
a-star-is-born-043-screen_recording,test,a-star-is-born,heldout,technicolor,screen_recording,10.0,4582.138,False,False,,1955.388,False,,1955.388,False,,1955.447
a-star-is-born-044-original,val,a-star-is-born,heldout,technicolor,original,10.0,4683.892,False,False,,413.358,False,,413.358,False,,4288.864
a-star-is-born-044-compression,val,a-star-is-born,heldout,technicolor,compression,10.0,4683.892,False,False,,411.858,False,,411.858,False,,412.966
a-star-is-born-044-downscale,val,a-star-is-born,heldout,technicolor,downscale,10.0,4683.892,False,False,,416.858,False,,416.858,False,,416.637
a-star-is-born-044-crop,val,a-star-is-born,heldout,technicolor,crop,10.0,4683.892,False,False,,413.358,False,,413.358,False,,413.3
a-star-is-born-044-letterbox,val,a-star-is-born,heldout,technicolor,letterbox,10.0,4683.892,False,False,,2107.642,False,,2107.642,False,,2105.55
a-star-is-born-044-mirror,val,a-star-is-born,heldout,technicolor,mirror,10.0,4683.892,False,False,,416.358,False,,416.358,False,,417.137
a-star-is-born-044-color,val,a-star-is-born,heldout,technicolor,color,10.0,4683.892,False,False,,416.858,False,,416.858,False,,4289.198
a-star-is-born-044-overlay,val,a-star-is-born,heldout,technicolor,overlay,10.0,4683.892,False,False,,415.358,False,,415.358,False,,415.302
a-star-is-born-044-speed,val,a-star-is-born,heldout,technicolor,speed,10.0,4683.892,False,False,,417.358,False,,417.358,False,,4289.064
a-star-is-born-044-screen_recording,val,a-star-is-born,heldout,technicolor,screen_recording,10.0,4683.892,False,False,,413.858,False,,413.858,False,,413.801
a-star-is-born-045-original,test,a-star-is-born,heldout,technicolor,original,10.0,4725.706,False,False,,2928.956,False,,2928.956,False,,2928.711
a-star-is-born-045-compression,test,a-star-is-born,heldout,technicolor,compression,10.0,4725.706,False,False,,2278.456,False,,2278.456,False,,914.031
a-star-is-born-045-downscale,test,a-star-is-born,heldout,technicolor,downscale,10.0,4725.706,False,False,,914.456,False,,914.456,False,,914.365
a-star-is-born-045-crop,test,a-star-is-born,heldout,technicolor,crop,10.0,4725.706,False,False,,3365.456,False,,3365.456,False,,892.21
a-star-is-born-045-letterbox,test,a-star-is-born,heldout,technicolor,letterbox,10.0,4725.706,False,False,,892.456,False,,892.456,False,,892.677
a-star-is-born-045-mirror,test,a-star-is-born,heldout,technicolor,mirror,10.0,4725.706,False,False,,3413.956,False,,3413.956,False,,916.033
a-star-is-born-045-color,test,a-star-is-born,heldout,technicolor,color,10.0,4725.706,False,False,,681.544,False,,681.544,False,,916.701
a-star-is-born-045-overlay,test,a-star-is-born,heldout,technicolor,overlay,10.0,4725.706,False,False,,3442.956,False,,3442.956,False,,3443.025
a-star-is-born-045-speed,test,a-star-is-born,heldout,technicolor,speed,10.0,4725.706,False,False,,2926.956,False,,2926.956,False,,2927.042
a-star-is-born-045-screen_recording,test,a-star-is-born,heldout,technicolor,screen_recording,10.0,4725.706,False,False,,681.544,False,,681.544,False,,1059.51
a-star-is-born-046-original,test,a-star-is-born,heldout,technicolor,original,10.0,4867.107,False,False,,396.643,False,,396.643,False,,396.418
a-star-is-born-046-compression,test,a-star-is-born,heldout,technicolor,compression,10.0,4867.107,False,False,,396.643,False,,396.643,False,,396.418
a-star-is-born-046-downscale,test,a-star-is-born,heldout,technicolor,downscale,10.0,4867.107,False,False,,396.643,False,,396.643,False,,396.084
a-star-is-born-046-crop,test,a-star-is-born,heldout,technicolor,crop,10.0,4867.107,False,False,,396.643,False,,396.643,False,,396.751
a-star-is-born-046-letterbox,test,a-star-is-born,heldout,technicolor,letterbox,10.0,4867.107,False,False,,395.643,False,,395.643,False,,1554.264
a-star-is-born-046-mirror,test,a-star-is-born,heldout,technicolor,mirror,10.0,4867.107,False,False,,396.643,False,,396.643,False,,396.418
a-star-is-born-046-color,test,a-star-is-born,heldout,technicolor,color,10.0,4867.107,False,False,,399.643,False,,399.643,False,,397.886
a-star-is-born-046-overlay,test,a-star-is-born,heldout,technicolor,overlay,10.0,4867.107,False,False,,395.643,False,,395.643,False,,511.233
a-star-is-born-046-speed,test,a-star-is-born,heldout,technicolor,speed,10.0,4867.107,False,False,,398.143,False,,398.143,False,,397.419
a-star-is-born-046-screen_recording,test,a-star-is-born,heldout,technicolor,screen_recording,10.0,4867.107,False,False,,396.643,False,,396.643,False,,396.084
a-star-is-born-047-original,test,a-star-is-born,heldout,technicolor,original,5.0,4960.211,False,False,,309.039,False,,309.039,False,,309.453
a-star-is-born-047-compression,test,a-star-is-born,heldout,technicolor,compression,5.0,4960.211,False,False,,307.539,False,,307.539,False,,308.152
a-star-is-born-047-downscale,test,a-star-is-born,heldout,technicolor,downscale,5.0,4960.211,False,False,,306.039,False,,306.039,False,,306.984
a-star-is-born-047-crop,test,a-star-is-born,heldout,technicolor,crop,5.0,4960.211,False,False,,309.539,False,,309.539,False,,307.451
a-star-is-born-047-letterbox,test,a-star-is-born,heldout,technicolor,letterbox,5.0,4960.211,False,False,,1364.461,False,,1364.461,False,,1364.185
a-star-is-born-047-mirror,test,a-star-is-born,heldout,technicolor,mirror,5.0,4960.211,False,False,,425.039,False,,425.039,False,,424.802
a-star-is-born-047-color,test,a-star-is-born,heldout,technicolor,color,5.0,4960.211,False,False,,309.039,False,,309.039,False,,309.286
a-star-is-born-047-overlay,test,a-star-is-born,heldout,technicolor,overlay,5.0,4960.211,False,False,,306.539,False,,306.539,False,,423.968
a-star-is-born-047-speed,test,a-star-is-born,heldout,technicolor,speed,5.0,4960.211,False,False,,307.039,False,,307.039,False,,306.817
a-star-is-born-047-screen_recording,test,a-star-is-born,heldout,technicolor,screen_recording,5.0,4960.211,False,False,,423.539,False,,423.539,False,,423.634
a-star-is-born-048-original,test,a-star-is-born,heldout,technicolor,original,3.0,5048.951,False,True,,0.299,False,,0.299,False,,0.393
a-star-is-born-048-compression,test,a-star-is-born,heldout,technicolor,compression,3.0,5048.951,False,False,,200.799,False,,200.799,False,,200.226
a-star-is-born-048-downscale,test,a-star-is-born,heldout,technicolor,downscale,3.0,5048.951,False,False,,0.299,False,,0.299,False,,0.608
a-star-is-born-048-crop,test,a-star-is-born,heldout,technicolor,crop,3.0,5048.951,False,True,,185.799,False,,185.799,False,,185.912
a-star-is-born-048-letterbox,test,a-star-is-born,heldout,technicolor,letterbox,3.0,5048.951,False,False,,4251.701,False,,4251.701,True,,4252.088
a-star-is-born-048-mirror,test,a-star-is-born,heldout,technicolor,mirror,3.0,5048.951,False,True,,0.701,False,,0.701,False,,0.274
a-star-is-born-048-color,test,a-star-is-born,heldout,technicolor,color,3.0,5048.951,False,True,,0.701,False,,0.701,False,,0.274
a-star-is-born-048-overlay,test,a-star-is-born,heldout,technicolor,overlay,3.0,5048.951,False,False,,200.799,False,,200.799,False,,200.893
a-star-is-born-048-speed,test,a-star-is-born,heldout,technicolor,speed,3.0,5048.951,False,True,,0.299,False,,0.299,False,,2504.609
a-star-is-born-048-screen_recording,test,a-star-is-born,heldout,technicolor,screen_recording,3.0,5048.951,False,False,,199.799,False,,199.799,False,,200.226
a-star-is-born-049-original,val,a-star-is-born,heldout,technicolor,original,3.0,5143.755,False,False,,4686.005,False,,4686.005,False,,1949.23
a-star-is-born-049-compression,val,a-star-is-born,heldout,technicolor,compression,3.0,5143.755,False,False,,928.005,False,,928.005,False,,928.244
a-star-is-born-049-downscale,val,a-star-is-born,heldout,technicolor,downscale,3.0,5143.755,False,False,,4686.005,False,,4686.005,False,,4686.565
a-star-is-born-049-crop,val,a-star-is-born,heldout,technicolor,crop,3.0,5143.755,False,False,,1234.505,False,,1234.505,False,,1949.23
a-star-is-born-049-letterbox,val,a-star-is-born,heldout,technicolor,letterbox,3.0,5143.755,False,False,,1950.005,False,,1950.005,False,,1951.566
a-star-is-born-049-mirror,val,a-star-is-born,heldout,technicolor,mirror,3.0,5143.755,False,False,,4686.005,False,,4686.005,False,,1951.399
a-star-is-born-049-color,val,a-star-is-born,heldout,technicolor,color,3.0,5143.755,False,False,,749.505,False,,749.505,False,,886.068
a-star-is-born-049-overlay,val,a-star-is-born,heldout,technicolor,overlay,3.0,5143.755,False,False,,894.505,False,,894.505,False,,2620.735
a-star-is-born-049-speed,val,a-star-is-born,heldout,technicolor,speed,3.0,5143.755,False,False,,4685.505,False,,4685.505,False,,1949.23
a-star-is-born-049-screen_recording,val,a-star-is-born,heldout,technicolor,screen_recording,3.0,5143.755,False,False,,927.505,False,,927.505,False,,886.068
a-star-is-born-050-original,val,a-star-is-born,heldout,technicolor,original,5.0,5250.635,False,False,,3299.885,False,,3299.885,False,,3299.619
a-star-is-born-050-compression,val,a-star-is-born,heldout,technicolor,compression,5.0,5250.635,False,False,,3299.385,False,,3299.385,False,,3299.286
a-star-is-born-050-downscale,val,a-star-is-born,heldout,technicolor,downscale,5.0,5250.635,False,False,,3291.885,False,,3291.885,False,,3098.118
a-star-is-born-050-crop,val,a-star-is-born,heldout,technicolor,crop,5.0,5250.635,False,False,,1598.385,False,,1598.385,False,,2981.134
a-star-is-born-050-letterbox,val,a-star-is-born,heldout,technicolor,letterbox,5.0,5250.635,False,False,,3282.885,False,,3282.885,False,,3289.609
a-star-is-born-050-mirror,val,a-star-is-born,heldout,technicolor,mirror,5.0,5250.635,False,False,,3299.885,False,,3299.885,False,,3299.953
a-star-is-born-050-color,val,a-star-is-born,heldout,technicolor,color,5.0,5250.635,False,False,,3058.885,False,,3058.885,False,,3058.779
a-star-is-born-050-overlay,val,a-star-is-born,heldout,technicolor,overlay,5.0,5250.635,False,False,,3293.385,False,,3293.385,False,,3292.112
a-star-is-born-050-speed,val,a-star-is-born,heldout,technicolor,speed,5.0,5250.635,False,False,,3299.385,False,,3299.385,False,,3299.286
a-star-is-born-050-screen_recording,val,a-star-is-born,heldout,technicolor,screen_recording,5.0,5250.635,False,False,,3282.385,False,,3282.385,False,,3282.135
a-star-is-born-051-original,val,a-star-is-born,heldout,technicolor,original,5.0,5311.463,False,False,,244.213,False,,244.213,False,,244.267
a-star-is-born-051-compression,val,a-star-is-born,heldout,technicolor,compression,5.0,5311.463,False,False,,448.713,False,,448.713,False,,449.94
a-star-is-born-051-downscale,val,a-star-is-born,heldout,technicolor,downscale,5.0,5311.463,False,False,,244.713,False,,244.713,False,,1327.283
a-star-is-born-051-crop,val,a-star-is-born,heldout,technicolor,crop,5.0,5311.463,False,False,,2841.713,False,,2841.713,False,,4439.125
a-star-is-born-051-letterbox,val,a-star-is-born,heldout,technicolor,letterbox,5.0,5311.463,False,False,,4354.213,False,,4354.213,False,,1328.117
a-star-is-born-051-mirror,val,a-star-is-born,heldout,technicolor,mirror,5.0,5311.463,False,False,,244.713,False,,244.713,False,,244.267
a-star-is-born-051-color,val,a-star-is-born,heldout,technicolor,color,5.0,5311.463,False,False,,448.213,False,,448.213,False,,449.272
a-star-is-born-051-overlay,val,a-star-is-born,heldout,technicolor,overlay,5.0,5311.463,False,False,,448.713,False,,448.713,False,,449.606
a-star-is-born-051-speed,val,a-star-is-born,heldout,technicolor,speed,5.0,5311.463,False,False,,244.713,False,,244.713,False,,244.267
a-star-is-born-051-screen_recording,val,a-star-is-born,heldout,technicolor,screen_recording,5.0,5311.463,False,False,,4537.213,False,,4537.213,False,,449.94
a-star-is-born-052-original,val,a-star-is-born,heldout,technicolor,original,5.0,5384.796,False,False,,3890.046,False,,3890.046,False,,3889.269
a-star-is-born-052-compression,val,a-star-is-born,heldout,technicolor,compression,5.0,5384.796,False,False,,3889.046,False,,3889.046,False,,3889.269
a-star-is-born-052-downscale,val,a-star-is-born,heldout,technicolor,downscale,5.0,5384.796,False,False,,3889.546,False,,3889.546,False,,3889.936
a-star-is-born-052-crop,val,a-star-is-born,heldout,technicolor,crop,5.0,5384.796,False,False,,4506.546,False,,4506.546,False,,4506.452
a-star-is-born-052-letterbox,val,a-star-is-born,heldout,technicolor,letterbox,5.0,5384.796,False,False,,3921.546,False,,3921.546,False,,3921.601
a-star-is-born-052-mirror,val,a-star-is-born,heldout,technicolor,mirror,5.0,5384.796,False,False,,3889.046,False,,3889.046,False,,3889.269
a-star-is-born-052-color,val,a-star-is-born,heldout,technicolor,color,5.0,5384.796,False,False,,3946.546,False,,3946.546,False,,1617.299
a-star-is-born-052-overlay,val,a-star-is-born,heldout,technicolor,overlay,5.0,5384.796,False,False,,3889.546,False,,3889.546,False,,3889.435
a-star-is-born-052-speed,val,a-star-is-born,heldout,technicolor,speed,5.0,5384.796,False,False,,3889.046,False,,3889.046,False,,3888.935
a-star-is-born-052-screen_recording,val,a-star-is-born,heldout,technicolor,screen_recording,5.0,5384.796,False,False,,3889.546,False,,3889.546,False,,3889.769
a-star-is-born-053-original,val,a-star-is-born,heldout,technicolor,original,10.0,5498.012,False,False,,3115.262,False,,3115.262,False,,3115.498
a-star-is-born-053-compression,val,a-star-is-born,heldout,technicolor,compression,10.0,5498.012,False,False,,3114.262,False,,3114.262,False,,3114.164
a-star-is-born-053-downscale,val,a-star-is-born,heldout,technicolor,downscale,10.0,5498.012,False,False,,3114.262,False,,3114.262,False,,3114.498
a-star-is-born-053-crop,val,a-star-is-born,heldout,technicolor,crop,10.0,5498.012,False,False,,3130.762,False,,3130.762,False,,3131.181
a-star-is-born-053-letterbox,val,a-star-is-born,heldout,technicolor,letterbox,10.0,5498.012,False,False,,3112.262,False,,3112.262,False,,3112.162
a-star-is-born-053-mirror,val,a-star-is-born,heldout,technicolor,mirror,10.0,5498.012,False,False,,3113.262,False,,3113.262,False,,3113.497
a-star-is-born-053-color,val,a-star-is-born,heldout,technicolor,color,10.0,5498.012,False,False,,3113.262,False,,3113.262,False,,3112.829
a-star-is-born-053-overlay,val,a-star-is-born,heldout,technicolor,overlay,10.0,5498.012,False,False,,3115.262,False,,3115.262,False,,3115.498
a-star-is-born-053-speed,val,a-star-is-born,heldout,technicolor,speed,10.0,5498.012,False,False,,3117.262,False,,3117.262,False,,3116.833
a-star-is-born-053-screen_recording,val,a-star-is-born,heldout,technicolor,screen_recording,10.0,5498.012,False,False,,3112.262,False,,3112.262,False,,3112.495
a-star-is-born-054-original,val,a-star-is-born,heldout,technicolor,original,10.0,5596.75,False,False,,3186.0,False,,3186.0,False,,3228.417
a-star-is-born-054-compression,val,a-star-is-born,heldout,technicolor,compression,10.0,5596.75,False,False,,5122.5,False,,5122.5,False,,1416.908
a-star-is-born-054-downscale,val,a-star-is-born,heldout,technicolor,downscale,10.0,5596.75,False,False,,1419.0,False,,1419.0,False,,1418.91
a-star-is-born-054-crop,val,a-star-is-born,heldout,technicolor,crop,10.0,5596.75,False,False,,3794.0,False,,3794.0,False,,3790.579
a-star-is-born-054-letterbox,val,a-star-is-born,heldout,technicolor,letterbox,10.0,5596.75,False,False,,1419.0,False,,1419.0,False,,1418.576
a-star-is-born-054-mirror,val,a-star-is-born,heldout,technicolor,mirror,10.0,5596.75,False,False,,3186.0,False,,3186.0,False,,2941.564
a-star-is-born-054-color,val,a-star-is-born,heldout,technicolor,color,10.0,5596.75,False,False,,1418.0,False,,1418.0,False,,1418.409
a-star-is-born-054-overlay,val,a-star-is-born,heldout,technicolor,overlay,10.0,5596.75,False,False,,1418.5,False,,1418.5,False,,1418.409
a-star-is-born-054-speed,val,a-star-is-born,heldout,technicolor,speed,10.0,5596.75,False,False,,1416.5,False,,1416.5,False,,2940.897
a-star-is-born-054-screen_recording,val,a-star-is-born,heldout,technicolor,screen_recording,10.0,5596.75,False,False,,5122.5,False,,5122.5,False,,5122.076
a-star-is-born-055-original,test,a-star-is-born,heldout,technicolor,original,10.0,5694.925,False,False,,751.675,False,,751.675,False,,751.587
a-star-is-born-055-compression,test,a-star-is-born,heldout,technicolor,compression,10.0,5694.925,False,False,,3331.675,False,,3331.675,False,,3328.428
a-star-is-born-055-downscale,test,a-star-is-born,heldout,technicolor,downscale,10.0,5694.925,False,False,,751.675,False,,751.675,False,,751.753
a-star-is-born-055-crop,test,a-star-is-born,heldout,technicolor,crop,10.0,5694.925,False,False,,313.175,False,,313.175,False,,311.914
a-star-is-born-055-letterbox,test,a-star-is-born,heldout,technicolor,letterbox,10.0,5694.925,False,False,,751.675,False,,751.675,False,,751.92
a-star-is-born-055-mirror,test,a-star-is-born,heldout,technicolor,mirror,10.0,5694.925,False,False,,3176.675,False,,3176.675,False,,3176.576
a-star-is-born-055-color,test,a-star-is-born,heldout,technicolor,color,10.0,5694.925,False,False,,3331.675,False,,3331.675,False,,3330.897
a-star-is-born-055-overlay,test,a-star-is-born,heldout,technicolor,overlay,10.0,5694.925,False,False,,3130.175,False,,3130.175,False,,3132.899
a-star-is-born-055-speed,test,a-star-is-born,heldout,technicolor,speed,10.0,5694.925,False,False,,750.675,False,,750.675,False,,750.585
a-star-is-born-055-screen_recording,test,a-star-is-born,heldout,technicolor,screen_recording,10.0,5694.925,False,False,,3329.675,False,,3329.675,False,,836.405
a-star-is-born-056-original,val,a-star-is-born,heldout,technicolor,original,5.0,5764.51,False,False,,3659.76,False,,3659.76,False,,3659.841
a-star-is-born-056-compression,val,a-star-is-born,heldout,technicolor,compression,5.0,5764.51,False,False,,3308.76,False,,3308.76,False,,3113.995
a-star-is-born-056-downscale,val,a-star-is-born,heldout,technicolor,downscale,5.0,5764.51,False,False,,4321.26,False,,4321.26,False,,332.15
a-star-is-born-056-crop,val,a-star-is-born,heldout,technicolor,crop,5.0,5764.51,False,False,,333.76,False,,333.76,False,,2228.648
a-star-is-born-056-letterbox,val,a-star-is-born,heldout,technicolor,letterbox,5.0,5764.51,False,False,,332.26,False,,332.26,False,,4916.163
a-star-is-born-056-mirror,val,a-star-is-born,heldout,technicolor,mirror,5.0,5764.51,False,False,,4906.26,False,,4906.26,False,,4908.989
a-star-is-born-056-color,val,a-star-is-born,heldout,technicolor,color,5.0,5764.51,False,False,,332.26,False,,332.26,False,,3964.345
a-star-is-born-056-overlay,val,a-star-is-born,heldout,technicolor,overlay,5.0,5764.51,False,False,,2228.76,False,,2228.76,False,,2227.813
a-star-is-born-056-speed,val,a-star-is-born,heldout,technicolor,speed,5.0,5764.51,False,False,,3659.26,False,,3659.26,False,,4839.319
a-star-is-born-056-screen_recording,val,a-star-is-born,heldout,technicolor,screen_recording,5.0,5764.51,False,False,,3113.76,False,,3113.76,False,,3114.329
a-star-is-born-057-original,test,a-star-is-born,heldout,technicolor,original,3.0,5899.985,False,True,,856.735,False,,856.735,False,,3839.96
a-star-is-born-057-compression,test,a-star-is-born,heldout,technicolor,compression,3.0,5899.985,False,False,,857.235,False,,857.235,False,,857.481
a-star-is-born-057-downscale,test,a-star-is-born,heldout,technicolor,downscale,3.0,5899.985,False,False,,3839.735,False,,3839.735,False,,3840.294
a-star-is-born-057-crop,test,a-star-is-born,heldout,technicolor,crop,3.0,5899.985,False,False,,768.235,False,,768.235,False,,768.459
a-star-is-born-057-letterbox,test,a-star-is-born,heldout,technicolor,letterbox,3.0,5899.985,False,False,,770.235,False,,770.235,False,,770.127
a-star-is-born-057-mirror,test,a-star-is-born,heldout,technicolor,mirror,3.0,5899.985,False,False,,768.235,False,,768.235,False,,768.792
a-star-is-born-057-color,test,a-star-is-born,heldout,technicolor,color,3.0,5899.985,False,True,,768.235,False,,768.235,False,,768.792
a-star-is-born-057-overlay,test,a-star-is-born,heldout,technicolor,overlay,3.0,5899.985,False,False,,857.735,False,,857.735,False,,857.814
a-star-is-born-057-speed,test,a-star-is-born,heldout,technicolor,speed,3.0,5899.985,False,False,,857.235,False,,857.235,False,,3840.127
a-star-is-born-057-screen_recording,test,a-star-is-born,heldout,technicolor,screen_recording,3.0,5899.985,False,False,,769.735,False,,769.735,False,,770.127
a-star-is-born-058-original,val,a-star-is-born,heldout,technicolor,original,5.0,6016.02,False,False,,5577.27,False,,5577.27,False,,5577.849
a-star-is-born-058-compression,val,a-star-is-born,heldout,technicolor,compression,5.0,6016.02,False,False,,3642.77,False,,3642.77,False,,3642.182
a-star-is-born-058-downscale,val,a-star-is-born,heldout,technicolor,downscale,5.0,6016.02,False,False,,3642.27,False,,3642.27,False,,3642.515
a-star-is-born-058-crop,val,a-star-is-born,heldout,technicolor,crop,5.0,6016.02,False,False,,2553.77,False,,2553.77,False,,2553.828
a-star-is-born-058-letterbox,val,a-star-is-born,heldout,technicolor,letterbox,5.0,6016.02,False,False,,2421.27,False,,2421.27,False,,3642.182
a-star-is-born-058-mirror,val,a-star-is-born,heldout,technicolor,mirror,5.0,6016.02,False,False,,5577.77,False,,5577.77,False,,5577.849
a-star-is-born-058-color,val,a-star-is-born,heldout,technicolor,color,5.0,6016.02,False,False,,3642.77,False,,3642.77,False,,3642.515
a-star-is-born-058-overlay,val,a-star-is-born,heldout,technicolor,overlay,5.0,6016.02,False,False,,905.27,False,,905.27,False,,4285.658
a-star-is-born-058-speed,val,a-star-is-born,heldout,technicolor,speed,5.0,6016.02,False,False,,3642.27,False,,3642.27,False,,3642.182
a-star-is-born-058-screen_recording,val,a-star-is-born,heldout,technicolor,screen_recording,5.0,6016.02,False,False,,894.77,False,,894.77,False,,915.491
a-star-is-born-059-original,val,a-star-is-born,heldout,technicolor,original,3.0,6066.763,False,False,,2287.513,False,,2287.513,False,,4241.573
a-star-is-born-059-compression,val,a-star-is-born,heldout,technicolor,compression,3.0,6066.763,False,False,,3638.013,False,,3638.013,False,,3638.737
a-star-is-born-059-downscale,val,a-star-is-born,heldout,technicolor,downscale,3.0,6066.763,False,False,,4241.513,False,,4241.513,False,,4241.573
a-star-is-born-059-crop,val,a-star-is-born,heldout,technicolor,crop,3.0,6066.763,False,False,,5956.013,False,,5956.013,False,,2335.402
a-star-is-born-059-letterbox,val,a-star-is-born,heldout,technicolor,letterbox,3.0,6066.763,False,False,,4534.013,False,,4534.013,False,,2482.916
a-star-is-born-059-mirror,val,a-star-is-born,heldout,technicolor,mirror,3.0,6066.763,False,False,,2287.513,False,,2287.513,False,,3618.25
a-star-is-born-059-color,val,a-star-is-born,heldout,technicolor,color,3.0,6066.763,False,False,,780.513,False,,780.513,False,,5824.254
a-star-is-born-059-overlay,val,a-star-is-born,heldout,technicolor,overlay,3.0,6066.763,False,False,,2421.513,False,,2421.513,False,,2421.922
a-star-is-born-059-speed,val,a-star-is-born,heldout,technicolor,speed,3.0,6066.763,False,False,,3361.513,False,,3361.513,False,,4241.239
a-star-is-born-059-screen_recording,val,a-star-is-born,heldout,technicolor,screen_recording,3.0,6066.763,False,False,,3618.513,False,,3618.513,False,,3618.417
